CCDC Number,Name,abbreviation,SMILES_e,OB,OBCO,N,Dv/m/s,Dp/GPa,IS/J,FS/N,Isp/s,HOF/kJ/mol,density/g/cm3,Td/oC
,"(E)-1,2-bis(3-(trinitromethyl)-1H-1,2,4-triazol-5-yl)diazene",,O=[N+]([O-])C(c1n[nH]c(/N=N/c2nc(C([N+](=O)[O-])([N+](=O)[O-])[N+](=O)[O-])n[nH]2)n1)([N+](=O)[O-])[N+](=O)[O-],-3.50%,17.30%,42.40%,8964,36.65,1.5,,264,555.1,1.83,133
,"3,3’,5,5’-Tetra((3,4,5-trinitro-1H-pyrazol-1yl)methyl))-4,4’-azo-1,2,4-triazole",,O=[N+]([O-])c1nn(Cc2nnc(Cn3nc([N+](=O)[O-])c([N+](=O)[O-])c3[N+](=O)[O-])n2/N=N/n2c(Cn3nc([N+](=O)[O-])c([N+](=O)[O-])c3[N+](=O)[O-])nnc2Cn2nc([N+](=O)[O-])c([N+](=O)[O-])c2[N+](=O)[O-])c([N+](=O)[O-])c1[N+](=O)[O-],-31.20%,0%,38.30%,8637,32.3,10,240,253.4,1359,1.82,151
,"3,3’,5,5’-Tetra((3,4-dinitro-1H-pyrazol-1yl)methyl))-4,4’-azo-1,2,4-triazole",,O=[N+]([O-])c1cn(Cc2nnc(Cn3cc([N+](=O)[O-])c([N+](=O)[O-])n3)n2/N=N/n2c(Cn3cc([N+](=O)[O-])c([N+](=O)[O-])n3)nnc2Cn2cc([N+](=O)[O-])c([N+](=O)[O-])n2)nc1[N+](=O)[O-],-56.80%,-18.90%,39.80%,8068,26.9,15,240,233.5,1381.8,1.739,162
2279141,"(E)-1,1'-(diazene-1,2-diyl)bis(N,3,4-trinitro-1H-pyrazole-5-carboxamide)",,O=C(N[N+](=O)[O-])c1c([N+](=O)[O-])c([N+](=O)[O-])nn1/N=N/n1nc([N+](=O)[O-])c([N+](=O)[O-])c1C(=O)N[N+](=O)[O-],-9.30%,15.40%,37.80%,9405,39.3,3,40,268,670.7,1.93,121
2068608,"3,4,5-trinitro-1H-pyrazol-1-amine",ATNP,Nn1nc([N+](=O)[O-])c([N+](=O)[O-])c1[N+](=O)[O-],-7.30%,14.70%,38.50%,9271,38.5,30,120,285.2,502,1.84,233
2120667,"1,2-Bis(3,4-dinitro-1 H-pyrazol-1-yl)diazene",,O=[N+]([O-])c1cn(N=Nn2cc([N+](=O)[O-])c([N+](=O)[O-])n2)nc1[N+](=O)[O-],-23.40%,4.70%,40.90%,8964,35.1,5,80,271.4,687.7,1.82,223
1569361,"4,4',5,5'-tetranitro-2H,2'H-[3,3'-bipyrazole]-2,2'-diamine",DATNBP-1,Nn1nc([N+](=O)[O-])c([N+](=O)[O-])c1-c1c([N+](=O)[O-])c([N+](=O)[O-])nn1N,-27.90%,0%,40.70%,8504,31,30,360,258.6,457.5,1.76,252
,"N,N'-(4,4',5,5'-tetranitro-2H,2'H-[3,3'-bipyrazole]-2,2'-diyl)dinitramide",,O=[N+]([O-])Nn1nc([N+](=O)[O-])c([N+](=O)[O-])c1-c1c([N+](=O)[O-])c([N+](=O)[O-])nn1N[N+](=O)[O-],-3.70%,18.40%,38.70%,9429,40.5,5,40,274.4,814.2,1.89,103
,"Diammonium N,N’-(3,4-Dinitro-1H-pyrazol-1,5-diyl)- dinitramidate hydrate",,O=[N+]([O-])[N-]c1c([N+](=O)[O-])c([N+](=O)[O-])nn1[N-][N+](=O)[O-].[NH4+].[NH4+],-10.30%,5.10%,44.80%,8759,32.8,10,120,269.3,141.9,1.74,141
,"(E)-1,2-bis(3,4-dinitro-1H-pyrazol-1-yl)diazene",,O=[N+]([O-])c1cn(/N=N/n2cc([N+](=O)[O-])c([N+](=O)[O-])n2)nc1[N+](=O)[O-],-23.40%,4.70%,40.90%,8964,35.1,5,80,271.2,684,1.82,223
2218661,"(E)-1,1'-(diazene-1,2-diyl)bis(3,4-dinitro-1H-pyrazole-5-carboxamide)",,NC(=O)c1c([N+](=O)[O-])c([N+](=O)[O-])nn1/N=N/n1nc([N+](=O)[O-])c([N+](=O)[O-])c1C(N)=O,-29.90%,0%,39.20%,8554,31.5,11,160,250.8,481.1,1.81,175
,"ammonium (4,4',5,5'-tetranitro-2H,2'H-[3,3'-bipyrazole]-2,2'-diyl)bis(nitroamide)",,O=[N+]([O-])[N-]n1nc([N+](=O)[O-])c([N+](=O)[O-])c1-c1c([N+](=O)[O-])c([N+](=O)[O-])nn1[N-][N+](=O)[O-].[NH4+].[NH4+],-13.70%,6.80%,41.90%,9134,37.7,13,128,263.6,274.1,1.8,180
948454,"3,4-Dinitro-1H-pyrazole-1,5-diamine",,Nc1c([N+](=O)[O-])c([N+](=O)[O-])nn1N,-34%,-8.50%,44.70%,8689,32.8,40,360,244.6,173,1.82,254
2106828,"5-(1-amino-3,4-dinitro-1H-pyrazol-5-yl)-3-nitro-1H-1,2,4-triazol-1-amine",,Nn1nc([N+](=O)[O-])nc1-c1c([N+](=O)[O-])c([N+](=O)[O-])nn1N,-32%,-5.30%,46.60%,8565,31,18,120,258.1,574.7,1.782,240
,"5-Azido-3,4-dinitro-1H-pyrazol-1-amine",,[N-]=[N+]=Nc1c([N+](=O)[O-])c([N+](=O)[O-])nn1N,-22.40%,0%,52.30%,9053,35.8,1.5,5,271.1,548.2,1.82,121
,"3,4-Dinitro-N1 -(2,2,2-trinitroethyl)-1H-pyrazole-1,5-diamine",,Nc1c([N+](=O)[O-])c([N+](=O)[O-])nn1NCC([N+](=O)[O-])([N+](=O)[O-])[N+](=O)[O-],-11.40%,11.40%,35.90%,8803,35,8,80,264.8,112,1.83,106
,"1-Amino-3,4-dinitro-1H-pyrazole-5-carbonitrile",,N#Cc1c([N+](=O)[O-])c([N+](=O)[O-])nn1N,-40.40%,-8.10%,42.40%,8379,29.6,40,360,242.8,333.8,1.77,217
,"3,4-Dinitro-N-(2,2,2-trinitroethyl)-1H-pyrazol-1-amine",,O=[N+]([O-])c1cn(NCC([N+](=O)[O-])([N+](=O)[O-])[N+](=O)[O-])nc1[N+](=O)[O-],-9.50%,14.30%,33.30%,8667,33.1,6,80,267.3,142.3,1.78,110
,"3,4-Dinitro-1H-pyrazol-1-amine",,Nn1cc([N+](=O)[O-])c([N+](=O)[O-])n1,-32.40%,-4.60%,40.40%,8309,29.3,40,360,255.7,200.3,1.71,241
948453,"5-Azido-3,4-dinitro-N-(2,2,2-trinitroethyl)-1H-pyrazol-1-amine",,[N-]=[N+]=Nc1c([N+](=O)[O-])c([N+](=O)[O-])nn1NCC([N+](=O)[O-])([N+](=O)[O-])[N+](=O)[O-],-6.40%,14.80%,40.80%,8968,35.6,2.5,20,270.1,491.7,1.82,117
2221280,"Ammonium 5-amino-3-nitro-1-nitramino-1,2,4-triazolate",,Nc1nc([N+](=O)[O-])nn1[N-][N+](=O)[O-].[NH4+],-23.30%,-7.80%,54.30%,8466,30.6,5,240,266.5,312.8,1.686,184
,"3-nitro-5-(4-nitro-2H-1,2,3-triazol-2-yl)-1H-1,2,4-triazol-1-amine",,Nn1nc([N+](=O)[O-])nc1-n1ncc([N+](=O)[O-])n1,-36.50%,-10%,52.30%,8688,31.67,40,360,251.2,576.1,1.82,246
1058144,"N,N’-dinitroamino-functionalized bi(1,2,4-triazole)",,O=[N+]([O-])Nn1nc([N+](=O)[O-])nc1-c1nc([N+](=O)[O-])nn1N[N+](=O)[O-],-4.60%,13.90%,48.50%,9243,38.2,3,40,267.9,591.7,1.88,121
,"7-nitrobis([1,2,4] triazolo)[1,5-b:5′,1′-f][1,2,4,5]tetrazin-2(1H)-one",,O=c1nc2nnc3nc([N+](=O)[O-])nn3n2[nH]1,-39.40%,-10.80%,56.50%,8855,38.7,45,,240.5,472,1.973,300
1058145,"5,5’-dinitro-2H,2’H-3,3’-bi(1,2,4-triazole)-2,2’-diamine",,Nn1nc([N+](=O)[O-])nc1-c1nc([N+](=O)[O-])nn1N,-37.50%,-12.50%,54.70%,8677,31.8,40,360,231.6,439.5,1.83,271
983265,"1,2-Bis(3-nitro-1H-1,2,4-triazol-1-yl)diazene",,O=[N+]([O-])c1ncn(N=Nn2cnc([N+](=O)[O-])n2)n1,-31.50%,-6.30%,55.10%,8825,33.5,10,160,258.8,719.19,1.8,247
,"Hydroxylammonium 5-amino-3-nitro-1-nitramino- 1,2,4-triazolate",,Nc1nc([N+](=O)[O-])nn1[N-][N+](=O)[O-].[NH3+]O,-14.40%,0%,50.40%,9117,36.7,2,180,282,366.9,1.787,164
,"[5,5′-Bi-1H-1,2,4-triazole]-1,1′-diamine, N1,N1′,3,3′-tetranitro-,  ammoniate (1:2)",,O=[N+]([O-])[N-]n1nc([N+](=O)[O-])nc1-c1nc([N+](=O)[O-])nn1[N-][N+](=O)[O-].[NH4+].[NH4+],-16.80%,0%,51.60%,8769,33.1,10,120,261.8,434.9,1.77,223
2231684,"Hydrazinium 5-amino-3-nitro-1-nitramino-1,2,4-triazolate",,N[NH3+].Nc1nc([N+](=O)[O-])nn1[N-][N+](=O)[O-],-25.30%,-10.90%,57%,34.9,34.9,0.5,192,274.3,454.6,1.769,185
2386022,"3-nitro-5-(6-nitro-3H-[1,2,4]triazolo[1,5-d]tetrazol-2(5H)-yl)-1H-1,2,4-triazol-1-amine",,Nn1nc([N+](=O)[O-])nc1N1N=C2N=C([N+](=O)[O-])NN2N1,-33.80%,-11.30%,59.10%,9740,41.8,40,360,261.4,890,1.95,201
,"Guanidine, compd. with N1,N1′,3,3′-tetranitro[5,5′-bi-1H-1,2,4-triazole]-1,1′-diamine (2:1)",,NC(N)=[NH2+].NC(N)=[NH2+].O=[N+]([O-])[N-]n1nc([N+](=O)[O-])nc1-c1nc([N+](=O)[O-])nn1[N-][N+](=O)[O-],-34.50%,-13.80%,54.30%,8456,28.4,40,360,230.9,431.5,1.74,252
,"Hydrazinecarboximidamide, compd. with N1,N1′,3,3′-tetranitro[5,5′-bi-1H-1,2,4-triazole]-1,1′-diamine (2:1)",,N=C(N)N[NH3+].N=C(N)N[NH3+].O=[N+]([O-])[N-]n1nc([N+](=O)[O-])nc1-c1nc([N+](=O)[O-])nn1[N-][N+](=O)[O-],-35.60%,-16.20%,56.60%,8570,28.9,40,360,239.5,680.3,1.72,197
,"3,6-dinitro-1H-[1,2,4]triazolo[4,3-b][1,2,4]triazol-1-amine",,Nn1nc([N+](=O)[O-])n2nc([N+](=O)[O-])nc12,-22.40%,0%,52.30%,8739,32.1,40,360,257.1,410.5,1.8,170
2389720,"5-azido-3-nitro-1H-1,2,4-triazol-1-amine",AzNTA,[N-]=[N+]=Nc1nc([N+](=O)[O-])nn1N,-28.20%,-9.40%,65.80%,8430,28.1,15,120,265.1,594,1.64,144
1404848,"[5,5′-Bi-1H-1,2,4-triazole]-1,1′-diamine, N1,N1′,3,3′-tetranitro-, compd. with hydroxylamine (1:2)",,O=[N+]([O-])[N-]n1nc([N+](=O)[O-])nc1-c1nc([N+](=O)[O-])nn1[N-][N+](=O)[O-].[NH3+]O.[NH3+]O,-7.80%,7.80%,47.60%,9330,39.1,8,120,275.9,535.6,1.86,166
,"Carbonohydrazonic dihydrazide, compd. with N1,N1′,3,3′-tetranitro[5,5′-bi-1H-1,2,4-triazole]-1,1′-diamine (2:1)",,NNC(NN)=[NH+]N.NNC(NN)=[NH+]N.O=[N+]([O-])[N-]n1nc([N+](=O)[O-])nc1-c1nc([N+](=O)[O-])nn1[N-][N+](=O)[O-],-37.50%,-20.20%,60.60%,8927,31.3,10,160,250.8,1123.9,1.73,200
,"[5,5′-Bi-1H-1,2,4-triazole]-1,1′-diamine, N1,N1′,3,3′-tetranitro-, compd. with hydrazine (1:2)",,N[NH3+].N[NH3+].O=[N+]([O-])[N-]n1nc([N+](=O)[O-])nc1-c1nc([N+](=O)[O-])nn1[N-][N+](=O)[O-],-19.50%,-3.90%,54.60%,9170,36.4,7,120,271.9,746.9,1.81,170
,"1H-Tetrazole-1,5-diamine, compd. with N1,N1′,3,3′-tetranitro[5,5′-bi-1H-1,2,4-triazole]-1,1′-diamine (2:1)",,Nc1n[nH+]nn1N.Nc1n[nH+]nn1N.O=[N+]([O-])[N-]n1nc([N+](=O)[O-])nc1-c1nc([N+](=O)[O-])nn1[N-][N+](=O)[O-],-26.40%,-8.80%,61.50%,9131,35.5,5,80,272.5,1667.9,1.79,160
2389718,"1,2-bis(5-azido-3-nitro-1H-1,2,4-triazol-1-yl)diazene",BLG-102,[N-]=[N+]=Nc1nc([N+](=O)[O-])nn1N=Nn1nc([N+](=O)[O-])nc1N=[N+]=[N-],-19%,0%,66.60%,9311,38.5,5,54,,1417.2,1.82,161
958583,"1-Amino-3-nitro-1,2,4-triazole",,Nn1cnc([N+](=O)[O-])n1,-43.40%,-18.60%,54.20%,8194,27.4,40,,232.7,217.9,1.698,137
1434641,"3,50 -Dinitro-10 H-[1,30 -bi(1,2,4-triazol)]-10 -amine",,Nn1nc([N+](=O)[O-])nc1-n1cnc([N+](=O)[O-])n1,-36.50%,-10%,52.30%,8577,30.9,28,240,239.2,464.7,1.8,242
,"3-Nitro-N-(2,2,2-trinitroethyl)-1H-1,2,4-triazol-1-amine",,O=[N+]([O-])c1ncn(NCC([N+](=O)[O-])([N+](=O)[O-])[N+](=O)[O-])n1,-11%,11%,38.30%,8711,33.5,6,60,265.7,160.6,1.79,141
,"3-Nitro-1H-1,2,4-triazole-1,5-diamine",,Nc1nc([N+](=O)[O-])nn1N,-44.40%,-22.20%,58.30%,8440,27.4,40,360,212.3,144.5,1.76,244
,"3-Nitro-N1 -(2,2,2-Trinitroethyl)-1H-1,2,4-triazole-1,5-diamine",,Nc1nc([N+](=O)[O-])nn1NCC([N+](=O)[O-])([N+](=O)[O-])[N+](=O)[O-],-13%,7.80%,41%,8828,34.7,7,60,261.1,125.1,1.82,108
2102199,"N-(5-Amino-3-nitro-1H-1,2,4-triazol-1-yl)nitramide",,Nc1nc([N+](=O)[O-])nn1N[N+](=O)[O-],-12.70%,4.20%,51.80%,8769,32.7,2,60,263.4,243.97,1.758,135
2268272,"3,3',5,5'-tetranitro-1H,1'H-[4,4'-bipyrazole]-1,1'-diamine",DATNBP-2,Nn1nc([N+](=O)[O-])c(-c2c([N+](=O)[O-])nn(N)c2[N+](=O)[O-])c1[N+](=O)[O-],-27.90%,0%,40.70%,8951,35.9,40,360,259.8,477,1.88,305
,"Dihydroxylammonium N,N’-(3,5-Dinitro-1H-pyrazol-1,4-diyl)- dinitramidate",,O=[N+]([O-])[N-]c1c([N+](=O)[O-])nn([N-][N+](=O)[O-])c1[N+](=O)[O-].[NH3+]O.[NH3+]O,0%,13.90%,40.70%,9410,40.2,8,80,277.6,264.2,1.85,141
974100,"1,2-Bis(3,5-dinitro-1 H-pyrazol-1-yl)diazene",,O=[N+]([O-])c1cc([N+](=O)[O-])n(N=Nn2nc([N+](=O)[O-])cc2[N+](=O)[O-])n1,-23.40%,4.70%,40.90%,8928,34.8,5,60,271.4,687.7,1.81,240
1040463,"Diammonium N,N’-(3,5-Dinitro-1H-pyrazol-1,4-diyl)- dinitramidate",,O=[N+]([O-])[N-]c1c([N+](=O)[O-])nn([N-][N+](=O)[O-])c1[N+](=O)[O-].[NH4+].[NH4+],-10.30%,5.10%,44.80%,8982,35.1,12,120,269.4,143.2,1.8,139
,"N,N’-(1,1’-(Diazene-1,2-diyl)bis(3,5-dinitro-1 H-pyrazole-4,1- diyl))bis(N-methylnitramide)",,CN(c1c([N+](=O)[O-])nn(N=Nn2nc([N+](=O)[O-])c(N(C)[N+](=O)[O-])c2[N+](=O)[O-])c1[N+](=O)[O-])[N+](=O)[O-],-22.80%,3.30%,40%,8834,34.6,2,40,271.9,789.25,1.8,195
,"Ammonium N-(3,5-Dinitro-1H-pyrazol-1-yl)nitramidate",,O=[N+]([O-])[N-]n1nc([N+](=O)[O-])cc1[N+](=O)[O-].[NH4+],-17%,3.40%,41.70%,8748,34.1,15,120,270.6,205.4,1.77,194
1014096,"4-(4’ -Amino-3’ ,5’ -dinitro-1’ -pyrazol)-1-amino-3,5-dinitropyrazole",,Nc1c([N+](=O)[O-])nn(-c2c([N+](=O)[O-])nn(N)c2[N+](=O)[O-])c1[N+](=O)[O-],-27.90%,0%,40.70%,8648,35.1,40,,259.9,477.9,1.87,284
1501178,"1H-Pyrazole-1,4-diamine, N1,3,5-trinitro-, ammonium salt (1:1)",,Nc1c([N+](=O)[O-])nn([N-][N+](=O)[O-])c1[N+](=O)[O-].[NH4+],-19.20%,0%,44.80%,8762,33.8,10,80,266.7,215.11,1.768,124
2260178,"(E)-1,1'-(diazene-1,2-diyl)bis(3,5-dinitro-1H-pyrazole-4-carboxamide)",,NC(=O)c1c([N+](=O)[O-])nn(/N=N/n2nc([N+](=O)[O-])c(C(N)=O)c2[N+](=O)[O-])c1[N+](=O)[O-],-29.90%,0%,39.20%,8683,32.8,14,240,251.5,494.2,1.84,223
,"1,2-bis(4-azido-3,5-dinitropyrazolyl) diazene",,[N-]=[N+]=Nc1c([N+](=O)[O-])nn(/N=N/n2nc([N+](=O)[O-])c(N=[N+]=[N-])c2[N+](=O)[O-])c1[N+](=O)[O-],-15.10%,7.50%,52.80%,9800,43.9,3.6,32,287.9,1549,1.89,165
906540,"3,5-Dinitro-1H-pyrazole-1,4-diamine",,Nc1c([N+](=O)[O-])nn(N)c1[N+](=O)[O-],-34%,-8.50%,44.70%,8732,35,40,,243.6,166,1.88,241
2323441,"(E)-1,1'-(diazene-1,2-diyl)bis(N,3,5-trinitro-1H-pyrazole-4-carboxamide)",,O=C(N[N+](=O)[O-])c1c([N+](=O)[O-])nn(/N=N/n2nc([N+](=O)[O-])c(C(=O)N[N+](=O)[O-])c2[N+](=O)[O-])c1[N+](=O)[O-],-9.30%,15.40%,37.80%,9440,39.6,5,60,268.2,676.8,1.94,135
,"Dihydrazinium N,N’-(3,5-Dinitro-1H-pyrazol-1,4-diyl)- dinitramidate",,N[NH3+].N[NH3+].O=[N+]([O-])[N-]c1c([N+](=O)[O-])nn([N-][N+](=O)[O-])c1[N+](=O)[O-],-14%,0%,49.10%,9066,35.7,5,60,282.2,489.3,1.75,152
,"(E)-1,2-bis(3,5-dinitro-1H-pyrazol-1-yl)diazene",,O=[N+]([O-])c1cc([N+](=O)[O-])n(/N=N/n2nc([N+](=O)[O-])cc2[N+](=O)[O-])n1,-23.40%,4.70%,40.90%,8928,34.8,5,60,271.2,684,1.81,240
,"N-(1-amino-3,5-dinitro-1H-pyrazol-4-yl)-N-methylnitramide",,CN(c1c([N+](=O)[O-])nn(N)c1[N+](=O)[O-])[N+](=O)[O-],-29.10%,-3.20%,39.70%,8306,30.2,18,,258.9,220.7,1.72,176
927840,"3,5-Dinitro-N1 -(2,2,2-trinitroethyl)-1H-pyrazole-1,4-diamine",,Nc1c([N+](=O)[O-])nn(NCC([N+](=O)[O-])([N+](=O)[O-])[N+](=O)[O-])c1[N+](=O)[O-],-11.40%,11.40%,35.90%,8745,34.3,12,120,265.4,124.1,1.81,116
958582,"1-Amino-3,5-dinitropyrazole",,Nn1nc([N+](=O)[O-])cc1[N+](=O)[O-],-32.40%,-4.60%,40.40%,8384,31.7,40,,247.9,144.4,1.81,112
1278614,"5,8-dinitro-5,6,7,8-tetrahydrotetrazolo[1,5-b][1,2,4]triazine",,O=[N+]([O-])N1CCN([N+](=O)[O-])n2nnnc21,-29.60%,-7.40%,51.80%,8900,34.14,4,40,267.5,496.52,1.782,96.6
1852954,"1,1',4,4'-tetranitro-1H,1'H-3,3'-bipyrazole",,O=[N+]([O-])c1cn([N+](=O)[O-])nc1-c1nn([N+](=O)[O-])cc1[N+](=O)[O-],-25.50%,5.10%,35.70%,8869,34.5,2,40,262.79,407.1,1.85,206
1960097,"5,5'-Bis(1,4-dinitro-1H-pyrazol-3-yl)-2,2'-bi(1,3,4-oxadiazole)",,O=[N+]([O-])c1cn([N+](=O)[O-])nc1-c1nnc(-c2nnc(-c3nn([N+](=O)[O-])cc3[N+](=O)[O-])o2)o1,-39.10%,-3.60%,37.30%,8766,33.33,13,220,254.2,882.44,1.844,186
,O=[N+](N1C=C([N+]([O-])=O)C(C2=NN=C(/N=N/C3=NN=C(C4=NN([N+]([O-])=O)C=C4[N+]([O-])=O)O3)O2)=N1)[O-],,O=[N+]([O-])c1cn([N+](=O)[O-])nc1-c1nnc(/N=N/c2nnc(-c3nn([N+](=O)[O-])cc3[N+](=O)[O-])o2)o1,-36.80%,-3.30%,41%,8565,31.5,30,360,239.09,728,1.89,200
1920148,"3,5-bis(1,4-dinitro-1H-pyrazol-3-yl)-1,2,4-oxadiazole",,O=[N+]([O-])c1cn([N+](=O)[O-])nc1-c1noc(-c2nn([N+](=O)[O-])cc2[N+](=O)[O-])n1,-33.50%,0%,36.60%,8904,35.1,17,250,268.9,825.4,1.82,156
2069174,"1,2-bis(1,4-dinitro-1H-pyrazol-3-yl)diazene 1-oxide",,O=[N+]([O-])c1cn([N+](=O)[O-])nc1N=[N+]([O-])c1nn([N+](=O)[O-])cc1[N+](=O)[O-],-17.90%,8.90%,39.10%,9228,38.7,7,120,,867.4,1.83,161
1960095,"2,5-Bis(1,4-dinitro-1H-pyrazol-3-yl)-1,3,4-oxadiazole",,O=[N+]([O-])c1cn([N+](=O)[O-])nc1-c1nnc(-c2nn([N+](=O)[O-])cc2[N+](=O)[O-])o1,-33.50%,0%,36.60%,8855,34.23,8,34.23,265.3,762.11,1.831,159
1920149,"5,5'-bis(1,4-dinitro-1H-pyrazol-3-yl)-3,3'-bi(1,2,4-oxadiazole)",,O=[N+]([O-])c1cn([N+](=O)[O-])nc1-c1nc(-c2noc(-c3nn([N+](=O)[O-])cc3[N+](=O)[O-])n2)no1,-39.10%,-3.60%,37.30%,8867,34.5,8,160,260.1,992.5,1.825,172
,"(Z)-1,2-bis(5-(1,4-dinitro-1H-pyrazol-3-yl)-1H-1,2,4-triazol-3-yl)diazene",,O=[N+]([O-])c1cn([N+](=O)[O-])nc1-c1nc(N=Nc2n[nH]c(-c3nn([N+](=O)[O-])cc3[N+](=O)[O-])n2)n[nH]1,-47%,-13.40%,47%,8519,30.3,40,360,235.2,948,1.9,397
2279509,"20 -(dinitromethyl)-1,4,40 -trinitro-1H,20 H-3,30 -bipyrazole",,O=[N+]([O-])c1cn([N+](=O)[O-])nc1-c1c([N+](=O)[O-])cnn1C([N+](=O)[O-])[N+](=O)[O-],-23.60%,6.40%,33.80%,8700,33.5,12,240,270.4,510.7,1.8,156
2177265,"1,4,40 -trinitro-20 -(trinitromethyl)-1H,20 H-3,30 -bipyrazole",,O=[N+]([O-])c1cn([N+](=O)[O-])nc1-c1c([N+](=O)[O-])cnn1C([N+](=O)[O-])([N+](=O)[O-])[N+](=O)[O-],-11.50%,15.30%,33.50%,9047,35.6,10,216,277,708.3,1.82,145
,"5-(1,4-dinitro-1H-pyrazol-3-yl)-3-(4-nitro-1,2,5-oxadiazol-3-yl)-1,2,4-oxadiazole",,O=[N+]([O-])c1cn([N+](=O)[O-])nc1-c1nc(-c2nonc2[N+](=O)[O-])no1,-30.70%,2.40%,37.20%,9067,36.38,18,200,271.7,773,1.851,172
,"4-Nitro-3-(1,4-Dinitro-1H-Pyrazol-3-yl)-1,2,5-Oxadiazole 2-Oxide",,O=[N+]([O-])c1cn([N+](=O)[O-])nc1-c1c([N+](=O)[O-])no[n+]1[O-],-13.90%,13.90%,34.10%,9099.99,,2.8,60,273,435,1.93,160
,4-Nitro-1H-pyrazol-1-amine,,Nn1cc([N+](=O)[O-])cn1,-74.90%,-37.50%,43.70%,7464,20.1,40,360,218.8,164.1,1.57,195
,"3-Nitro-4-(1,4-Dinitro-1H-Pyrazol-3-yl)-1,2,5-Oxadiazole 2-Oxide",,O=[N+]([O-])c1cn([N+](=O)[O-])nc1-c1no[n+]([O-])c1[N+](=O)[O-],-13.90%,13.90%,34.10%,8900,,8,50,272.8,430,1.88,160
,"4-Nitro-N-(2,2,2-trinitroethyl)-1H-pyrazol-1-amine",,O=[N+]([O-])c1cnn(NCC([N+](=O)[O-])([N+](=O)[O-])[N+](=O)[O-])c1,-24.70%,2.70%,33.70%,8390,30.8,15,360,261.7,140.9,1.74,112
,"(6-amino-7-hydroxy-7λ4-[1,2,4]triazolo[3,4-f][1,2,4,5]tetraazin-3-yl)(nitro)azanium ammonium",,Nc1nn2c([NH2+][N+](=O)[O-])nnc2n[n+]1[O-].[NH4+],-48.20%,-27.60%,60.30%,9207,34.7,11,40,108.9,597.6,1.82,173
1946707,"hydroxylammonium (6-amino-[1,2,4]triazolo[4,3-b][1,2,4,5]tetrazin-3-yl)(nitro)amide",,Nc1nnc2nnc([N-][N+](=O)[O-])n2n1.[NH3+]O,%,%,%,9353,36.4,40,360,261.6,707.6,1.82,163
1946705,"6-amino-3-(nitroazaniumyl)[1,2,4]triazolo[3,4-c][1,2,4,5]tetraazine 7-oxide hydroxyammonium",,Nc1nn2c([NH2+][N+](=O)[O-])nnc2n[n+]1[O-].[NH3+]O,-38.70%,-19.30%,56.40%,9397,38.2,12,40,100.8,647.5,1.85,168
1946706,"hydrazinium (6-amino-[1,2,4]triazolo[4,3-b][1,2,4,5]tetrazin-3-yl)(nitro)amide",,N[NH3+].Nc1nnc2nnc([N-][N+](=O)[O-])n2n1,-52.40%,-31.40%,67.20%,9062,31.7,28,360,257.5,814.5,1.73,203
,"(6-amino-7-hydroxy-7λ4-[1,2,4]triazolo[3,4-f][1,2,4,5]tetraazin-3-yl)(nitro)azanium aminoammonium",,N[NH3+].Nc1nn2c([NH2+][N+](=O)[O-])nnc2n[n+]1[O-],-48.50%,-29.10%,62.30%,9470,36.9,12,120,112.4,748.5,1.83,186
,"ammonium (6-amino-[1,2,4]triazolo[4,3-b][1,2,4,5]tetrazin-3-yl)(nitro)amide",,Nc1nnc2nnc([N-][N+](=O)[O-])n2n1.[NH4+],-52.30%,-29.90%,65.40%,8814,29.9,24,360,247.3,662.3,1.73,241
,"N-(4-((3-(nitroamino)-[1,2,4]triazolo[4,3-b][1,2,4,5]tetrazin-6-yl)amino)-1,2,5-oxadiazol-3-yl)nitramide",,O=[N+]([O-])Nc1nonc1Nc1nnc2nnc(N[N+](=O)[O-])n2n1,-32%,-7.40%,56%,8041,25.1,10,150,252.6,846.9,1.87,125
1946704,"6-amino-3-(nitroamino)-[1,2,4]triazolo[4,3-b][1,2,4,5]tetrazine 7-oxide, ammonium salt",,Nc1nn2c(N[N+](=O)[O-])nnc2n[n+]1[O-],-33.80%,-11.30%,59.10%,9047,35.1,10,160,241.6,486,1.88,182
,"N-(6-amino-[1,2,4]triazolo[4,3-b][1,2,4,5]tetrazin-3-yl)nitramide",,Nc1nnc2nnc(N[N+](=O)[O-])n2n1,-44.60%,-20.30%,63.90%,8763,31.3,40,360,248,634.3,1.79,292
,"Triaminoguanidinium [1,2,4]triazolo[4,3-b][1,2,4,5]tetrazin- 3-yl(nitro)amide",,NNC(NN)=[NH+]N.O=[N+]([O-])[N-]c1nnc2nncnn12,-61.50%,-39.10%,68.50%,8486,28,8,240,251.4,1009.7,1.78,156
,"Ammonium [1,2,4]triazolo[4,3-b][1,2,4,5]tetrazin-3-yl(nitro) amide",,O=[N+]([O-])[N-]c1nnc2nncnn12.[NH4+],-52.20%,-28.10%,63.30%,9129,33.4,33,360,258.2,705,1.79,193
,"Hydrazinium [1,2,4]triazolo[4,3-b][1,2,4,5]tetrazin-3-yl(nitro) amide",,N[NH3+].O=[N+]([O-])[N-]c1nnc2nncnn12,-52.30%,-29.90%,65.40%,9416,35.7,32,360,267.9,858.4,1.79,123
1884779,"N-([1,2,4]Triazolo[4,3-b][1,2,4,5]tetrazin-3-yl)nitramide",,O=[N+]([O-])Nc1nnc2nncnn12,-43.90%,-17.60%,61.50%,8880,33.2,31,240,255.8,647.8,1.81,132
,"Guanidinium [1,2,4]triazolo[4,3-b][1,2,4,5]tetrazin-3- yl(nitro)amide",,NC(N)=[NH2+].O=[N+]([O-])[N-]c1nnc2nncnn12,-63%,-36.50%,63.90%,8932,30.7,50,360,234.8,678.6,1.79,280
1884780,"N-(6-azido-[1,2,4]triazolo[4,3-b][1,2,4,5]tetrazin-3-yl)nitramide",,[N-]=[N+]=Nc1nnc2nnc(N[N+](=O)[O-])n2n1,-32.30%,-10.80%,69%,9236,36.3,1,40,265.4,951.8,1.85,150
,"N,N'-([1,2,4]triazolo[4,3-b][1,2,4,5]tetrazine-3,6-diyl)dinitramide",,O=[N+]([O-])Nc1nnc2nnc(N[N+](=O)[O-])n2n1,-19.80%,0%,57.80%,9301,38.3,3,5,275,740.9,1.91,138
,"3-nitramino-6-amino −1,2,4-triazolo[4,3-b][1,2,4,5]- tetrazine-7",,Cc1nn(-c2nnc3nnc(N[N+](=O)[O-])n3n2)c(C)c1[N+](=O)[O-],-77.20%,-37.40%,47.90%,8938,32.9,32,360,216.9,607,1.84,241
1884783,"Hydroxylammonium [1,2,4]triazolo[4,3-b][1,2,4,5]tetrazin-3- yl(nitro)amide",,O=[N+]([O-])[N-]c1nnc2nncnn12.[NH3+]O,-40.90%,-18.60%,58.60%,9408,37.8,43,360,273.3,751.2,1.83,150
,"Triaminoguanidinium (6-azido-[1,2,4]triazolo[4,3-b][1,2,4,5] tetrazin-3-yl)(nitro)amide",,NNC(NN)=[NH+]N.[N-]=[N+]=Nc1nnc2nnc([N-][N+](=O)[O-])n2n1,-51.30%,-31.80%,72.70%,9180,32.7,1,40,261.3,1352.6,1.74,129
,"Dihydrazinium N-(6-((4-(nitroamino)-1,2,5-oxadiazol-3-yl)amino)- [1,2,4]triazolo[4,3-b][1,2,4,5]tetrazin-3-yl)nitramide",,N[NH3+].N[NH3+].O=[N+]([O-])[N-]c1nonc1Nc1nnc2nnc([N-][N+](=O)[O-])n2n1,-43.20%,-22.60%,61.10%,9368,35.1,23,220,260.8,1182.8,1.81,183
,"Ammonium (6-azido-[1,2,4]triazolo[4,3-b][1,2,4,5]tetrazin-3- yl)(nitro)amide",,[N-]=[N+]=Nc1nnc2nnc([N-][N+](=O)[O-])n2n1.[NH4+],-40%,-20%,70%,9149,34.3,1,160,270.4,1055.6,1.77,180
,"Guanidinium (6-azido-[1,2,4]triazolo[4,3-b][1,2,4,5]tetrazin- 3-yl)(nitro)amide",,NC(N)=[NH2+].[N-]=[N+]=Nc1nnc2nnc([N-][N+](=O)[O-])n2n1,-51%,-28.30%,69.50%,8879,31,13,160,249.7,1026,1.76,170
,"Dihydroxylammonium N-(6-((4-(nitroamino)-1,2,5-oxadiazol- 3-yl)amino)-[1,2,4]triazolo[4,3-b][1,2,4,5]tetrazin-3-yl)nitramide",,O=[N+]([O-])[N-]c1nonc1Nc1nnc2nnc([N-][N+](=O)[O-])n2n1.[NH3+]O.[NH3+]O,-30.70%,-10.20%,53.70%,9366,37.6,24,240,274.9,1016.8,1.85,189
,"Di(1,2,4-triazolium) N-(6-((4-(nitroamino)-1,2,5-oxadiazol-3- yl)amino)-[1,2,4]triazolo[4,3-b][1,2,4,5]tetrazin-3-yl)nitramide",,O=[N+]([O-])[N-]c1nonc1Nc1nnc2nnc([N-][N+](=O)[O-])n2n1.c1n[nH+]c[nH]1.c1n[nH+]c[nH]1,-60.40%,-29.40%,57.40%,7775,22.7,30,320,217,916.2,1.73,210
,"Diammonium N-(6-((4-(nitroamino)-1,2,5-oxadiazol-3-yl)amino)- [1,2,4]triazolo[4,3-b][1,2,4,5]tetrazin-3-yl)nitramide",,O=[N+]([O-])[N-]c1nonc1Nc1nnc2nnc([N-][N+](=O)[O-])n2n1.[NH4+].[NH4+],-42.30%,-20%,58.50%,8944,31.8,25,240,246.2,850.4,1.8,210
1884784,"Hydroxylammonium (6-azido-[1,2,4]triazolo[4,3-b][1,2,4,5] tetrazin-3-yl)(nitro) amide",,[N-]=[N+]=Nc1nnc2nnc([N-][N+](=O)[O-])n2n1.[NH3+]O,-31.20%,-12.50%,65.60%,9289,36.8,2,100,284.4,1106.3,1.79,156
,"Hydrazinium (8-aminobis([1,2,4]triazolo)[4,3-b:3′,4′-f][1,2,4,5]  tetrazin-1-yl) (nitro) amide",,N[NH3+].Nc1nnc2nnc3nnc([N-][N+](=O)[O-])n3n12,-56.50%,-32.70%,67.60%,9088,32.3,40,360,230,732.2,1.84,221
,"Ammonium (8-aminobis([1,2,4]triazolo)[4,3-b:3′,4′-f][1,2,4,5]  tetrazin ¡1-yl)(nitro) amide",,Nc1nnc2nnc3nnc([N-][N+](=O)[O-])n3n12.[NH4+],-56.70%,-31.50%,66.10%,8410,26.7,40,360,220,589.67,1.75,224
,"triaminoguadinum 3,6-Nitramino-1,2,4-triazolo[4,3-b][1,2,4,5]tetrazine-7-N-oxide",,NNC(NN)=[NH+]N.NNC(NN)=[NH+]N.O=[N+]([O-])[N-]c1nnc2n[n+]([O-])c([N-][N+](=O)[O-])nn12,-48%,-30.90%,66%,9050,30.6,9,120,248.6,1248.5,1.69,111
,"Di(4-amino-1,2,4-triazolium) N-(6-((4-(nitroamino)-1,2,5-oxadiazol-3-yl)amino)-[1,2,4]triazolo[4,3-b][1,2,4,5]tetrazin-3-yl)nitramide",,O=[N+]([O-])[N-]c1nonc1Nc1nnc2nnc([N-][N+](=O)[O-])n2n1.[NH3+]n1cnnc1.[NH3+]n1cnnc1,-60%,-30.80%,59.60%,8316,26.3,35,350,233.1,1295.3,1.76,221
,"3,6-Nitramino-1,2,4-triazolo[4,3-b][1,2,4,5]tetrazine-7-N-oxide",,O=[N+]([O-])Nc1nnc2n[n+]([O-])c(N[N+](=O)[O-])nn12,-12.40%,6.20%,54.20%,9503,41,1,5,271.2,593,1.93,114
,"ammonium 3,6-Nitramino-1,2,4-triazolo[4,3-b][1,2,4,5]tetrazine-7-N-oxide",,O=[N+]([O-])[N-]c1nnc2n[n+]([O-])c([N-][N+](=O)[O-])nn12.[NH4+].[NH4+],-27.40%,-11%,57.50%,9317,36.8,8,120,255.2,466.1,1.86,150
,"Hydroxylammonium (8-aminobis([1,2,4]triazolo)[4,3-b:3′,4′-f]  [1,2,4,5]tetrazin ¡1-yl)(nitro) amide",,Nc1nnc2nnc3nnc([N-][N+](=O)[O-])n3n12.[NH3+]O,-47.40%,-23.70%,62.20%,8917,31.9,40,360,234,634.9,1.83,162
1864889,"ammonium [1,2,4]triazolo[4,3-b][1,2,4,5]tetrazine-3,6-diylbis(nitroamide)",,O=[N+]([O-])[N-]c1nnc2nnc([N-][N+](=O)[O-])n2n1.[NH4+].[NH4+],-34.80%,-17.40%,60.80%,9301,35.4,32,360,248.8,543.5,1.84,213
,"triaminoguanidine [1,2,4]triazolo[4,3-b][1,2,4,5]tetrazine-3,6-diylbis(nitroamide)",,NNC(NN)=[NH+]N.NNC(NN)=[NH+]N.O=[N+]([O-])[N-]c1nnc2nnc([N-][N+](=O)[O-])n2n1,-53.30%,-35.50%,68.40%,9061,30.8,30,360,246.8,1301.6,1.7,150
,"hydrazinium [1,2,4]triazolo[4,3-b][1,2,4,5]tetrazine-3,6-diylbis(nitroamide)",,N[NH3+].N[NH3+].O=[N+]([O-])[N-]c1nnc2nnc([N-][N+](=O)[O-])n2n1,-36.60%,-20.90%,64%,9625,37.9,13,240,266.3,871.8,1.82,154
,"3,6,7-triamino-7H-[1,2,4]triazolo[4,3-b][1,2,4]triazol-2-ium,[1,2,4]triazolo[4,3-b][1,2,4,5]tetrazine-3,6-diylbis(nitroamide)",,Nc1nn2c(N)[nH+]nc2n1N.Nc1nn2c(N)[nH+]nc2n1N.O=[N+]([O-])[N-]c1nnc2nnc([N-][N+](=O)[O-])n2n1,-61%,-34.90%,66.10%,8792,29.8,40,360,240.3,1780.9,1.76,244
1864899,"hydroxylammonium [1,2,4]triazolo[4,3-b][1,2,4,5]tetrazine-3,6-diylbis(nitroamide)",,O=[N+]([O-])[N-]c1nnc2nnc([N-][N+](=O)[O-])n2n1.[NH3+]O.[NH3+]O,-20.80%,-5.20%,54.50%,9712,42.9,25,360,277.4,638.9,1.92,154
1523415,"2,2’-Dinitramino-5,5’-bi(1-oxa-3,4-diazole)",ICM-101,O=[N+]([O-])/N=c1\[nH]nc(-c2n[nH]/c(=N\[N+](=O)[O-])o2)o1,-18.60%,6.20%,43.40%,9388,39.1,1,72,246.6,166.8,1.98,200
,"2,2'-dinitramino-5,5' bis-1H,'0H-oxa-3,4-diazole",DNABO,O=[N+]([O-])N=c1[nH]nc(-c2n[nH]c(=N[N+](=O)[O-])o2)o1,-18.60%,6.20%,43.40%,9231,37.55,5,60,246.6,167,1.99,187
,"(4-Azido-3,5-dinitropyrazol-1-yl)-N-[(4-azido-3,5-dinitropyrazol-1-yl)- methyl]-N-nitromethanamine",,[N-]=[N+]=Nc1c([N+](=O)[O-])nn(CN(Cn2nc([N+](=O)[O-])c(N=[N+]=[N-])c2[N+](=O)[O-])[N+](=O)[O-])c1[N+](=O)[O-],-26.40%,0%,46.30%,8717,35.1,2,,268.7,1108.2,1.83,166
1515261,"5-[(4-Azido-3,5-dinitro-1H-pyrazol-1-yl)methyl]-2H-tetrazole",,[N-]=[N+]=Nc1c([N+](=O)[O-])nn(Cc2nnn[nH]2)c1[N+](=O)[O-],-42.70%,-14.20%,54.80%,8707,32.1,12,80,248.7,782.1,1.81,148
,"1,2-Bis(5-azido-4-nitro-1H-imidazol-1-yl)diazene",,[N-]=[N+]=Nc1c([N+](=O)[O-])ncn1N=Nn1cnc([N+](=O)[O-])c1N=[N+]=[N-],-43.10%,-14.40%,58.70%,8702,31.4,2,40,260.4,1259.86,1.77,154
1587174,"3,8-Diazido-2,9-dinitrodiimidazo[1,2-d:2′,1′-f][1,2,3,4]tetrazine",,[N-]=[N+]=Nc1c([N+](=O)[O-])nc2c3nc([N+](=O)[O-])c(N=[N+]=[N-])n3nnn12,-38.50%,-9.60%,59%,9256,36.7,2,20,265,1318.8,1.887,111
,"5-triazidomethyl- 2,4,6-triazidopyrimidine",,[N-]=[N+]=Nc1nc(N=[N+]=[N-])c(C(N=[N+]=[N-])(N=[N+]=[N-])N=[N+]=[N-])c(N=[N+]=[N-])n1,-47%,-23.50%,82.30%,,,,,270.6,2192,,
612107,"2,4,6-Triazido-5-methylpyrimidine",,Cc1c(N=[N+]=[N-])nc(N=[N+]=[N-])nc1N=[N+]=[N-],-84.70%,-47.90%,70.90%,,,,,238.6,1087.4,1.55,195
,"2,4,6-Triazido-5-(diazidomethyl)pyrimidine",,[N-]=[N+]=Nc1nc(N=[N+]=[N-])c(C(N=[N+]=[N-])N=[N+]=[N-])c(N=[N+]=[N-])n1,-56.20%,-29.40%,79.60%,,,,,260.4,1807.1,1.71,179
612108,"2,4,6-Triazido-5-(azidomethyl)pyrimidine",,[N-]=[N+]=NCc1c(N=[N+]=[N-])nc(N=[N+]=[N-])nc1N=[N+]=[N-],-68.20%,-37.20%,75.90%,,,,,251,1452.7,1.65,193
710866,"N,N’-bis(5-azido-1H-tetrazol-1-yl)- 1,4-diiminocyclohexane",,[N-]=[N+]=Nc1nnnn1N=C1CCC(=Nn2nnnc2N=[N+]=[N-])CC1,-97.50%,-58.50%,68.20%,7793,21.9,1,,240.1,1586.7,1.63,185
,"Ammonium 3-azido-5-nitroamino-1,2,4-triazolate",,[N-]=[N+]=Nc1n[nH]c([N-][N+](=O)[O-])n1.[NH4+],-38.50%,-21.40%,67.30%,8821,31.5,13,,272.8,709.7,1.6,167
,"Oxalohydrazinium 3-azido-5-nitroamino-1,2,4-triazolate",,NNC(=O)C(=O)N[NH3+].[N-]=[N+]=Nc1n[nH]c([N-][N+](=O)[O-])n1,-44.40%,-22.20%,58.30%,8877,33.3,8,,247.5,690.9,1.73,164
,"3,4,5-Triamino-1,2,4-triazolium 3-azido-5-nitroamino-1,2,4-triazolate",,Nc1n[nH+]c(N)n1N.[N-]=[N+]=Nc1n[nH]c([N-][N+](=O)[O-])n1,-56.30%,-33.80%,69%,8685,30.4,40,,250.1,1011.9,1.64,183
,"Hydroxylammonium 3-azido-5-nitroamino-1,2,4-triazolate",,[N-]=[N+]=Nc1n[nH]c([N-][N+](=O)[O-])n1.[NH3+]O,-27.60%,-11.80%,62%,9409,39.3,14,,290.7,753.6,1.74,160
,"3,5-Diamino-1,2,4-triazolium 3-azido-5-nitroamino-1,2,4-triazolate",,Nc1n[nH]c(N)[nH+]1.[N-]=[N+]=Nc1n[nH]c([N-][N+](=O)[O-])n1,-56.50%,-32.70%,67.60%,8612,30.2,40,,244,888.2,1.68,183
836350,"5-Azido-N-nitro-2H-1,2,4-triazol-3-amine",,[N-]=[N+]=Nc1n[nH]c(N[N+](=O)[O-])n1,-28.20%,-9.40%,65.80%,8972,35.7,2.5,,271,637,1.79,143
,"4-Amino-1,2,5-oxadiazol-3-aminium 3-azido-5-nitroamino-1,2,4- triazolate",,Nc1nonc1[NH3+].[N-]=[N+]=Nc1n[nH]c([N-][N+](=O)[O-])n1,-47.40%,-23.70%,62.20%,8685,30.9,6,,269.8,1064.3,1.67,150
,"Hydrazinium 3-azido-5-nitroamino-1,2,4-triazolate",,N[NH3+].[N-]=[N+]=Nc1n[nH]c([N-][N+](=O)[O-])n1,-39.60%,-23.70%,69.30%,9326,36.3,40,,281.7,857.3,1.7,182
,"3-Amino-1,2,4-triazolium 3-azido-5-nitroamino-1,2,4-triazolate",,Nc1nc[nH+][nH]1.[N-]=[N+]=Nc1n[nH]c([N-][N+](=O)[O-])n1,-56.70%,-31.50%,66.10%,8582,30,25,,251.5,923,1.66,180
,"Guanidinium 3-azido-5-nitroamino-1,2,4-triazolate",,NC(N)=[NH2+].[N-]=[N+]=Nc1n[nH]c([N-][N+](=O)[O-])n1,-52.40%,-31.40%,67.20%,8159,25.3,20,,244.9,692.2,1.57,198
,"Diaminoguanidium 3-azido-5-nitroamino-1,2,4-triazolate",,NNC(=[NH2+])NN.[N-]=[N+]=Nc1n[nH]c([N-][N+](=O)[O-])n1,-52.50%,-34%,70.20%,8792,30.8,40,,254.1,894.4,1.58,167
836351,"Triaminoguanidium 3-azido-5-nitroamino-1,2,4-triazolate",,NNC(NN)=[NH+]N.[N-]=[N+]=Nc1n[nH]c([N-][N+](=O)[O-])n1,-52.50%,-35%,71.50%,8945,32.1,8,,258.4,1001.5,1.68,179
,"Aminoguanidium 3-azido-5-nitroamino-1,2,4-triazolate",,N[NH+]=C(N)N.[N-]=[N+]=Nc1n[nH]c([N-][N+](=O)[O-])n1,-52.40%,-32.80%,68.80%,8620,29.4,23,,249,784.5,1.66,170
,"5-(5-azido-2H-1,2,3-triazol-4-yl)-1H-tetrazole",,[N-]=[N+]=Nc1n[nH]nc1-c1nnn[nH]1,-62.90%,-35.90%,78.60%,,,3,10,,,,152
2094644,"2,2’-di(azidomethyl)bistetrazole",,[N-]=[N+]=NCn1nnc(-c2nnn(CN=[N+]=[N-])n2)n1,-64.50%,-38.70%,79%,8155,23.5,2,0.1,250.4,1257.9,1.62,177
,"4-Nitro-5-(5-nitroimino-1,2,4-triazol-3-yl)-1H pyrazole",,O=[N+]([O-])/N=c1\[nH]nc(-c2n[nH]cc2[N+](=O)[O-])[nH]1,-53.30%,-20%,46.60%,8336,27.8,20,240,228.1,390,1.8,205
1951976,"N-(7-oxo-6,7-dihydro-2H-[1,2,3]triazolo[4,5-d] pyrimidin-5-yl)nitramide",,O=c1[nH]/c(=N\[N+](=O)[O-])[nH]c2n[nH]nc12,-52.80%,-20.30%,49.70%,8845,32.54,36,348,209.7,223,1.94,242
,"5,50 -Bis(trinitromethyl)-3,30 -azo-1H-1,2,4-triazole",,O=[N+]([O-])C(c1nc(/N=N/c2n[nH]c(C([N+](=O)[O-])([N+](=O)[O-])[N+](=O)[O-])n2)n[nH]1)([N+](=O)[O-])[N+](=O)[O-],-3.50%,17.30%,42.40%,8964,36.6,1.5,,263.5,555.1,1.83,150
,Aminomethaniminium 3-nitro-4-dinitromethyl-2H-pyrazole,,NC(N)=[NH2+].O=[N+]([O-])c1[nH]ncc1[C-]([N+](=O)[O-])[N+](=O)[O-],-46.30%,-17.40%,40.60%,8256,28.7,20,240,222.7,43.8,1.72,161
,Hydroxylammonium 3-nitro-4-dinitromethyl-2H-pyrazole,,O=[N+]([O-])c1[nH]ncc1[C-]([N+](=O)[O-])[N+](=O)[O-].[NH3+]O,-25.60%,0%,33.60%,8700,34.1,20,162,269.4,135.5,1.8,166
,Amino(hydrazinyl)methaniminium 3-nitro-4-dinitromethyl- 2H-pyrazole,,NNC(N)=[NH2+].O=[N+]([O-])c1[nH]ncc1[C-]([N+](=O)[O-])[N+](=O)[O-],-46.70%,-19.20%,43.30%,8480,30.1,20,252,236,231.4,1.71,140
1948362,Ammonium 3-nitro-4-dinitromethyl-2H-pyrazole,,O=[N+]([O-])c1[nH]ncc1[C-]([N+](=O)[O-])[N+](=O)[O-].[NH4+],-34.20%,-6.80%,35.90%,8601,33,20,192,252.7,85.4,1.82,141
1948363,3-Nitro-4-dinitromethyl-2H-pyrazole,,O=[N+]([O-])c1[nH]ncc1C([N+](=O)[O-])[N+](=O)[O-],-25.80%,3.70%,32.20%,8532,30.8,17,144,268.3,205.6,1.81,117
1564700,"Bis(5-(trinitromethyl)-1,3,4-oxadiazol-2-yl)methanone",,O=C(c1nnc(C([N+](=O)[O-])([N+](=O)[O-])[N+](=O)[O-])o1)c1nnc(C([N+](=O)[O-])([N+](=O)[O-])[N+](=O)[O-])o1,3.40%,27.60%,30.20%,8665,32.7,4,60,247,60.34,1.89,108
982817,"5,5'-bis(trinitromethyl)-3,3'-bi(1,2,4-oxadiazole)",,O=[N+]([O-])C(c1nc(-c2noc(C([N+](=O)[O-])([N+](=O)[O-])[N+](=O)[O-])n2)no1)([N+](=O)[O-])[N+](=O)[O-],7.30%,29.30%,32.10%,8900,35,10,80,246.2,61.9,1.94,124
1531423,"2,5-bis(trinitromethyl)-1,3,4-oxadiazole",,O=[N+]([O-])C(c1nnc(C([N+](=O)[O-])([N+](=O)[O-])[N+](=O)[O-])o1)([N+](=O)[O-])[N+](=O)[O-],21.70%,39.10%,30.40%,8640,33,4,240,231.1,24.9,1.92,101.9
967029,5-(Trinitromethyl)-2H-tetrazole,HTNTz,O=[N+]([O-])C(c1nnn[nH]1)([N+](=O)[O-])[N+](=O)[O-],11%,25.60%,44.70%,,,9,9,,,1.918,
2070933,"bis(3-(trinitromethyl)-1H-1,2,4-triazol-5-yl)methanone",,O=C(c1nc(C([N+](=O)[O-])([N+](=O)[O-])[N+](=O)[O-])n[nH]1)c1nc(C([N+](=O)[O-])([N+](=O)[O-])[N+](=O)[O-])n[nH]1,-6.90%,17.30%,36.40%,9275,39.28,13,240,261,295.5,1.93,150
1524802,"5,5'-bis(trinitromethyl)-2H,2'H-3,3'-bi(1,2,4-triazole)",,O=[N+]([O-])C(c1n[nH]c(-c2nc(C([N+](=O)[O-])([N+](=O)[O-])[N+](=O)[O-])n[nH]2)n1)([N+](=O)[O-])[N+](=O)[O-],-3.70%,18.40%,38.70%,9073,36.2,22.5,252,260.2,331.9,1.89,148
,3-Trinitromethylpyrazole,,O=[N+]([O-])C(c1cc[nH]n1)([N+](=O)[O-])[N+](=O)[O-],-25.80%,3.70%,32.20%,8249,28.6,18,360,273,261.3,1.64,104.1
2281406,(E)-5-(nitro((4-nitro-3-(trinitromethyl)-1H-pyrazol-5-yl)diazenyl)methyl)-1H-tetrazole,,O=[N+]([O-])/C(=N\Nc1[nH]nc(C([N+](=O)[O-])([N+](=O)[O-])[N+](=O)[O-])c1[N+](=O)[O-])c1nnn[nH]1,-13.40%,9.60%,43.60%,8879,37.2,4,54,252.5,282,1.883,151
1878156,3-Trinitromethyl-4-nitropyrazole,,O=[N+]([O-])c1c[nH]nc1C([N+](=O)[O-])([N+](=O)[O-])[N+](=O)[O-],-6.10%,18.30%,32%,8598,32.2,3,80,269,208.1,1.75,154.2
2298841,"4-nitro-3,5-bis(trinitromethyl)-1H-pyrazole",,O=[N+]([O-])c1c(C([N+](=O)[O-])([N+](=O)[O-])[N+](=O)[O-])n[nH]c1C([N+](=O)[O-])([N+](=O)[O-])[N+](=O)[O-],13.60%,33.10%,30.60%,8745,34.8,5,80,243.1,25.7,1.97,131
,"bis(aminoammonium) (5-{4-[(1E)-{4-[5-(dinitromethanidyl)-2H-1,2,4-triazol-3-yl]-1,2,5-oxadiazol-3-yl}diazenyl]-1,2,5-oxadiazol-3-yl}-1H-1,2,4-triazol-3-yl)dinitromethanide dihydroganyl",,N[NH3+].N[NH3+].O=[N+]([O-])[C-](c1n[nH]c(-c2nonc2/N=N/c2nonc2-c2nc([C-]([N+](=O)[O-])[N+](=O)[O-])n[nH]2)n1)[N+](=O)[O-],-44.70%,-16.80%,48.90%,8480,29.7,8,120,250.8,1256.9,1.72,169
1891126,"(E)-1,2-bis(4-(3-(dinitromethyl)-1H-1,2,4-triazol-5-yl)-1,2,5-oxadiazol-3-yl)diazene",,O=[N+]([O-])C(c1n[nH]c(-c2nonc2/N=N/c2nonc2-c2nc(C([N+](=O)[O-])[N+](=O)[O-])n[nH]2)n1)[N+](=O)[O-],-37.80%,-6.30%,44.10%,8363,29.2,5,80,243.2,904.9,1.76,120
,"hydroxylammonium (E)-((diazene-1,2-diylbis(1,2,5-oxadiazole-4,3-diyl))bis(1H-1,2,4-triazole-5,3-diyl))bis(dinitromethanide)",,O=[N+]([O-])[C-](c1n[nH]c(-c2nonc2/N=N/c2nonc2-c2nc([C-]([N+](=O)[O-])[N+](=O)[O-])n[nH]2)n1)[N+](=O)[O-].[NH3+]O.[NH3+]O,-36.20%,-8.40%,43.90%,8559,31.5,10,120,259.9,1050.3,1.75,105
,"[N3 -(1H-tetrazol-1-yl)-N4 -(2,2,2-trinitroethyl)-4H- 1,2,4-triazole-3,4-diamine]",,O=[N+]([O-])C(CNn1cnnc1Nn1cnnn1)([N+](=O)[O-])[N+](=O)[O-],-33.90%,-9.70%,50.90%,9004,34.9,22,240,289,1091.8,1.77,182
1477781,"N3,N3'-(1,2,4,5-tetrazine-3,6-diyl)bis(N4-(2,2,2-trinitroethyl)-1,2,5-oxadiazole-3,4-diamine)",,O=[N+]([O-])C(CNc1nonc1Nc1nnc(Nc2nonc2NCC([N+](=O)[O-])([N+](=O)[O-])[N+](=O)[O-])nn1)([N+](=O)[O-])[N+](=O)[O-],-26.50%,0%,41.70%,9042,37,21,360,248.9,1281,1.86,204
1477794,"N,N'-(((1,2,4,5-tetrazine-3,6-diyl)bis(azanediyl))bis(1,2,5-oxadiazole-4,3-diyl))bis(N-(2,2,2-trinitroethyl)nitramide)",,O=[N+]([O-])N(CC([N+](=O)[O-])([N+](=O)[O-])[N+](=O)[O-])c1nonc1Nc1nnc(Nc2nonc2N(CC([N+](=O)[O-])([N+](=O)[O-])[N+](=O)[O-])[N+](=O)[O-])nn1,-11.50%,11.50%,40.30%,9548,42.1,10,240,282.5,1492.7,1.92,144
,"di(1,2,4-oxadiazol-3-yl)methanone O-(nitrodi(1,2,4-oxadiazol-3-yl)methyl) oxime",,O=[N+]([O-])C(ON=C(c1ncon1)c1ncon1)(c1ncon1)c1ncon1,-63.80%,-21.30%,37.20%,7221,19.6,18,140,204.6,277,1.73,137
1920144,"5,5'-bis(3-nitro-1H-pyrazol-5-yl)-3,3'-bi(1,2,4-oxadiazole)",,O=[N+]([O-])c1n[nH]c(-c2nc(-c3noc(-c4[nH]nc([N+](=O)[O-])c4[N+](=O)[O-])n3)no2)c1[N+](=O)[O-],-39.10%,-3.60%,37.30%,8685,33.4,31,360,249,789.3,1.856,272
,"N',2-bis((E)-2,4,6-trinitrobenzylidene)hydrazine-1-carbohydrazide",,O=C(N/N=C/c1c([N+](=O)[O-])cc([N+](=O)[O-])cc1[N+](=O)[O-])N/N=C/c1c([N+](=O)[O-])cc([N+](=O)[O-])cc1[N+](=O)[O-],-62.70%,-17.90%,26.10%,7435,22.1,30,280,238.5,641.1,1.67,203
2102013,"1,11-dinitro-6,7-dihydro-5H-bis([1,2,3]triazolo)[1,5-a:5',1'-c][1,4]diazepine",,O=[N+]([O-])c1nnn2c1-c1c([N+](=O)[O-])nnn1CCC2,-78.10%,-36.10%,42.10%,8027,25.4,50,360,217.3,415,1.677,290
2102011,"1,10-dinitro-5,6-dihydrobis([1,2,3]triazolo)[1,5-a:5',1'-c]pyrazine",,O=[N+]([O-])c1nnn2c1-c1c([N+](=O)[O-])nnn1CC2,-63.50%,-25.40%,44.40%,8278,29.4,30,360,227.14,461,1.754,277
,"N',N'',2-tris((E)-2,4,6-trinitrobenzylidene)hydrazine-1-carbohydrazonhydrazide",,O=[N+]([O-])c1cc([N+](=O)[O-])c(/C=N/N=C(N/N=C/c2c([N+](=O)[O-])cc([N+](=O)[O-])cc2[N+](=O)[O-])N/N=C/c2c([N+](=O)[O-])cc([N+](=O)[O-])cc2[N+](=O)[O-])c([N+](=O)[O-])c1,-65.20%,-19.70%,27.20%,7796,26.8,28,180,245,1269.6,1.78,178
2011493,"3,6-bis(2-((E)-2,4,6-trinitrobenzylidene)hydrazineyl)-1,2,4,5-tetrazine",,O=[N+]([O-])c1cc([N+](=O)[O-])c(/C=N/Nc2nnc(N/N=C/c3c([N+](=O)[O-])cc([N+](=O)[O-])cc3[N+](=O)[O-])nn2)c([N+](=O)[O-])c1,-65.30%,-21.80%,33.30%,8288,28.4,30,310,236.3,989.5,1.78,230
1900161,"(E)-1-(2,4,6-trinitrobenzylidene)-2-(2,4,6-trinitrophenyl)hydrazine",,O=[N+]([O-])c1cc([N+](=O)[O-])c(/C=N/Nc2c([N+](=O)[O-])cc([N+](=O)[O-])cc2[N+](=O)[O-])c([N+](=O)[O-])c1,-58.30%,-13.70%,24%,7508,24.3,26,240,238.4,459.7,1.73,208
2267643,"2,2'-(hydrazine-1,2-diyl)bis(3,5-dinitropyridin-4-amine)",,Nc1c([N+](=O)[O-])cnc(NNc2ncc([N+](=O)[O-])c(N)c2[N+](=O)[O-])c1[N+](=O)[O-],-64.60%,-24.20%,35.30%,8564,31.9,40,360,216.1,292.3,1.908,294
2267641,"6,6'-(hydrazine-1,2-diyl)bis(3,5-dinitropyridin-2-amine)",,Nc1nc(NNc2nc(N)c([N+](=O)[O-])cc2[N+](=O)[O-])c([N+](=O)[O-])cc1[N+](=O)[O-],-64.60%,-24.20%,35.30%,8759,34.1,40,360,251,854.5,1.865,350
2108090,"3,5-dinitro-N2,N6-di(1H-tetrazol-5-yl)pyridine-2,4,6-triamine",,Nc1c([N+](=O)[O-])c(Nc2nnn[nH]2)nc(Nc2nnn[nH]2)c1[N+](=O)[O-],-59.40%,-27.40%,56%,8861,32.3,40,360,222.1,746.4,1.905,265
2108088,"3,5-dinitro-N2-(1H-tetrazol-5-yl)pyridine-2,6-diamine",,Nc1nc(Nc2nnn[nH]2)c([N+](=O)[O-])cc1[N+](=O)[O-],-62.90%,-26.90%,47.20%,8459,29.6,40,360,226.5,493.7,1.825,297
2108087,"3,5-dinitro-N-(1H-tetrazol-5-yl)pyridin-2-amine",,O=[N+]([O-])c1cnc(Nc2nnn[nH]2)c([N+](=O)[O-])c1,-63.50%,-25.40%,44.40%,8275,28.1,40,360,235.4,545.9,1.787,252
2108091,"ammonium (6-((1H-tetrazol-5-yl)amino)-3,5-dinitropyridin-2-yl)(nitro)amide",,O=[N+]([O-])[N-]c1nc(Nc2nnn[nH]2)c([N+](=O)[O-])cc1[N+](=O)[O-].[NH4+],-46.20%,-17%,46.80%,8526,30.2,20,252,239.7,550.5,1.772,188
,"N-(6-((1H-tetrazol-5-yl)amino)-3,5-dinitropyridin-2-yl)nitramide",,O=[N+]([O-])Nc1nc(Nc2nnn[nH]2)c([N+](=O)[O-])cc1[N+](=O)[O-],-41%,-10.30%,44.80%,9072,37.1,12,144,253.1,677,1.91,169
,"(E)-4,6-dinitro-N'-(2,4,6-trinitrobenzylidene)-1H-indazole-1-carbohydrazide",,O=C(N/N=C/c1c([N+](=O)[O-])cc([N+](=O)[O-])cc1[N+](=O)[O-])n1ncc2c([N+](=O)[O-])cc([N+](=O)[O-])cc21,-73.60%,-24.50%,25.80%,7664,24.3,40,360,228.2,571.9,1.73,244
,"(E)-4,6-dinitro-1-(6-(2-(2,4,6-trinitrobenzylidene)hydrazineyl)-1,2,4,5-tetrazin-3-yl)-1H-indazole",,O=[N+]([O-])c1cc([N+](=O)[O-])c(/C=N/Nc2nnc(-n3ncc4c([N+](=O)[O-])cc([N+](=O)[O-])cc43)nn2)c([N+](=O)[O-])c1,-75.40%,-28.10%,33.60%,8551,30.2,40,360,238.4,1187.8,1.84,266
2013195,"(E)-1,2-bis(4-nitro-1H-1,2,3-triazol-1-yl)diazene",N8L,O=[N+]([O-])c1cn(/N=N/n2cc([N+](=O)[O-])nn2)nn1,-31.50%,-6.30%,55.10%,8916,33.49,1.5,10,273.4,877.74,1.777,177
,"4-Nitro-5-(5-nitro-1,2,4-triazol-3-yl)-1H-pyrazole",,O=[N+]([O-])c1n[nH]c(-c2n[nH]cc2[N+](=O)[O-])n1,-53.30%,-17.80%,43.50%,8182,27,50,324,230,366.2,1.79,278
1877695,"5,5'-(4-nitro-1H-pyrazole-3,5-diyl)bis(3-nitro-1H-1,2,4-triazole)",,O=[N+]([O-])c1n[nH]c(-c2n[nH]c(-c3nc([N+](=O)[O-])n[nH]3)c2[N+](=O)[O-])n1,-45.10%,-11.90%,45.70%,8747,33,30,360,244.2,737.6,1.865,238.2
,"5,5'-bis(4-nitro-1H-pyrazol-3-yl)-1H,1'H-3,3'-bi(1,2,4-triazole)",,O=[N+]([O-])c1c[nH]nc1-c1nc(-c2n[nH]c(-c3n[nH]cc3[N+](=O)[O-])n2)n[nH]1,-84.90%,-40.20%,46.90%,7503,21.37,30,360,220.5,874.8,1.794,425
1960098,"5,5'-Bis(4-nitro-1H-pyrazol-3-yl)-2,2' -bi(1,3,4-oxadiazole)",,O=[N+]([O-])c1c[nH]nc1-c1nnc(-c2nnc(-c3n[nH]cc3[N+](=O)[O-])o2)o1,-71.10%,-26.70%,38.90%,8054,26.53,40,360,222.9,639.79,1.809,368
,"3,5-bis(4-nitro-1H-pyrazol-3-yl)-1,2,4-oxadiazole",,O=[N+]([O-])c1c[nH]nc1-c1noc(-c2n[nH]cc2[N+](=O)[O-])n1,-71.20%,-27.40%,38.30%,8027,26.4,40,360,228.6,548.5,1.77,314
,10.1016/j.cej.2021.132416,,O=[N+]([O-])c1c[nH]nc1-c1n[nH]c(-c2n[nH]cc2[N+](=O)[O-])n1,-79.70%,-35.70%,43.30%,7558,22.29,30,360,224.1,629.52,1.786,354
2077878,"3-(4-nitro-1,2,5-oxadiazol-3-yl)-5-(4-nitro-1H-pyrazol-3-yl)-1,2,4-oxadiazole",,O=[N+]([O-])c1c[nH]nc1-c1nc(-c2nonc2[N+](=O)[O-])no1,-49%,-10.90%,38.10%,8665,32.46,35,360,250.4,648,1.845,272
,"5-Nitro-3-trinitromethyl-1H-1,2,4-triazole",,O=[N+]([O-])c1nc(C([N+](=O)[O-])([N+](=O)[O-])[N+](=O)[O-])n[nH]1,9.10%,27.40%,37.30%,8983,35.5,9,,249.1,123.2,1.94,135
1960096,"2,5-Bis(4-nitro-1H-pyrazol-3-yl)-1,3,4-oxadiazole",,O=[N+]([O-])c1c[nH]nc1-c1nnc(-c2n[nH]cc2[N+](=O)[O-])o1,-71.20%,-27.40%,38.30%,8099,27.14,40,360,226.3,521.57,1.8,338
2034432,"Pyrazolo[5,1-d]-1,2,3,5-tetrazin-4(6H)-one, 8-nitro-, 2-oxide",,O=c1n[n+]([O-])nc2c([N+](=O)[O-])c[nH]n12,-40.40%,-8.10%,42.40%,8770,33.7,19,252,250.5,393.1,1.882,225
2013200,"(E)-1,2-bis(4-nitro-2H-1,2,3-triazol-2-yl)diazene",N8B,O=[N+]([O-])c1cnn(/N=N/n2ncc([N+](=O)[O-])n2)n1,-31.50%,-6.30%,55.10%,8917,33.53,2,20,273.1,835.16,1.795,264
,"5,5′-(2-nitro-1H-imidazole-4,5-diyl)bis(1H-tetrazole)",,O=[N+]([O-])c1nc(-c2nnn[nH]2)c(-c2nnn[nH]2)[nH]1,-61%,-28.90%,61.80%,8532,29.2,60,360,233.8,802,1.82,238
,"1Hydroxylamine . 2[5,5′ -(2-nitro-1H-imidazole-4,5-diyl)bis(1H-tetrazole)]",,NO.O=[N+]([O-])c1nc(-c2nnn[nH]2)c(-c2nnn[nH]2)[nH]1.O=[N+]([O-])c1nc(-c2nnn[nH]2)c(-c2nnn[nH]2)[nH]1,-58.70%,-28.60%,60.60%,8163,25.1,1,360,205.9,943.8,1.85,269.2
2041417,"(E)-1,2-bis(3-nitro-1-(trinitromethyl)-1H-1,2,4-triazol-5-yl)diazene",,O=[N+]([O-])c1nc(/N=N/c2nc([N+](=O)[O-])nn2C([N+](=O)[O-])([N+](=O)[O-])[N+](=O)[O-])n(C([N+](=O)[O-])([N+](=O)[O-])[N+](=O)[O-])n1,11.60%,29%,40.60%,8890,33.9,5,120,251.4,662.6,1.91,175
1983702,"5'-nitro-2'-(trinitromethyl)-1H,2'H-3,3'-bi(1,2,4-triazole)",,O=[N+]([O-])c1nc(-c2nc[nH]n2)n(C([N+](=O)[O-])([N+](=O)[O-])[N+](=O)[O-])n1,-14.50%,9.70%,42.40%,8956,35.4,19,290,261.7,389.55,1.86,172
1939593,"bis(3-nitro-1-(trinitromethyl)-1H-1,2,4-triazol-5-yl)methanone",,O=C(c1nc([N+](=O)[O-])nn1C([N+](=O)[O-])([N+](=O)[O-])[N+](=O)[O-])c1nc([N+](=O)[O-])nn1C([N+](=O)[O-])([N+](=O)[O-])[N+](=O)[O-],8.70%,29%,35.50%,8252,28.6,9,240,256.4,623.94,1.94,164
1983704,"5'-nitro-1,2'-bis(trinitromethyl)-1H,2'H-3,3'-bi(1,2,4-triazole)",,O=[N+]([O-])c1nc(-c2ncn(C([N+](=O)[O-])([N+](=O)[O-])[N+](=O)[O-])n2)n(C([N+](=O)[O-])([N+](=O)[O-])[N+](=O)[O-])n1,5%,25%,38%,9107,36.2,5,120,256.6,455.19,1.92,152
1837840,"4,4',5,5'-tetranitro-2,2'-bis(trinitromethyl)-2H,2'H-3,3'-bipyrazole",DNBP-10,O=[N+]([O-])c1nn(C([N+](=O)[O-])([N+](=O)[O-])[N+](=O)[O-])c(-c2c([N+](=O)[O-])c([N+](=O)[O-])nn2C([N+](=O)[O-])([N+](=O)[O-])[N+](=O)[O-])c1[N+](=O)[O-],10.50%,31.40%,32%,9320,40,9,215,253.8,522.5,2.021,125
2114990,"2H-Tetrazole, 5-nitro-2-(1,2,4-oxadiazol-3-ylmethyl)- (ACI)",NTOM,O=[N+]([O-])c1nnn(Cc2ncon2)n1,-52.80%,-20.30%,49.70%,7909,24.8,40,360,225.9,344.9,1.76,241.1
1947762,"3-[(5-Nitro-2H-tetrazol-2-yl)methyl]-1,2,4-oxadiazol-5-amine",NTOA,Nc1nc(Cn2nnc([N+](=O)[O-])n2)no1,-52.80%,-22.60%,52.80%,7451,20.89,40,360,212.7,275.8,1.66,256.6
,"4-nitro-2-(3-nitro-1H-1,2,4-triazol-5-yl)-2H-1,2,3-triazole",,O=[N+]([O-])c1cnn(-c2nc([N+](=O)[O-])n[nH]2)n1,-35.40%,-7.10%,49.50%,8554,30.68,40,324,243.5,452.1,1.83,231
2287318,"4,5'-dinitro-2'H-2,4'-bi(1,2,3-triazole)",,O=[N+]([O-])c1cnn(-c2n[nH]nc2[N+](=O)[O-])n1,-35.40%,-7.10%,49.50%,8320,28.5,40,240,248.6,497,1.75,195
,"[N-(5-nitro-4H-1,2,4-triazol-3-yl)-1H-tetrazol-1- amine]",,O=[N+]([O-])c1nnc(Nn2cnnn2)[nH]1,-44.60%,-20.30%,63.90%,8885,32.1,22,204,279,950.6,1.74,186
,"5,5'-dinitro-2,2'-bis(trinitromethyl)-2H,2'H-4,4'-bi(1,2,3-triazole)",,O=[N+]([O-])c1nn(C([N+](=O)[O-])([N+](=O)[O-])[N+](=O)[O-])nc1-c1nn(C([N+](=O)[O-])([N+](=O)[O-])[N+](=O)[O-])nc1[N+](=O)[O-],12.20%,30.50%,37.40%,9070,36,5,126,253,471,1.921,141
2125279,"6-nitro-3-(4-nitro-1,2,5-oxadiazol-3-yl)-[1,2,4]triazolo[1,5-d][1,2,4]oxadiazole",,O=[N+]([O-])c1nc2onc(-c3nonc3[N+](=O)[O-])n2n1,-23.90%,6%,41.80%,8878,34.1,2,60,265,549,1.83,182.4
2106829,"5-(3,4-dinitro-1H-pyrazol-5-yl)-3-nitro-1H-1,2,4-triazole",,O=[N+]([O-])c1n[nH]c(-c2[nH]nc([N+](=O)[O-])c2[N+](=O)[O-])n1,-29.60%,0%,41.50%,8568,31.4,19,240,246.8,326.9,1.851,336
1960094,"2-(3,4-Dinitro-1H-pyrazol-5-yl)-5-(3-nitro-1H-pyrazol-5-yl)-1,3,4- oxadiazole",,O=[N+]([O-])c1cc(-c2nnc(-c3[nH]nc([N+](=O)[O-])c3[N+](=O)[O-])o2)[nH]n1,-49.80%,-11.90%,37.40%,8543,31.71,35,360,236.4,519.4,1.838,254
1920143,"3,5-bis(3,4-dinitro-1H-pyrazol-5-yl)-1,2,4-oxadiazole",,O=[N+]([O-])c1n[nH]c(-c2noc(-c3[nH]nc([N+](=O)[O-])c3[N+](=O)[O-])n2)c1[N+](=O)[O-],-33.50%,0%,36.60%,8741,34,33,360,259.3,659.8,1.843,274
,"5-(3,4-dinitro-1H-pyrazol-5-yl)-3-(4-nitro-1,2,5-oxadiazol-3-yl)-1,2,4-oxadiazole",,O=[N+]([O-])c1nonc1-c1noc(-c2[nH]nc([N+](=O)[O-])c2[N+](=O)[O-])n1,-30.70%,2.40%,37.20%,9094,36.67,24,300,267.6,707,1.876,265
2106831,"1,2-bis(3-(3,4-dinitro-1H-pyrazol-5-yl)-  1H-1,2,4-triazol-5-yl)diazene",,O=[N+]([O-])c1n[nH]c(-c2n[nH]c(/N=N/c3nc(-c4[nH]nc([N+](=O)[O-])c4[N+](=O)[O-])n[nH]3)n2)c1[N+](=O)[O-],-47%,-13.40%,47%,8404,29.2,25,240,239.4,1029.2,1.855,354
1961859,"5,5'-Bis(3,4-dinitro-1H-pyrazol-5-yl)-2,2'-bi(1,3,4-oxadiazole)",,O=[N+]([O-])c1n[nH]c(-c2nnc(-c3nnc(-c4[nH]nc([N+](=O)[O-])c4[N+](=O)[O-])o3)o2)c1[N+](=O)[O-],-39.10%,-3.60%,37.30%,8710,32.75,30,360,238.1,602.65,1.87,265
2033556,"N-(5-Nitro-1H-1,2,3-triazol-4-yl)-2H-tetrazol-5-amine",,O=[N+]([O-])c1n[nH]nc1Nc1nnn[nH]1,-44.60%,-20.30%,63.90%,9153,33.71,40,360,238.1,551.94,1.86,308
2080581,"3,3’-(Diazene-1,2-diylbis(1,3,4-oxadiazole-5,2-diyl))bis(4-nitrofur- oxan)",,O=[N+]([O-])c1no[n+]([O-])c1-c1nnc(/N=N/c2nnc(-c3c([N+](=O)[O-])no[n+]3[O-])o2)o1,-22.60%,7.50%,39.60%,8960,37.3,3,28,268.3,846.5,1.88,194
,"1,3,5-Trinitrohexahydropyrimidine",TNP,O=[N+]([O-])C1CN([N+](=O)[O-])CN([N+](=O)[O-])C1,-39.80%,-10.90%,31.70%,8388,29.88,22.5,360,245.3,50.49,1.79,150.6
2064681,"1,3,5,5-tetranitrohexahydropyrimidine",DNNC,O=[N+]([O-])N1CN([N+](=O)[O-])CC([N+](=O)[O-])([N+](=O)[O-])C1,-18%,6%,31.60%,8763,34.97,21.9,,271,46.05,1.82,222.2
2064682,"Azido-1,3,5-trinitrohexahydropyrimidine",,[N-]=[N+]=NC1([N+](=O)[O-])CN([N+](=O)[O-])CN([N+](=O)[O-])C1,-30.50%,-6.10%,42.70%,8686,32.69,7,,261.4,308.74,1.79,143.2
927929,4-Nitro-3-(5-tetrazole)furoxan,,O=[N+]([O-])c1no[n+]([O-])c1-c1nnn[nH]1,-20.10%,4%,49.20%,8681,34.3,2,,272.3,499.5,1.81,169
,"3-Nitro-4-(5-methyleneazide-1,2,4-oxadiazol-3-yl)furazan",,[N-]=[N+]=NCc1nc(-c2nonc2[N+](=O)[O-])no1,-47%,-13.40%,47%,8290,28.58,20,360,257.7,705.24,1.752,157.7
,"[2-nitromethyl-5-(2,4,6-trinitrophenyl)-  1,3,4-oxadiazole]",,O=[N+]([O-])Cc1nnc(-c2c([N+](=O)[O-])cc([N+](=O)[O-])cc2[N+](=O)[O-])o1,-51.70%,-9.40%,24.70%,7587,24.15,30,360,234.1,219.36,1.722,243.2
,"[3-nitroamino-4-(5-nitromethyl-1,3,4-oxadiazol-2-  yl)furazan]",,O=[N+]([O-])Cc1nnc(-c2nonc2N[N+](=O)[O-])o1,-34.20%,-3.10%,38.10%,8548,31.69,15,240,254.8,348.74,1.815,94.3
,"[2-Nitromethyl-5-(5-nitroamino-1,2,4-  triazol-3-yl)-1,3,4-oxadiazole]",,O=[N+]([O-])Cc1nnc(-c2n[nH]/c(=N\[N+](=O)[O-])[nH]2)o1,-43.70%,-12.50%,43.70%,8252,28.06,20,240,228.3,296.45,1.822,150.4
2122096,"1-trinitromethyl- 3,4,5-trinitropyrazole",,O=[N+]([O-])c1nn(C([N+](=O)[O-])([N+](=O)[O-])[N+](=O)[O-])c([N+](=O)[O-])c1[N+](=O)[O-],18.20%,36.40%,31.80%,8761,33.3,7,120,242.5,190.2,1.964,160
1536561,"3,4,5-trinitro-1-(nitromethyl)-1H-pyrazole",,O=[N+]([O-])Cn1nc([N+](=O)[O-])c([N+](=O)[O-])c1[N+](=O)[O-],-6.10%,18.30%,32%,8858,35.1,14,120,265,117,1.84,202
2042066,BTMNA,BTMNA,O=[N+]([O-])N(Cc1nnn[nH]1)Cc1nnn[nH]1,-63.70%,-35.40%,61.90%,8732,29.4,30,360,228.1,573.4,1.79,198
1504349,"N,N0 -Dinitro-N,N0 -bis[3-(1,2,4-oxadiazol)furazan-4-yl]ethylenediamine",,O=[N+]([O-])N(CCN(c1nonc1-c1ncon1)[N+](=O)[O-])c1nonc1-c1ncon1,-56.80%,-18.90%,39.80%,8185,27.9,31,240,239.1,785.8,1.75,175
,"N,N0 -Dinitro-N,N0 -bis[3-(1,2,4-oxadiazol)furazan-4-yl]methylenediamine",,O=[N+]([O-])N(CN(c1nonc1-c1ncon1)[N+](=O)[O-])c1nonc1-c1ncon1,-47%,-11.80%,41.20%,8182,27.7,27,240,231.3,586.2,1.77,149
1983705,"(E)-1,2-bis(1-nitro-1H,2'H-[3,3'-bi(1,2,4-triazol)]-5'-yl)diazene",,O=[N+]([O-])n1cnc(-c2nc(/N=N/c3n[nH]c(-c4ncn([N+](=O)[O-])n4)n3)n[nH]2)n1,-57.70%,-24.70%,57.70%,8421,29.8,39,360,247.5,1370.45,1.78,166
,1-Nitro-3-trinitromethylpyrazole,,O=[N+]([O-])n1ccc(C([N+](=O)[O-])([N+](=O)[O-])[N+](=O)[O-])n1,-6.10%,18.30%,32%,8933,35.9,2.5,36,273.4,311.4,1.82,113
,"1,5'-dinitro-1H,2'H-3,3'-bi(1,2,4-triazole)",,O=[N+]([O-])c1n[nH]c(-c2ncn([N+](=O)[O-])n2)n1,-35.40%,-7.10%,49.50%,8656,31.3,22,360,237.1,397.95,1.87,173
,"1,5'-dinitro-2'-(trinitromethyl)-1H,2'H-3,3'- bi(1,2,4-triazole)",,O=[N+]([O-])c1nc(-c2ncn([N+](=O)[O-])n2)n(C([N+](=O)[O-])([N+](=O)[O-])[N+](=O)[O-])n1,-2.10%,19.20%,41.10%,9254,37.7,11,250,264.3,510.18,1.9,136
1921897,"3,5,5-trinitro-1,3-oxazinane",TNTON,O=[N+]([O-])N1COCC([N+](=O)[O-])([N+](=O)[O-])C1,-28.80%,0%,25.20%,8322,31,38,360,246.3,249,1.78,231
,"5-azido-3,5-dinitro-1,3-oxazinane",ADTON,[N-]=[N+]=NC1([N+](=O)[O-])COCN([N+](=O)[O-])C1,-44%,-14.70%,38.50%,7495,22,26,320,,87,1.56,158
2109737,"Trihydrazinium 1,3,5-trinitro-2,4,6-trinitroamidebenzene",,N[NH3+].N[NH3+].N[NH3+].O=[N+]([O-])[N-]c1c([N+](=O)[O-])c([N-][N+](=O)[O-])c([N+](=O)[O-])c([N-][N+](=O)[O-])c1[N+](=O)[O-],-24.50%,-4.90%,42.90%,9235,,4,40,265.3,298.46,1.885,180
2109739,"1,3,5-trinitro-2,4,6-trinitroaminobenzene",TNTNB,O=[N+]([O-])Nc1c([N+](=O)[O-])c(N[N+](=O)[O-])c([N+](=O)[O-])c(N[N+](=O)[O-])c1[N+](=O)[O-],-6.10%,18.30%,32%,9510,,1,5,271.2,393.14,1.964,65
2109736,"Triammonium 1,3,5-trinitro-2,4,6-trinitroamidebenzene",,O=[N+]([O-])[N-]c1c([N+](=O)[O-])c([N-][N+](=O)[O-])c([N+](=O)[O-])c([N-][N+](=O)[O-])c1[N+](=O)[O-].[NH4+].[NH4+].[NH4+],-21.60%,0%,37.80%,8645,,2,10,250.6,186.58,1.821,159
2100987,"Dihydrazinium (4,6-dinitro-1,3-phenylene)bis(nitroamide)",,NN.NN.O=[N+]([O-])[N-]c1cc([N-][N+](=O)[O-])c([N+](=O)[O-])cc1[N+](=O)[O-],-41.10%,-13.70%,40%,8834,32.6,22,160,172.9,362.2,1.77,177
,"Diammonium (4,6-dinitro-1,3-phenylene)bis(nitroamide)",,O=[N+]([O-])[N-]c1cc([N-][N+](=O)[O-])c([N+](=O)[O-])cc1[N+](=O)[O-].[NH4+].[NH4+],-44.70%,-14.90%,34.80%,8409,29.5,25,160,242.5,80.6,1.74,195
,"3,6,7-triamino-7H-[1,2,4]triazolo[4,3-b][1,2,4]triazol-2-ium  (4,6-dinitro-1,3-phenylene)bis(nitroamide)",,Nc1nn2c(N)[nH+]nc2n1N.Nc1nn2c(N)[nH+]nc2n1N.O=[N+]([O-])[N-]c1cc([N-][N+](=O)[O-])c([N+](=O)[O-])cc1[N+](=O)[O-],-64.40%,-32.20%,51.60%,8245,26.2,25,240,233.1,1277.9,1.76,253
2100986,"N,N0 -(4,6-dinitro-1,3-phenylene)dinitramide",,O=[N+]([O-])Nc1cc(N[N+](=O)[O-])c([N+](=O)[O-])cc1[N+](=O)[O-],-33.30%,0%,29.20%,8644,33.7,7,120,252,112.5,1.87,125
,"Dihydroxylammonium(4,6-dinitro-1,3-phenylene)bis(nitroamide)",,NO.NO.O=[N+]([O-])[N-]c1cc([N-][N+](=O)[O-])c([N+](=O)[O-])cc1[N+](=O)[O-],-27.30%,0%,31.80%,8890,36.7,25,160,157.4,231.9,1.83,176
,"N-(1-((1H-Tetrazol-5-yl)methyl)-3-nitro-1H-1,2,4-triazol-5-yl) nitramide",,O=[N+]([O-])Nc1nc([N+](=O)[O-])nn1Cc1nnn[nH]1,-37.50%,-12.50%,54.70%,8759,32.87,22,240,258.5,706.7,1.77,149
,"5-(nitroamino)-N-(3- (nitroamino)-4H-1,2,4-triazol-4-yl)-4H-1,2,4-triazole-3-carboxamide",,O=C(Nn1cnnc1N[N+](=O)[O-])c1nnc(N[N+](=O)[O-])[nH]1,-40.10%,-13.40%,51.50%,8564,30,18,300,232.2,480.5,1.84,105.3
,"hydroxylammonium bis([1,2,4]triazolo)[1,5-b:5',1'-f][1,2,4,5]tetrazine-2,7-diylbis(nitroamide)",,O=[N+]([O-])[N-]c1nc2nnc3nc([N-][N+](=O)[O-])nn3n2n1.[NH3+]O.[NH3+]O,-27.60%,-9.20%,56.30%,9025,39.4,45,600,250,523,1.88,202
,"N,N'-(bis([1,2,4]triazolo)[1,5-b:5',1'-f][1,2,4,5]tetrazine-2,7-diyl)dinitramide",,O=[N+]([O-])Nc1nc2nnc3nc(N[N+](=O)[O-])nn3n2n1,-28.40%,-5.70%,59.50%,9370,45.9,8,,239.6,858,1.998,175
962838,"Bis(hydroxylammonium) 3,3’-dinitramino-4,4’-azofurazane",,O=[N+]([O-])[N-]c1nonc1/N=N/c1nonc1[N-][N+](=O)[O-].[NH3+]O.[NH3+]O,-18.20%,0%,47.70%,9273,40.3,4,80,284.8,718,1.883,150
,"Bis{3,7-diamino-7H-[1,2,4]triazolo[4,3-b][1,2,4]triazol-2-ium}3,3 -dinitramino-4,4 -azofurazanate",,Nc1[nH+]nc2n(N)cnn12.Nc1[nH+]nc2n(N)cnn12.O=[N+]([O-])[N-]c1nonc1/N=N/c1nonc1[N-][N+](=O)[O-],-56.70%,-28.40%,59.50%,8732,30.3,12,240,250.6,1853.2,1.761,222
,"5-Amino-1H-1,2,4-triazole-3-carbohydrazide (E)-1,2-bis(4-(nitroamino)-1,2,5-oxadiazol-3-yl) diazene 1-oxide",,Nc1[nH]nc(C(=O)N[NH3+])[nH+]1.O=[N+]([O-])[N-]c1nonc1/N=[N+](\[O-])c1nonc1[N-][N+](=O)[O-],-36%,-10.80%,50.40%,9323,38.3,5,120,307.4,2032.7,1.75,161
,"(E)-N,N'-(diazene-1,2-diylbis(1,2,5-oxadiazole-4,3-diyl))bis(N-(2,2,2-trinitroethyl)nitramide)",,O=[N+]([O-])N(CC([N+](=O)[O-])([N+](=O)[O-])[N+](=O)[O-])c1nonc1/N=N/c1nonc1N(CC([N+](=O)[O-])([N+](=O)[O-])[N+](=O)[O-])[N+](=O)[O-],0%,20.90%,36.60%,9486,40.8,4,70,278.1,1261.15,1.87,150
1057627,"Bis[3,6,7-triamino-7H-[1,2,4]triazolo[5,1-c][1,2,4]triazol-2-ium]- 3,3’ -dinitroamino-4,4’ -azoxyfurazanate",,Nc1nn2c(N)[nH+]nc2n1N.Nc1nn2c(N)[nH+]nc2n1N.O=[N+]([O-])[N-]c1nonc1/N=[N+](\[O-])c1nonc1[N-][N+](=O)[O-],-52.40%,-26.20%,59.60%,8457,27.6,8,120,211.5,918.8,1.8,246
,"5H-1,2,4-Triazolo[4,3-b][1,2,4]triazole-3,6-diamine, compd. with (E)-N,N'-(diazene-1,2-diylbis(1,2,5-oxadiazole-4,3-diyl))dinitramide(2:1)",,Nc1nn2c(N)[nH+]nc2[nH]1.Nc1nn2c(N)[nH+]nc2[nH]1.O=[N+]([O-])[N-]c1nonc1/N=N/c1nonc1[N-][N+](=O)[O-],-56.70%,-28.40%,59.50%,8215,25.6,40,360,219.1,1124.8,1.68,163
,"Bis{3,7-diamino-7H-[1,2,4]triazolo[4,3-b][1,2,4]triazol-2-ium} 3,3 -dinitramino-4,4 -azoxyfurazanate",,Nc1[nH+]nc2n(N)cnn12.Nc1[nH+]nc2n(N)cnn12.O=[N+]([O-])[N-]c1nonc1/N=[N+](\[O-])c1nonc1[N-][N+](=O)[O-],-52.40%,-24.80%,57.90%,9077,34.4,10,240,255.1,1882,1.83,201
783021,"5,5’-dinitramino-3,3‘-azo-1,2,5-oxadiazole",,O=[N+]([O-])Nc1nonc1/N=N/c1nonc1N[N+](=O)[O-],-16.80%,5.60%,48.90%,9255,41.4,3,20,283.5,824,1.919,122
,"(Z)-1,2-bis(4-(nitro(2,2,2-trinitroethyl)amino)-1,2,5-oxadiazol-3-yl)diazene 1-oxide",,O=[N+]([O-])N(CC([N+](=O)[O-])([N+](=O)[O-])[N+](=O)[O-])c1nonc1/N=[N+](\[O-])c1nonc1N(CC([N+](=O)[O-])([N+](=O)[O-])[N+](=O)[O-])[N+](=O)[O-],2.50%,22.90%,35.70%,9458,41.2,3,80,271,961.16,1.92,128
,"(Z)-1,2-bis(4-(nitroamino)-1,2,5-oxadiazol-3-yl)diazene 1-oxide",,O=[N+]([O-])Nc1nonc1/N=[N+](\[O-])c1nonc1N[N+](=O)[O-],-10.60%,10.60%,46.30%,9746,44.1,2,10,280.2,731.13,1.96,90
,"guanidine nitro(4-(6-nitroimidazo[1,2-d][1,2,4]oxadiazol-3-yl)-1,2,5-oxadiazol-3-yl)amide monohyrate",,NC(N)=[NH2+].O.O=[N+]([O-])[N-]c1nonc1-c1noc2nc([N+](=O)[O-])cn12,-51.20%,-20%,42.90%,8051,25.5,25,240,215.2,185,1.78,187
,"hydroxylammonium nitro(4-(6-nitroimidazo[1,2-d][1,2,4]oxadiazol-3-yl)-1,2,5-oxadiazol-3-yl)amide",,O=[N+]([O-])[N-]c1nonc1-c1noc2nc([N+](=O)[O-])cn12.[NH3+]O,-38.10%,-7.60%,40%,8682,32.8,40,360,256.9,506.6,1.85,160
,"ammonium nitro(4-(6-nitroimidazo[1,2-d][1,2,4]oxadiazol-3-yl)-1,2,5-oxadiazol-3-yl)amide",,O=[N+]([O-])[N-]c1nonc1-c1noc2nc([N+](=O)[O-])cn12.[NH4+],-45.50%,-13.40%,42.10%,8152,27.5,24,240,241,469.5,1.76,171
,"3,6,7-triamino-7H-[1,2,4]triazolo[4,3-b][1,2,4]triazol-2-ium  nitro(4-(6-nitroimidazo[1,2-d][1,2,4]oxadiazol-3-yl)-1,2,5-oxadiazol-3-yl)amide",,Nc1nn2c(N)[nH+]nc2n1N.O=[N+]([O-])[N-]c1nonc1-c1noc2nc([N+](=O)[O-])cn12,-58.70%,-25.70%,51.30%,8303,27.4,20,216,232,952.1,1.83,158
,"N-(4-(6-nitroimidazo[1,2-d][1,2,4]oxadiazol-3-yl)-1,2,5-oxadiazol-3-yl)nitramide",,O=[N+]([O-])Nc1nonc1-c1noc2nc([N+](=O)[O-])cn12,-39.70%,-5.70%,39.70%,8439,30.4,12,160,256.4,600.8,1.8,128
,"Hydroxylamine [3-(4-nitroamino-1,2,5-oxadiazol-3- yl)-1,2,4-oxadiazol-5-yl]-methylene Nitrate",,O=[N+]([O-])[N-]c1nonc1-c1noc(CO[N+](=O)[O-])n1.[NH3+]O,-26.10%,0%,36.60%,8822,35.2,40,360,269.2,309.1,1.82,148
,"[3-(4-Nitroamino-1,2,5-oxadiazol-3-yl)-1,2,4- oxadiazol-5-yl]-methylene nitrate",,O=[N+]([O-])Nc1nonc1-c1noc(CO[N+](=O)[O-])n1,-26.40%,2.90%,35.90%,8451,31.1,10,,257.5,237.8,1.83,60
,"Biguanide [3-(4-nitroamino-1,2,5-oxadiazol-3-yl)- 1,2,4-oxadiazol-5-yl]-methylene nitrate",,N=C(N)[NH2+]C(=N)N.O=[N+]([O-])[N-]c1nonc1-c1noc(CO[N+](=O)[O-])n1,-51.30%,-21.40%,44.90%,7809,27.2,40,360,218.3,263.1,1.75,135
,"Ammonium [3-(4-nitroamino-1,2,5-oxadiazol-3-yl)- 1,2,4-oxadiazol-5-yl]-methylene Nitrate",,O=[N+]([O-])[N-]c1nonc1-c1noc(CO[N+](=O)[O-])n1.[NH4+],-33.10%,-5.50%,38.60%,8428,32,35,360,255.3,253.5,1.79,135
2013564,"3,3-dinitratooxetane",DNO,O=[N+]([O-])OC1(O[N+](=O)[O-])COC1,-8.90%,17.80%,15.50%,8275,29.7,1,1,264,302.6,1.74,93
1857347,"Diammonium 3,6-Bis(3-nitraminofurazan-4-ylamino)- 1,2,4,5-tetrazine",,O=[N+]([O-])[N-]c1nonc1Nc1nnc(Nc2nonc2[N-][N+](=O)[O-])nn1.[NH4+].[NH4+],-43.80%,-19.90%,55.70%,8958,33,40,360,251,985.51,1.79,224
,"Di(5-aminotetrazolium) 3,6-Bis(3-nitraminofurazan-4- ylamino)-1,2,4,5-tetrazine",,Nc1n[nH+]n[nH]1.Nc1n[nH+]n[nH]1.O.O=[N+]([O-])[N-]c1nonc1Nc1nnc(Nc2nonc2[N-][N+](=O)[O-])nn1,-43.10%,-20.10%,60.40%,8791,31.3,36,360,264,1891.59,1.75,224
,"Di(1,5-diaminotetrazolium) 3,6-Dis(3-nitraminofurazan- 4-ylamino)-1,2,4,5-tetrazine",,Nc1[nH+]nnn1N.Nc1[nH+]nnn1N.O=[N+]([O-])[N-]c1nonc1Nc1nnc(Nc2nonc2[N-][N+](=O)[O-])nn1,-45%,-22.50%,64%,9414,37.1,40,240,277.3,2483.73,1.81,211
,"Dihydrazinium 3,6-Bis(3-nitraminofurazan-4-ylamino)- 1,2,4,5-tetrazine",,N[NH3+].N[NH3+].O=[N+]([O-])[N-]c1nonc1Nc1nnc(Nc2nonc2[N-][N+](=O)[O-])nn1,-44.40%,-22.20%,58.30%,9089,33.4,28,360,263.2,1309.81,1.76,225
,"Dihydroxylammonium 3,6-Bis(3-nitraminofurazan-4-ylamino)-1,2,4,5-tetrazine",,O=[N+]([O-])[N-]c1nonc1Nc1nnc(Nc2nonc2[N-][N+](=O)[O-])nn1.[NH3+]O.[NH3+]O,-33.20%,-11.10%,51.60%,9380,39.2,38,360,272.9,1085.63,1.87,225
1857346,"N,N'-(((1,2,4,5-tetrazine-3,6-diyl)bis(azanediyl))bis(1,2,5-oxadiazole-4,3-diyl))dinitramide",,O=[N+]([O-])Nc1nonc1Nc1nnc(Nc2nonc2N[N+](=O)[O-])nn1,-34.80%,-8.70%,53.20%,9087,36.2,16,160,265,1104.59,1.85,149
,"[N-(3-((1H-tetrazol-1-yl)amino)-4H-1,2,4-triazol-4- yl)nitramide]",,O=[N+]([O-])Nn1cnnc1Nn1cnnn1,-45.30%,-22.60%,66%,9141,33.6,18,180,270,923.3,1.78,177
,3-nitratooxetane,3-NO,O=[N+]([O-])OC1COC1,-60.50%,-20.20%,11.80%,6771,16.6,40,360,234.6,168,1.34,153
,3-nitrato-3-methyloxetane,3N3MO,CC1(O[N+](=O)[O-])COC1,-90.20%,-42.10%,10.50%,6456,13.9,40,160,208.2,245.8,1.33,141
2090058,"(E)-(diazene-1,2-diylbis(1H-tetrazole-5,1-diyl))bis(ethane-2,1-diyl) dinitrate",,O=[N+]([O-])OCCn1nnnc1/N=N/c1nnnn1CCO[N+](=O)[O-],-46.50%,-18.60%,48.80%,8179,26.6,2,60,242,630.1,1.702,179
2090056,"(E)-(diazene-1,2-diylbis(2H-tetrazole-5,2-diyl))bis(ethane-2,1-diyl) dinitrate",,O=[N+]([O-])OCCn1nnc(/N=N/c2nnn(CCO[N+](=O)[O-])n2)n1,-46.50%,-18.60%,48.80%,8060,25.6,1,20,240.7,613,1.676,97
2094643,"2,2’-di(nitrato-methyl)bistetrazole",,O=[N+]([O-])OCn1nnc(-c2nnn(CO[N+](=O)[O-])n2)n1,-22.20%,0%,48.60%,8377,28.6,1,3,260.1,440.5,1.69,150
,Hexanitrodiphenylaminoethyl nitrate,,O=[N+]([O-])OCCN(c1c([N+](=O)[O-])cc([N+](=O)[O-])cc1[N+](=O)[O-])c1c([N+](=O)[O-])cc([N+](=O)[O-])cc1[N+](=O)[O-],-51.50%,-9.10%,21.20%,,,,,,,1.881,
,"2,4,6-Trinitrophenylnitraminoethyl nitrate, 2-(2’,  4’,6’-Trinitro-N-Nitroanilino)ethanol nitrate)",Pentryl,O=[N+]([O-])OCCN(c1c([N+](=O)[O-])cc([N+](=O)[O-])cc1[N+](=O)[O-])[N+](=O)[O-],-35.30%,0%,23.20%,5000,,4,,,,1.858,235
,"Heptryl, N-(2,4,6 Trinitrophenyl-N-nitramino)-  trimethylolmethane trinitrate",Heptryl,O=[N+]([O-])OCC(CO[N+](=O)[O-])(CO[N+](=O)[O-])N(c1c([N+](=O)[O-])cc([N+](=O)[O-])cc1[N+](=O)[O-])[N+](=O)[O-],-21.90%,9.40%,21.90%,,,,,277.1,239.85,1.92,157
1864221,"3,4-Bis(3-nitrofuroxan-4-yl)furoxan",BNTFO-I,O=[N+]([O-])c1c(-c2no[n+]([O-])c2-c2no[n+]([O-])c2[N+](=O)[O-])no[n+]1[O-],-9.30%,18.60%,32.50%,9867,45,3,35,276.1,667.8,1.98,130.7
,"3,3’-(Diazene-1,2-diylbis(1H-1,2,4-triazole-5,3-diyl))bis(4-azidofur- oxan)",,[N-]=[N+]=Nc1no[n+]([O-])c1-c1n[nH]c(/N=N/c2nc(-c3c(N=[N+]=[N-])no[n+]3[O-])n[nH]2)n1,-50.20%,-19.30%,60.80%,8340,30.6,6,300,254.8,1662.1,1.71,197
1987360,"3,4-bis(3-tetrazolylfuroxan-4-yl) furoxan",BTTFO,[O-][n+]1onc(-c2no[n+]([O-])c2-c2no[n+]([O-])c2-c2nnn[nH]2)c1-c1nnn[nH]1,-45.10%,-12.30%,50.20%,8621,31.5,8,290,259.7,1290.8,1.82,188.9
,"[3,3′-Bi-1,2,5-oxadiazole]-4,4′-diamine, N4,N4′-dinitro-, 2,2′-dioxide, ammonium salt (1:2)",,O=[N+]([O-])[N-]c1no[n+]([O-])c1-c1c([N-][N+](=O)[O-])no[n+]1[O-].[NH4+].[NH4+],-19.70%,0%,43.20%,8957,36.1,12,120,279.3,442.9,1.78,113
1440221,"4,4’ -diamino-[3,3’ -bi(1,2,5-oxadiazole)]-2,2’ -dioxide",,O=[N+]([O-])Nc1no[n+]([O-])c1-c1c(N[N+](=O)[O-])no[n+]1[O-],-5.50%,16.50%,38.60%,9472,41.7,2,20,272.9,430.8,1.94,91.3
,"[3,3′-Bi-1,2,5-oxadiazole]-4,4′-diamine, N4,N4′-dinitro-, 2,2′-dioxide, compd. with hydroxylamine (1:2)",,O=[N+]([O-])[N-]c1no[n+]([O-])c1-c1c([N-][N+](=O)[O-])no[n+]1[O-].[NH3+]O.[NH3+]O,-9%,9%,39.30%,9845,46.4,13,120,288.7,528,1.96,100.9
,"[3,3′-Bi-1,2,5-oxadiazole]-4,4′-diamine, N4,N4′-dinitro-, 2,2′-dioxide, compd. with hydrazine (1:2)",,N[NH3+].N[NH3+].O=[N+]([O-])[N-]c1no[n+]([O-])c1-c1c([N-][N+](=O)[O-])no[n+]1[O-],-22.60%,-4.50%,47.40%,9870,44.5,5,20,299.8,746.8,1.88,86.8
2080582,"(E)-3,3'-(diazene-1,2-diylbis(1,2,4-oxadiazole-5,3-diyl))bis(4-azido-1,2,5-oxadiazole 2-oxide)",,[N-]=[N+]=Nc1no[n+]([O-])c1-c1noc(/N=N/c2nc(-c3c(N=[N+]=[N-])no[n+]3[O-])no2)n1,-38.40%,-7.70%,53.80%,9090,37.4,3,30,275.1,1720,1.82,155
,"3,4-Bis(5-(azidomethyl)-1,2,4-oxadiazol-3-yl)-furoxan",DAMBFF,[N-]=[N+]=NCc1nc(-c2no[n+]([O-])c2-c2noc(CN=[N+]=[N-])n2)no1,-67.40%,-28.90%,50.60%,8071,26.1,20,,224,1079.9,1.8,210
1889829,"bis-1,2,4-oxadiazolyl furoxan",,[O-][n+]1onc(-c2ncon2)c1-c1ncon1,-64.80%,-21.60%,37.80%,7577,24.1,34.7,360,224,357,1.79,227
1851332,"1,2-bis(5-(4-nitro-1,2,5-oxadiazol-3-yl)-1,3,4-oxadiazol-2-yl)diazene",,O=[N+]([O-])c1nonc1-c1nnc(N=Nc2nnc(-c3nonc3[N+](=O)[O-])o2)o1,-32.60%,0%,42.80%,8800,35.1,15,220,254,854.2,1.825,278
,"3-(5-amino-1,3,4-oxadiazol-2-yl)-4-nitro-1,2,5-oxadiazole 2-oxide",,Nc1nnc(-c2c([N+](=O)[O-])no[n+]2[O-])o1,-29.90%,0%,39.20%,8764,34,15,180,269.1,416.2,1.82,150
1851330,"1,3,4-Oxadiazol-2-amine, 5-(4-nitro-1,2,5-oxadiazol-3-yl)- (9CI, ACI)",,Nc1nnc(-c2nonc2[N+](=O)[O-])o1,-40.40%,-8.10%,42.40%,8102,26.9,35,360,227.3,219.4,1.747,155
,"4-nitro-3-(5-(nitroamino)-1,3,4-oxadiazol-2-yl)-1,2,5-oxadiazole 2-oxide",,O=[N+]([O-])Nc1nnc(-c2c([N+](=O)[O-])no[n+]2[O-])o1,-9.30%,15.40%,37.80%,9258,37.5,8,108,273.2,436,1.88,86
1906614,"6-amino-3-nitro-[1,2,4]triazolo[4,3-b][1,2,4,5]tetrazine 7-oxide",,Nc1nn2c([N+](=O)[O-])nnc2n[n+]1[O-],-32.30%,-8.10%,56.50%,9384,39.1,25,240,279.1,744,1.86,220
1906615,"3,6-diamino-1,2,4- triazolo[4,3-b][1,2,4,5]tetrazine-7-N-oxide nitrate",,Nc1[nH+]nc2n[n+]([O-])c(N)nn12.O=[N+]([O-])[O-],-31.20%,-10.40%,54.50%,8808,30.1,40,360,261.7,502.3,1.81,191
,"3,3'-(diazene-1,2-diyl)bis(6-amino-[1,2,4]triazolo[4,3-b][1,2,4,5]tetrazine 7-oxide) monohydrate",,Nc1nn2c(N=Nc3nnc4n[n+]([O-])c(N)nn34)nnc2n[n+]1[O-].O,-54.80%,-27.40%,64%,8542,28.8,22,40,236.6,1062,1.82,210
,"3,6-diamino-1,2,4- triazolo[4,3-b][1,2,4,5]tetrazine-7-N-oxide",,Nc1nnc2n[n+]([O-])c(N)nn12,-66.60%,-38.10%,66.60%,9008,34.7,40,360,226,492,1.82,196
,"N6-(3-nitro-1,2,4-oxadiazol-5-yl)-[1,2,4]triazolo[4,3-b][1,2,4,5]tet- razine-3,6-diamine",,Nc1nnc2nnc(Nc3nc([N+](=O)[O-])no3)nn12,-51.30%,-21.10%,58.10%,8555,30,40,,240,771.7,1.81,222
,"3-Nitro-N-(3-nitro-[1,2,4]triazolo[4,3-b][1,2,4,5]tetrazin-6-yl)- 1,2,4-oxadiazol-5-amine",,O=[N+]([O-])c1noc(Nc2nnc3nnc([N+](=O)[O-])n3n2)n1,-29.80%,-2.70%,52.20%,8976,34.6,40,,259.4,815.2,1.84,209.8
1936861,"tri(1,2,4,5-tetrazin-3-yl)amine",,c1nnc(N(c2nncnn2)c2nncnn2)nn1,-84%,-46.70%,70.80%,8322,26.4,42,360,243.3,1386.2,1.73,231
2054180,"6-hydroxy-[1,2,4]triazolo[4,3-b][1,2,4,5]tetrazine",,Oc1nnc2nncn2n1,-69.50%,-34.80%,60.80%,8504,28.6,30,240,245.8,546.2,1.84,232
,"Hydroxylammonium 3-amino-6-oxo-6H-[1,2,4]triazolo[4,3-b] [1,2,4,5]tetrazin-2-ium-5-ide",,Nc1nnc2nnc(=O)[n-]n12.[NH3+]O,-60.20%,-34.40%,60.20%,8839,29.4,24,240,227.4,389.3,1.78,164
2054181,"Ammonium 6-oxo-6H-[1,2,4]triazolo[4,3-b][1,2,4,5]tetrazin- 2-ium-5-ide",,O=c1nnc2nncn2[n-]1.[NH4+],-77.40%,-46.40%,63.20%,8169.99,23.7,30,240,211.9,344.1,1.7,211
,"Hydrazinium 6-oxo-6H-[1,2,4]triazolo[4,3-b][1,2,4,5]tetrazin- 2-ium-5-ide",,N[NH3+].O=c1nnc2nncn2[n-]1,-75.20%,-47%,65.80%,8786,28.1,14,160,230.2,499.4,1.72,163
,"Diaminoguanidinium 6-oxo-6H-[1,2,4]triazolo[4,3-b][1,2,4,5] tetrazin-2-ium-5-ide",,NNC(=[NH2+])NN.O=c1nnc2nncn2[n-]1,-81%,-52.80%,67.80%,8258,23.6,35,240,213.3,545.4,1.62,185
,"Hydroxylammonium 6-oxo-6H-[1,2,4]triazolo[4,3-b][1,2,4,5] tetrazin-2-ium-5-ide",,O=c1nnc2nncn2[n-]1.[NH3+]O,-60.80%,-32.70%,57.30%,8632,28.5,24,240,234,395.6,1.77,250
,"Aminoguanidinium 6-oxo-6H-[1,2,4]triazolo[4,3-b][1,2,4,5] tetrazin-2-ium-5-ide",,NNC(N)=[NH2+].O=c1nnc2nncn2[n-]1,-82.90%,-52.80%,66%,7998,22,40,360,203,427.1,1.63,212
,"3,5-Diamino-triazolium 6-oxo-6H-[1,2,4]triazolo[4,3-b][1,2,4,5] tetrazin-2-ium-5-ide",,Nc1n[nH]c(N)[nH+]1.O=c1nnc2nncn2[n-]1,-84.30%,-50.60%,64.90%,7979,22.4,40,360,205.2,568.3,1.71,227
2032618,"3-Amino-6-oxo-6H-[1,2,4]triazolo[4,3-b][1,2,4,5]tetrazin-2-ium-5-ide",,Nc1[nH+]nc2nnc(=O)[n-]n12,-67.90%,-36.60%,64%,8597,28,34,240,223.3,438.4,1.86,227
,"3-nitro-[1,2,4]triazolo[4,3-b][1,2,4,5]tetrazin-6-amine",,Nc1nnc2nnc([N+](=O)[O-])n2n1,-43.90%,-17.60%,61.50%,8953,33.9,40,360,256.8,656.8,1.83,213
,"3,5-Diamino-triazolium 3-amino-6-oxo-6H-[1,2,4]triazolo[4,3-b] [1,2,4,5]tetrazin-2-ium-5-ide",,Nc1n[nH]c(N)[nH+]1.Nc1nnc2nnc(=O)[n-]n12,-82.50%,-50.80%,66.60%,8105,23,40,360,201.6,558.5,1.71,111
,"Hydrazinium 3-amino-6-oxo-6H-[1,2,4]triazolo[4,3-b][1,2,4,5] tetrazin-2-ium-5-ide",,N[NH3+].Nc1nnc2nnc(=O)[n-]n12,-73.50%,-47.50%,68.10%,8858,28.2,16,160,224.1,494.6,1.71,168
,"Ammonium 3-amino-6-oxo-6H-[1,2,4]triazolo[4,3-b][1,2,4,5] tetrazin-2-ium-5-ide",,Nc1nnc2nnc(=O)[n-]n12.[NH4+],-75.20%,-47%,65.80%,8296,24.4,40,360,207.1,340.8,1.69,214
,"Diaminoguanidinium 3-amino-6-oxo-6H-[1,2,4]triazolo[4,3-b] [1,2,4,5]tetrazin-2-ium-5-ide",,NNC(=[NH2+])NN.Nc1nnc2nnc(=O)[n-]n12,-79.30%,-52.80%,69.40%,8231,23.3,36,240,209.3,537.5,1.6,186
2032619,"Guanidinium 3-amino-6-oxo-6H-[1,2,4]triazolo[4,3-b][1,2,4,5] tetrazin-2-ium-5-ide",,NC(N)=[NH2+].Nc1nnc2nnc(=O)[n-]n12,-82.90%,-52.80%,66%,7883,21.1,40,360,189.7,311.5,1.65,248
2068570,"bis[1,2,4]triazolo[3,4-f:4′,3′-b][1,2,4,5]tetrazine-1,8-diamine",,Nc1nnc2nnc3nnc(N)n3n12,-83.30%,-50%,72.90%,8670,33.2,,,233,777,1.76,247
,"Aminoguanidinium 3-amino-6-oxo-6H-[1,2,4]triazolo[4,3-b] [1,2,4,5]tetrazin-2-ium-5-ide",,NNC(N)=[NH2+].Nc1nnc2nnc(=O)[n-]n12,-81%,-52.80%,67.80%,8308,23.9,40,360,199.2,415.4,1.67,216
1946703,"ammonium (6-amino-[1,2,4]triazolo[4,3-b][1,2,4,5]tetrazin-3-yl)(nitroso)amide",,Nc1nnc2nnc([N-]N=O)n2n1.[NH4+],-64.60%,-40.40%,70.70%,8209,24.1,40,360,223.5,550,1.63,211
,"(Z)-1,2-bis(6-azido-[1,2,4]triazolo[4,3-b][1,2,4,5]tetrazin-3-yl)diazene",,[N-]=[N+]=Nc1nnc2nnc(/N=N\c3nnc4nnc(N=[N+]=[N-])nn34)n2n1,-54.50%,-27.30%,79.50%,8690,30.2,1,5,263.2,2194.6,1.77,183
,"pyrrolo[1,2-b][1,2,4,5]tetrazine 1-oxide",,[O-][n+]1ncnn2cnnc21,-69.50%,-34.80%,60.80%,8292,27,40,360,253,682.9,1.72,220
,"N6-(4-Nitro-1,2,5-oxadiazol-3-yl)-[1,2,4]triazolo[4,3-b][1,2,4,5]tet- razine-3,6-diamine",,Nc1nnc2nnc(Nc3nonc3[N+](=O)[O-])nn12,-51.30%,-21.10%,58.10%,8755,32.1,7.5,,250,891.2,1.82,249.5
,"N-([1,2,4]triazolo[4,3-b][1,2,4,5]tetrazin-6-yl)-3-nitro-1,2,4-oxadia- zol-5-amine",TTNOA,O=[N+]([O-])c1noc(Nc2nnc3nncn3n2)n1,-51.20%,-19.20%,56%,8069,25.7,40,,245.2,785.9,1.68,226.2
,"4-Nitro-N-(3-nitro-[1,2,4]triazolo[4,3-b][1,2,4,5]tetrazin-6-yl)- 1,2,5-oxadiazol-3-amine",TTDNF,O=[N+]([O-])c1nonc1Nc1nnc2nnc([N+](=O)[O-])n2n1,-29.80%,-2.70%,52.20%,9182,36.7,40,,268.8,933.2,1.86,184.2
1569956,"f N-([1,2,4]triazolo[4,3-b][1,2,4,5]tetrazin-6-yl)−4- nitro-1-furazan-3-amine",,O=[N+]([O-])c1nonc1Nc1nnc2nncn2n1,-51.20%,-19.20%,56%,8532,29.9,5,,255.4,906.3,1.76,229.1
1884785,"Tetrazolo[1,5-b][1,2,4]triazolo[3,4-f][1,2,4,5]tetrazin-8-amine",,[N-]=[N+]=Nc1nnc2nnc(N)n2n1,-62.90%,-35.90%,78.60%,8581,28.5,30,45,248,913.6,1.74,165
,"1,2-Bis([1,2,4]triazolo[4,3-b][1,2,4,5]tetrazin-3-yl)diazene",,c1nnc2nnc(N=Nc3nnc4nncnn34)n2n1,-77%,-41.50%,72.50%,9200,34.8,16,360,246.5,1525.2,1.91,305
,"[[1,2,4]triazolo[4,3-b][1,2,4,5]tetrazine]",,c1nnc2nncn2n1,-91.70%,-52.40%,68.80%,8176,27.2,40,360,249,753.9,1.68,243
,"4,4'-(Diazene-1,2-diyl)bis(N-([1,2,4]triazolo[4,3- b][1,2,4,5]tetrazin-6-yl)-furazan-3-amine)",ABFTT,c1nnc2nnc(Nc3nonc3N=Nc3nonc3Nc3nnc4nncn4n3)nn12,-73.30%,-36.70%,64.20%,7420,20.2,,,226.1,1600,1.62,292
,"N-([1,2,4]Triazolo[4,3-b][1,2,4,5]tetrazin-6-yl) furazan-3-amine",AzFTT,[N-]=[N+]=Nc1nonc1Nc1nnc2nncn2n1,-65%,-32.50%,68.20%,8370,29.9,,,235.1,996,1.731,194
,"1,2-Bis(4-([1,2,4]triazolo[4,3-b][1,2,4,5]tetrazin-6-ylamino)- furazan-3-yl) diazene oxide",AOBFTT,[O-][N+](=Nc1nonc1Nc1nnc2nncn2n1)c1nonc1Nc1nnc2nncn2n1,-67.20%,-31.80%,61.90%,7760,24.7,,,230,1563,1.74,288
,"ammonium [1,2,4]triazolo[4,3-b][1,2,4,5]tetrazin-6-yl(nitro)amide",,O=[N+]([O-])[N-]c1nnc2nncn2n1.[NH4+],-52.20%,-28.10%,63.30%,8937,31.6,20,240,251.9,649.1,1.76,193
1864887,"hydroxylammonium [1,2,4]triazolo[4,3-b][1,2,4,5]tetrazin-6-yl(nitro)amide",,O=[N+]([O-])[N-]c1nnc2nncn2n1.[NH3+]O,-40.90%,-18.60%,58.60%,9276,36.1,28,240,267.5,698.1,1.82,156
2026008,"6-[Tris(hydroxylmethyl)aminomethane trinitrate]-1,2,4-triazolo[4,3-b]-1,2,4,5-tetrazine",TriTzTrisTN,O=[N+]([O-])OCC(CO[N+](=O)[O-])(CO[N+](=O)[O-])Nc1nnc2nncn2n1,-38.30%,-8.50%,37.20%,8290,29.4,3.9,94,245.4,246,1.79,154.6
1864886,"N-Nitro-1,2,4-triazolo[4,3-b][1,2,4,5]tetrazin-6-amine",,O=[N+]([O-])Nc1nnc2nncn2n1,-43.90%,-17.60%,61.50%,8621,30.4,20,240,258.9,675.1,1.76,148
,"7H-1,2,4-Triazolo[4,3-b][1,2,4]triazole-3,6,7-triamine, compd. with N-nitro[1,2,4]triazolo[4,3-b]-1,2,4,5-tetrazin-3-amine (1:1) (ACI)",,Nc1nn2c(N)[nH+]nc2n1N.O=[N+]([O-])[N-]c1nnc2nncn2n1,-66.60%,-38.10%,66.60%,9085,32.8,17,360,243.6,1233.6,1.76,155
,"1,5-diamino-1H-tetrazol-4-ium, [1,2,4]triazolo[4,3-b][1,2,4,5]tetrazin-6-yl(nitro)amide",,Nc1[nH+]nnn1N.O=[N+]([O-])[N-]c1nnc2nncn2n1,-51%,-28.30%,69.50%,8916,30.9,40,360,261.2,1176.4,1.8,248
,"hydrazinium [1,2,4]triazolo[4,3-b][1,2,4,5]tetrazin-6-yl(nitro)amide",,N[NH3+].O=[N+]([O-])[N-]c1nnc2nncn2n1,-52.30%,-29.90%,65.40%,9216,33.9,12,240,262.2,802.1,1.77,133
,"triaminoguanidine [1,2,4]triazolo[4,3-b][1,2,4,5]tetrazin-6-yl(nitro)amide",,NNC(NN)=[NH+]N.O=[N+]([O-])[N-]c1nnc2nncn2n1,-61.50%,-39.10%,68.50%,8748,28.4,38,360,247.3,959.5,1.79,152
,"dihydroxylammonium 6,6′-dinitramino-3,3′-azo-1,2,4-triazolo[4,3-b][1,2,4,5]- tetrazine",,O=[N+]([O-])[N-]c1nnc2nnc(N=Nc3nnc4nnc([N-][N+](=O)[O-])nn34)n2n1.[NH3+]O.[NH3+]O,-35.10%,-14%,61.40%,10233,48.6,14,10,294.1,2099.3,1.99,185
,"6,6′-dinitramino-3,3′-azo-1,2,4- triazolo[4,3-b][1,2,4,5]tetrazine",,O=[N+]([O-])Nc1nnc2nnc(N=Nc3nnc4nnc(N[N+](=O)[O-])nn34)n2n1,-36.90%,-12.30%,64.60%,9500,39.8,14,5,284.7,2037.8,1.85,170
,"diammonium 6,6′-dinitramino-3,3′-azo-1,2,4-triazolo[4,3-b][1,2,4,5]- tetrazine",,O=[N+]([O-])[N-]c1nnc2nnc(N=Nc3nnc4nnc([N-][N+](=O)[O-])nn34)n2n1.[NH4+].[NH4+],-45.30%,-22.60%,66%,9566,38.8,10,40,279.6,2014.7,1.84,240
2382010,"1,8-diazidobis([1,2,4]- triazolo)[4,3-b:3′,4′-f][1,2,4,5]tetrazine",DATTY,[N-]=[N+]=Nc1nnc2nnc3nnc(N=[N+]=[N-])n3n12,-52.40%,-26.20%,80.30%,8835,30.7,0.5,5,268.8,1594.97,1.82,151.5
,"Ammonium (3-(Dinitromethanidyl)-[1,2,4]triazolo[4,3-b][1,2,4,5]tetrazin-6-yl)(nitro) amide",,O=[N+]([O-])[N-]c1nnc2nnc([C-]([N+](=O)[O-])[N+](=O)[O-])n2n1.[NH4+].[NH4+],-30%,-10%,52.50%,8900,32.4,15,240,252.2,439.7,1.805,152.2
2204893,". 3,6,7-Triamino-7H-[1,2,4]triazolo[4,3-b][1,2,4]triazol-2-ium(3-(dinitromethanidyl)- [1,2,4]triazolo[4,3-b][1,2,4,5]tetrazin-6-yl)(nitro)amide",,Nc1nn2c(N)[nH+]nc2n1N.Nc1nn2c(N)[nH+]nc2n1N.O=[N+]([O-])[N-]c1nnc2nnc([C-]([N+](=O)[O-])[N+](=O)[O-])n2n1,-56.50%,-29.60%,61.20%,8789,29.8,40,160,237.5,1627.3,1.817,170.8
2204894,"Guanidine (3-(Dinitromethanidyl)-[1,2,4]triazolo[4,3-b][1,2,4,5]tetrazin-6-yl)(nitro) amide",,NC(N)=[NH2+].NC(N)=[NH2+].O=[N+]([O-])[N-]c1nnc2nnc([C-]([N+](=O)[O-])[N+](=O)[O-])n2n1,-47.50%,-23.70%,55.40%,7892,23,40,360,220.7,485.1,1.629,228.4
2172623,"ammonium (6-amino-[1,2,4]triazolo[4,3-b][1,2,4,5]tetrazin-3-yl)dinitromethanide",,Nc1nnc2nnc([C-]([N+](=O)[O-])[N+](=O)[O-])n2n1.[NH4+],-43.40%,-18.60%,54.20%,8574,29.4,35,240,245.6,564.3,1.756,197
,"(Z)-4,6-dinitro-N',N''-bis((E)-2,4,6-trinitrobenzylidene)-1H-indazole-1-carbohydrazonhydrazide",,O=[N+]([O-])c1cc([N+](=O)[O-])c(/C=N/N=C(/N/N=C/c2c([N+](=O)[O-])cc([N+](=O)[O-])cc2[N+](=O)[O-])n2ncc3c([N+](=O)[O-])cc([N+](=O)[O-])cc32)c([N+](=O)[O-])c1,-72.70%,-24.20%,27%,7820,27.4,30,240,236.49,1138.3,1.82,192
227799,"2,4,6-trinitrotoluene",TNT,Cc1c([N+](=O)[O-])cc([N+](=O)[O-])cc1[N+](=O)[O-],-74%,-24.70%,18.50%,6881,19.5,15,353,209.9,64,1.65,300
,"3-Amino-1H-1,2,4-triazol-4-ium 3-methyl-2,4,6-trinitrophenolate",,Cc1c([N+](=O)[O-])cc([N+](=O)[O-])c([O-])c1[N+](=O)[O-].Nc1n[nH]c[nH+]1,-75.80%,-31.80%,29.90%,6790,19.23,,,196.2,121,1.63,225
1450558,TKX-55,TKX-55,O=[N+]([O-])c1cc([N+](=O)[O-])c(-c2nnc(-c3nnc(-c4c([N+](=O)[O-])cc([N+](=O)[O-])cc4[N+](=O)[O-])o3)o2)c([N+](=O)[O-])c1,-57.10%,-11.40%,25%,8030,27.3,5,360,216.5,197.6,1.837,335
,"3,5-Diamino-1H-1,2,4-triazol-4-ium 3-methyl-2,4,6-trinitrophenolate",,Cc1c([N+](=O)[O-])cc([N+](=O)[O-])c([O-])c1[N+](=O)[O-].Nc1n[nH]c(N)[nH+]1,-74.80%,-32.70%,32.70%,6760,19.08,,,193.3,157,1.63,235
2248967,"trans-2,2′,4,4′,6,6′-Hexanitrostilbene",HNS,O=[N+]([O-])c1cc([N+](=O)[O-])c(/C=C/c2c([N+](=O)[O-])cc([N+](=O)[O-])cc2[N+](=O)[O-])c([N+](=O)[O-])c1,-67.50%,-17.80%,18.70%,7019,21.5,5,240,210.4,58.2,1.74,316
,"2,4,6-Trinitro-m-cresol",TNCr,Cc1c([N+](=O)[O-])cc([N+](=O)[O-])c(O)c1[N+](=O)[O-],-62.50%,-16.50%,17.30%,7080,21.39,12,353,198.2,296.14,1.69,212
,"4H-1,2,4-Triazol-4-aminium 3-methyl-2,4,6-trinitrophenolate",,Cc1c([N+](=O)[O-])cc([N+](=O)[O-])c([O-])c1[N+](=O)[O-].Nn1cn[nH+]c1,-75.80%,-31.80%,29.90%,6960,20.2,,,206.2,29,1.63,225
,"(E)-3-(2-(2,4,6-trinitrobenzylidene)hydrazineyl)-4H-1,2,4-triazol-4-amine",,Nn1cnnc1N/N=C/c1c([N+](=O)[O-])cc([N+](=O)[O-])cc1[N+](=O)[O-],-73.50%,-30.80%,37.40%,7920,22.9,24,252,240.8,723.1,1.7,185
2248967,hexanitrostil-bene,HNS,O=[N+]([O-])c1cc([N+](=O)[O-])c(C=Cc2c([N+](=O)[O-])cc([N+](=O)[O-])cc2[N+](=O)[O-])c([N+](=O)[O-])c1,-67.50%,-17.80%,18.70%,7612,24.4,5,360,218.2,78.3,1.74,316
,"3,4-Diamino-1,2,5-oxadiazol-2-ium 3-methyl-2,4,6-trinitrophenolate",,Cc1c([N+](=O)[O-])cc([N+](=O)[O-])c([O-])c1[N+](=O)[O-].Nc1no[nH+]c1N,-67.60%,-25.60%,28.60%,7130,21.35,,,207.3,63,1.65,211
,"Diaminomethaniminium 3-methyl-2,4,6-trinitrophenolate",,Cc1c([N+](=O)[O-])cc([N+](=O)[O-])c([O-])c1[N+](=O)[O-].NC(N)=[NH2+],-74.10%,-31.80%,27.80%,6670,18.35,,,190.3,359,1.6,175
1569962,"2,4,6,2′,4′,6′-Hexanitrobiphenyl",HNB,O=[N+]([O-])c1cc([N+](=O)[O-])c(-c2c([N+](=O)[O-])cc([N+](=O)[O-])cc2[N+](=O)[O-])c([N+](=O)[O-])c1,-52.80%,-7.50%,19.80%,,,18.64,,,,1.6,261
,"2,2′,3,3′,4,4′5,5′,6,6′-Decanitrobiphenyl",DNBP,O=[N+]([O-])c1c(-c2c([N+](=O)[O-])c([N+](=O)[O-])c([N+](=O)[O-])c([N+](=O)[O-])c2[N+](=O)[O-])c([N+](=O)[O-])c([N+](=O)[O-])c([N+](=O)[O-])c1[N+](=O)[O-],-10.60%,21.20%,23.20%,8660,35.2,,,,,1.86,243
1255528,"2,4,6-trinitrobenzoic acid",TNBA,O=C(O)c1c([N+](=O)[O-])cc([N+](=O)[O-])cc1[N+](=O)[O-],-46.70%,-3.10%,16.30%,7558,24.1,10,353,199.3,409,1.87,
,"2,5-Bis- (2,4,6-trinitrophenyl)-1,3,4-oxadiazole",DPO,O=[N+]([O-])c1cc([N+](=O)[O-])c(-c2nnc(-c3c([N+](=O)[O-])cc([N+](=O)[O-])cc3[N+](=O)[O-])o2)c([N+](=O)[O-])c1,-55.30%,-9.80%,22.80%,8175,28.94,,,233.6,368,1.82,
,"N',2-bis((E)-2,4,6-trinitrobenzylidene)hydrazine-1-carboximidhydrazide",,N=C(N/N=C/c1c([N+](=O)[O-])cc([N+](=O)[O-])cc1[N+](=O)[O-])N/N=C/c1c([N+](=O)[O-])cc([N+](=O)[O-])cc1[N+](=O)[O-],-67.30%,-22.40%,28.80%,7553,21.7,28,240,227.5,539.6,1.65,180
,"Dipicramide, dipicrylamide, diaminohexanitrobiphenyl",DIPAM,Nc1c([N+](=O)[O-])cc([N+](=O)[O-])c(-c2c([N+](=O)[O-])cc([N+](=O)[O-])c(N)c2[N+](=O)[O-])c1[N+](=O)[O-],-52.80%,-10.60%,24.70%,7400,26.9,,,215.8,28.46,1.79,305
2005063,"(E)-4,6-dinitro-N'-((E)-2,4,6-trinitrobenzylidene)-1H-indazole-1-carbohydrazonamide",,N/C(=N\N=C\c1c([N+](=O)[O-])cc([N+](=O)[O-])cc1[N+](=O)[O-])n1ncc2c([N+](=O)[O-])cc([N+](=O)[O-])cc21,-78.60%,-29.50%,28.70%,7782,24.8,32,360,219,525.4,1.68,189
1272852,"2,4,6-trinitro-m-xylene, xylyl, 2,4,6-trinitroxylene",TNX,Cc1c([N+](=O)[O-])cc([N+](=O)[O-])c(C)c1[N+](=O)[O-],-89.60%,-36.50%,17.40%,6600,16.4,10.46,,202.8,102.6,1.65,248
,"3,3′-Dihydroxy-2,2′,4,4′6,6′-hexanitrobiphenyl",DIPA,O=[N+]([O-])c1cc([N+](=O)[O-])c(-c2c([N+](=O)[O-])cc([N+](=O)[O-])c(O)c2[N+](=O)[O-])c([N+](=O)[O-])c1O,-42.10%,0%,18.40%,,,,,,,1.82,311
1255527,"2,4,6-Trinitrobenzamide, trinitrobenzamide",Trinitrobenzamide,NC(=O)c1c([N+](=O)[O-])cc([N+](=O)[O-])cc1[N+](=O)[O-],-56.20%,-12.50%,21.90%,,,31.4,,,,,264
,"1,3,5-Tripicrylbenzene",TNTPB,O=[N+]([O-])c1cc([N+](=O)[O-])c(-c2cc(-c3c([N+](=O)[O-])cc([N+](=O)[O-])cc3[N+](=O)[O-])cc(-c3c([N+](=O)[O-])cc([N+](=O)[O-])cc3[N+](=O)[O-])c2)c([N+](=O)[O-])c1,-77.60%,-23.60%,17.70%,6640,18.9,,,214.9,259.94,1.67,372
,"2,4,6-Trinitrobenzyl nitrate",TNBzIN,O=[N+]([O-])OCc1c([N+](=O)[O-])cc([N+](=O)[O-])cc1[N+](=O)[O-],-38.90%,0%,19.40%,,,,,261,116.37,1.5,
733426,"2,2′,2″,2‴,4,4′,4″,4‴,6,6′,6″,6‴-Dodecanitroquatraphenyl,  2,2′,2″,2‴,4,4′,4″,4‴,6,6′,6″,6‴-dodecanitro- 1,1′:3′1″3″,1‴-quaterphenyl",DODECA,O=[N+]([O-])c1cc([N+](=O)[O-])c(-c2c([N+](=O)[O-])cc([N+](=O)[O-])c(-c3c([N+](=O)[O-])cc([N+](=O)[O-])c(-c4c([N+](=O)[O-])cc([N+](=O)[O-])cc4[N+](=O)[O-])c3[N+](=O)[O-])c2[N+](=O)[O-])c([N+](=O)[O-])c1,-51%,-5.70%,19.80%,7700,26.4,7.5,,227.8,213,1.81,
1821837,"2,2ʹ,2ʹʹ,4,4ʹ,4ʹʹ,6,6ʹ,6ʹʹ-Nonanitro-mterphenyl",NONA,O=[N+]([O-])c1cc([N+](=O)[O-])c(-c2c([N+](=O)[O-])cc([N+](=O)[O-])c(-c3c([N+](=O)[O-])cc([N+](=O)[O-])cc3[N+](=O)[O-])c2[N+](=O)[O-])c([N+](=O)[O-])c1,-51.60%,-6.30%,19.80%,7560,26.58,9.1,300,226.1,114.69,1.78,309
,"2,2I ,4,4I ,4II,6,6I ,6II-Octanitro-m-terphenyl",ONT,O=[N+]([O-])c1ccc(-c2c([N+](=O)[O-])cc([N+](=O)[O-])c(-c3c([N+](=O)[O-])cc([N+](=O)[O-])cc3[N+](=O)[O-])c2[N+](=O)[O-])c([N+](=O)[O-])c1,-62.30%,-13.60%,19%,7330,24.7,10,360,219,94.6,1.8,334
,"2,3,4,6-Tetranitrotoluene,  2,3,4,6-tetranitromethylbenzene",TeNT,Cc1c([N+](=O)[O-])cc([N+](=O)[O-])c([N+](=O)[O-])c1[N+](=O)[O-],-47%,-5.90%,20.60%,7600,25.6,10,,225,128.92,1.7,
,"ammonium nitro(5-(2,4,6-trinitrophenyl)-1,3,4- oxadiazol-2-yl)amide",,O=[N+]([O-])[N-]c1nnc(-c2c([N+](=O)[O-])cc([N+](=O)[O-])cc2[N+](=O)[O-])o1.[NH4+],-44.70%,-8.90%,31.30%,7193,20.1,40,240,179.3,625.7,1.8,188
,"2,4,6-Tripicryl-s-triazine",TPT,O=[N+]([O-])c1cc([N+](=O)[O-])c(-c2nc(-c3c([N+](=O)[O-])cc([N+](=O)[O-])cc3[N+](=O)[O-])nc(-c3c([N+](=O)[O-])cc([N+](=O)[O-])cc3[N+](=O)[O-])n2)c([N+](=O)[O-])c1,-60.50%,-13.40%,23.50%,6550,21.2,22.85,,219,306.4,1.67,319.6
,"Hydrazinium nitro(5-(2,4,6-trinitrophenyl)-1,3,4-oxadiazol-2-yl) amide",,N[NH3+].O=[N+]([O-])[N-]c1nnc(-c2c([N+](=O)[O-])cc([N+](=O)[O-])cc2[N+](=O)[O-])o1,-45%,-10.70%,33.80%,7366,21.5,40,160,188.2,464.6,1.78,145
,"5-(2,4,6-Trinitrophenyl)-1,3,4-oxadiazol-2-amine",,Nc1nnc(-c2c([N+](=O)[O-])cc([N+](=O)[O-])cc2[N+](=O)[O-])o1,-59.40%,-16.20%,28.40%,7447,22.6,40,360,219.6,155,1.76,231
2286868,"(E)-1,2-bis(5-(2,4,6-trinitrophenyl)-1,3,4-oxadiazol- 2-yl)diazene",,O=[N+]([O-])c1cc([N+](=O)[O-])c(-c2nnc(/N=N/c3nnc(-c4c([N+](=O)[O-])cc([N+](=O)[O-])cc4[N+](=O)[O-])o3)o2)c([N+](=O)[O-])c1,-54.40%,-10.90%,28.60%,7763,25.3,40,360,233.6,666.6,1.79,294
2133005,"N-(5-(2,4,6-trinitrophenyl)-1,3,4-oxadiazol-2-yl) nitramide",,O=[N+]([O-])N=c1[nH]nc(-c2c([N+](=O)[O-])cc([N+](=O)[O-])cc2[N+](=O)[O-])o1,-39.90%,-2.30%,28.70%,8075,27.9,20,160,242.38,222.6,1.79,144
,"Hydroxylammonium nitro(5-(2,4,6-trinitrophenyl)-1,3,4- oxadiazol-2-yl)amide",,O=[N+]([O-])[N-]c1nnc(-c2c([N+](=O)[O-])cc([N+](=O)[O-])cc2[N+](=O)[O-])o1.[NH3+]O,-38.50%,-4.30%,29.90%,7394,22,40,160,194.6,557.1,1.78,151
,"5-Methyl-3-trinitromethyl-1,2,4-oxadiazole",,Cc1nc(C([N+](=O)[O-])([N+](=O)[O-])[N+](=O)[O-])no1,-17.20%,10.30%,30%,8779,34.6,30,324,264,43,1.84,148
,"3,3′-Bis(trinitromethyl)-5,5′-bi(1,2,4-oxadiazole)",,O=[N+]([O-])C(c1noc(-c2nc(C([N+](=O)[O-])([N+](=O)[O-])[N+](=O)[O-])no2)n1)([N+](=O)[O-])[N+](=O)[O-],7.30%,29.30%,32.10%,8882,34.3,12,90,250,165.5,1.942,142.8
2087555,"hydroxylammonium (E)-((diazene-1,2-diylbis(1,2,5-oxadiazole-4,3-diyl))bis(1,2,4-oxadiazole-3,5-diyl))bis(dinitromethanide)",,O=[N+]([O-])[C-](c1nc(-c2nonc2/N=N/c2nonc2-c2noc([C-]([N+](=O)[O-])[N+](=O)[O-])n2)no1)[N+](=O)[O-].[NH3+]O.[NH3+]O,-27.80%,0%,38.90%,9196,38.62,18,144,281.4,1260.74,1.885,182.8
2167894,"(E)-4,4'-(diazene-1,2-diyl)bis(3-(5-(trinitromethyl)-1,2,4-oxadiazol-3-yl)-1,2,5-oxadiazole 2-oxide)",,O=[N+]([O-])C(c1nc(-c2c(/N=N/c3no[n+]([O-])c3-c3noc(C([N+](=O)[O-])([N+](=O)[O-])[N+](=O)[O-])n3)no[n+]2[O-])no1)([N+](=O)[O-])[N+](=O)[O-],-5.10%,20.20%,35.40%,9411,38.99,3,54,268.8,993.5,1.93,119
2087554,"ammonium (E)-((diazene-1,2-diylbis(1,2,5-oxadiazole-4,3-diyl))bis(1,2,4-oxadiazole-3,5-diyl))bis(dinitromethanide)",,O=[N+]([O-])[C-](c1nc(-c2nonc2/N=N/c2nonc2-c2noc([C-]([N+](=O)[O-])[N+](=O)[O-])n2)no1)[N+](=O)[O-].[NH4+].[NH4+],-35.30%,-5.90%,41.20%,8824,34.17,24,144,270.1,1176.2,1.836,154.2
,"hydroxylammonium (E)-((diazene-1,2-diylbis(2-oxido-1,2,5-oxadiazole-4,3-diyl))bis(1,2,4-oxadiazole-3,5-diyl))bis(dinitromethanide)",,O=[N+]([O-])[C-](c1nc(-c2c(/N=N/c3no[n+]([O-])c3-c3noc([C-]([N+](=O)[O-])[N+](=O)[O-])n3)no[n+]2[O-])no1)[N+](=O)[O-].[NH3+]O.[NH3+]O,-21%,5.30%,36.80%,9167,38.3,12,168,274.8,861.5,1.9,145
2167893,"ammonium (E)-((diazene-1,2-diylbis(2-oxido-1,2,5-oxadiazole-4,3-diyl))bis(1,2,4-oxadiazole-3,5-diyl))bis(dinitromethanide)",,O=[N+]([O-])[C-](c1nc(-c2c(/N=N/c3no[n+]([O-])c3-c3noc([C-]([N+](=O)[O-])[N+](=O)[O-])n3)no[n+]2[O-])no1)[N+](=O)[O-].[NH4+].[NH4+],-27.80%,0%,38.90%,8841,34.6,14,192,264.9,785.6,1.86,172
,"Dihydrazium ([5,5'-bi(1,2,4-oxadiazole)]-3,3'-diylbis(1,2,5-oxadiazole-4,3-diyl))bis(nitroamide)",,N[NH3+].N[NH3+].O=[N+]([O-])[N-]c1nonc1-c1noc(-c2nc(-c3nonc3[N-][N+](=O)[O-])no2)n1,-45.40%,-17.50%,48.90%,8836,33,12,160,245.7,910.5,1.819,225
1816899,"N,N'-([5,5'-bi(1,2,4-oxadiazole)]-3,3'-diylbis(1,2,5-oxadiazole-4,3-diyl))dinitramide",,O=[N+]([O-])Nc1nonc1-c1noc(-c2nc(-c3nonc3N[N+](=O)[O-])no2)n1,-36.50%,-4.10%,42.60%,8793,33.3,16,180,249.9,786.3,1.853,84
1816903,"Di(4-amino-1,2,4-triazolium) ([5,5'-bi(1,2,4-oxadiazole)]-3,3'-diylbis(1,2,5-oxadiazole-4,3-diyl))bis(nitroamide)",,Nc1nc[nH+][nH]1.Nc1nc[nH+][nH]1.O=[N+]([O-])[N-]c1nonc1-c1noc(-c2nc(-c3nonc3[N-][N+](=O)[O-])no2)n1,-59.70%,-25.60%,49.80%,8078,25.7,22,220,226.7,1087.9,1.73,218
1816902,"Di(4-amino-1,2,4-triazolium) ([5,5'-bi(1,2,4-oxadiazole)]-3,3'-diylbis(1,2,5-oxadiazole-4,3-diyl))bis(nitroamide)",,Nn1cn[nH+]c1.Nn1cn[nH+]c1.O=[N+]([O-])[N-]c1nonc1-c1noc(-c2nc(-c3nonc3[N-][N+](=O)[O-])no2)n1,-59.70%,-25.60%,49.80%,8325,27.9,14,160,238,1345.2,1.755,221
1816900,"Dihydroxylammonium ([5,5'-bi(1,2,4-oxadiazole)]-3,3'-diylbis(1,2,5-oxadiazole-4,3-diyl))bis(nitroamide)",,O=[N+]([O-])[N-]c1nonc1-c1noc(-c2nc(-c3nonc3[N-][N+](=O)[O-])no2)n1.[NH3+]O.[NH3+]O,-34.80%,-7%,42.60%,9030,36,12,180,257,699.8,1.87,187
,"Diguanidinium ([5,5'-bi(1,2,4-oxadiazole)]-3,3'-diylbis(1,2,5-oxadiazole-4,3-diyl))bis(nitroamide)",,NC(N)=[NH2+].NC(N)=[NH2+].O=[N+]([O-])[N-]c1nonc1-c1noc(-c2nc(-c3nonc3[N-][N+](=O)[O-])no2)n1,-56.20%,-25%,49.20%,7838,23.2,36,360,216.6,607.5,1.668,263
,"Diammonium ([5,5'-bi(1,2,4-oxadiazole)]-3,3'-diylbis(1,2,5-oxadiazole-4,3-diyl))bis(nitroamide)",,O=[N+]([O-])[N-]c1nonc1-c1noc(-c2nc(-c3nonc3[N-][N+](=O)[O-])no2)n1.[NH4+].[NH4+],-44.80%,-14.90%,45.80%,8343,28.8,20,240,234.1,614.9,1.755,215
1816901,"Di(3,5-diamino-1,2,4-triazolium) ([5,5'-bi(1,2,4-oxadiazole)]-3,3'-diylbis(1,2,5-oxadiazole-4,3-diyl))bis(nitroamide)",,Nc1nc(N)[nH+][nH]1.Nc1nc(N)[nH+][nH]1.O=[N+]([O-])[N-]c1nonc1-c1noc(-c2nc(-c3nonc3[N-][N+](=O)[O-])no2)n1,-59.40%,-27%,52%,8315,27.2,40,360,220.1,1014.6,1.785,225
,"Di(aminoguanidinium) ([5,5'-bi(1,2,4-oxadiazole)]-3,3'-diylbis(1,2,5-oxadiazole-4,3-diyl))bis(nitroamide)",,NNC(N)=[NH2+].NNC(N)=[NH2+].O=[N+]([O-])[N-]c1nonc1-c1noc(-c2nc(-c3nonc3[N-][N+](=O)[O-])no2)n1,-56.10%,-26.60%,51.60%,8151,25.5,40,360,222.7,804.9,1.703,228
,"3-Nitroamino-4-(5-methyleneazide-1,2,4-oxadiazol-3-yl)furoxan guanidine salt",,NC(N)=[NH2+].[N-]=[N+]=NCc1nc(-c2nonc2[N-][N+](=O)[O-])no1,-61.50%,-30.70%,53.80%,8399,27.7,25,240,256.9,1007.93,1.707,167.2
,"3,3′-(1,2,4-Oxadiazole-3,5-diyl)bis[N-nitro-1,2,5-oxadiazol-3-amine], ammonium salt (1:2)",,O=[N+]([O-])[N-]c1nonc1-c1noc(-c2nonc2[N-][N+](=O)[O-])n1.[NH4+].[NH4+],-40%,-13.30%,46.60%,8271,27.9,16,120,238.6,425.1,1.71,231
2045479,"3-Nitroamino-4-(5-methyleneazide-1,2,4-oxadiazol-3-yl)furoxan amine salt",,[N-]=[N+]=NCc1nc(-c2nonc2[N-][N+](=O)[O-])no1.[NH4+],-53.30%,-23.70%,51.80%,8416,28.67,25,360,278.7,1070.39,1.642,122
,"3-Nitroamino-4-(5-methyleneazide-1,2,4-oxadiazol-3-yl)furazan hydroxylamine salt  silver salt",,[N-]=[N+]=NCc1nc(-c2nonc2[N-][N+](=O)[O-])no1.[NH3+]O,-44.70%,-16.80%,48.90%,9090,35.76,15,120,290,1112.1,1.788,159.3
1816904,"Carbonic dihydrazidinium ([5,5'-bi(1,2,4-oxadiazole)]-3,3'-diylbis(1,2,5-oxadiazole-4,3-diyl))bis(nitroamide)",,O=[N+]([O-])[N-]c1nonc1-c1noc(-c2nc(-c3nonc3[N-][N+](=O)[O-])no2)n1.[NH3+]NC(=O)N[NH3+],-43%,-13.20%,46.30%,8339,29.2,20,180,221.8,487.3,1.789,191
,"3-Nitroamino-4-(5-methyleneazide-1,2,4-oxadiazol-3-yl)furazan hydrazine salt",,N[NH3+].[N-]=[N+]=NCc1nc(-c2nonc2[N-][N+](=O)[O-])no1,-53.30%,-25.20%,54%,8888,32.29,15,160,282.3,1192.04,1.723,159.5
,"4-Amino-3-hydrazino-1,2,4-triazolium ([5,5'-bi(1,2,4-oxadiazole)]-3,3'-diylbis(1,2,5-oxadiazole-4,3-diyl))bis(nitroamide)",,Nn1cn[nH+]c1N[NH3+].O=[N+]([O-])[N-]c1nonc1-c1noc(-c2nc(-c3nonc3[N-][N+](=O)[O-])no2)n1,-50.40%,-18.90%,49.60%,8080,26,18,180,211.39,553,1.774,198
1477787,"Hydroxylammonium (4-(5-methyl-1,2,4-oxadiazol-3-yl)-1,2,5-oxadiazol-3-yl)(nitro)amide",,Cc1nc(-c2nonc2[N-][N+](=O)[O-])no1.[NH3+]O,-55.50%,-22.80%,40%,8545,30.2,40.1,360,243.8,370.3,1.75,255
,"N-(4-(5-methyl-1,2,4-oxadiazol-3-yl)-1,2,5-oxadiazol-3-yl)-N-(2,2,2-trinitroethyl)nitramide",,Cc1nc(-c2nonc2N(CC([N+](=O)[O-])([N+](=O)[O-])[N+](=O)[O-])[N+](=O)[O-])no1,-27.70%,2.10%,33.60%,8602,32.8,,,266.8,412.7,1.78,172
,"Guanidinium (4-(5-methyl-1,2,4-oxadiazol-3-yl)-1,2,5-oxadiazol-3-yl)(nitro)amide",,Cc1nc(-c2nonc2[N-][N+](=O)[O-])no1.NC(N)=[NH2+],-73.70%,-38.30%,46.50%,7885,22.8,60,360,229.2,478,1.67,224
,"Hydrazinium (4-(5-methyl-1,2,4-oxadiazol-3-yl)-1,2,5-oxadiazol-3-yl)(nitro)amide",,Cc1nc(-c2nonc2[N-][N+](=O)[O-])no1.N[NH3+],-65.50%,-32.80%,45.90%,8495,28,45.6,360,237.7,444.6,1.72,215
,"Ammonium (4-(5-methyl-1,2,4-oxadiazol-3-yl)-1,2,5-oxadiazol-3-yl)(nitro)amide",,Cc1nc(-c2nonc2[N-][N+](=O)[O-])no1.[NH4+],-66.30%,-31.40%,42.80%,8317,27,42.4,360,228.3,310.2,1.73,203
1477792,"Aminoguanidinium (4-(5-methyl-1,2,4-oxadiazol-3-yl)-1,2,5-oxadiazol-3-yl)(nitro)amide",,Cc1nc(-c2nonc2[N-][N+](=O)[O-])no1.NNC(N)=[NH2+],-72.70%,-39.10%,48.90%,7968,23.2,60,360,224,456.1,1.63,200
,"1,2,5-Oxadiazol-3-amine, N-nitro-4-[3-[4-(nitroamino)-1,2,5-oxadiazol-3-yl]-1,2,4-oxadiazol-5-yl]-, compd. with hydrazine (1:2)",,N[NH3+].N[NH3+].O=[N+]([O-])[N-]c1nonc1-c1noc(-c2nonc2[N-][N+](=O)[O-])n1,-41%,-16.40%,50.20%,8603,30.1,19,240,253.7,752.1,1.71,234
1477786,"N-(4-(5-methyl-1,2,4-oxadiazol-3-yl)-1,2,5-oxadiazol-3-yl)nitramide",,Cc1nc(-c2nonc2N[N+](=O)[O-])no1,-60.30%,-22.60%,39.60%,7810,24.1,37.8,360,235.8,355.8,1.65,159
,"5-Aminotetrazolium (4-(5-methyl-1,2,4-oxadiazol-3-yl)-1,2,5-oxadiazol-3-yl)(nitro)amide",,Cc1nc(-c2nonc2[N-][N+](=O)[O-])no1.Nc1n[nH+]n[nH]1,-61.90%,-29.60%,51.80%,8350,27.3,60,360,236.2,686.9,1.73,212
2077869,"3,4-dinitro-5-[3-(1,2,5-oxadiazol-3-yl)-1,2,4-oxadiazol-5-yl]pyrazol-1-ide",,O=[N+]([O-])[N-]c1nonc1-c1noc(-c2[n-]nc([N+](=O)[O-])c2[N+](=O)[O-])n1.[NH4+].[NH4+],-41.20%,-12.40%,43.30%,8618,31.95,30,360,248,563,1.792,197
,"3,4-dinitro-5-[3-(1,2,5-oxadiazol-3-yl)-1,2,4-oxadiazol-5-yl]pyrazol-1-ide",,N[NH3+].N[NH3+].O=[N+]([O-])[N-]c1nonc1-c1noc(-c2[n-]nc([N+](=O)[O-])c2[N+](=O)[O-])n1,-42.10%,-15.30%,46.90%,8996,35.01,22,240,258.2,841,1.827,181
,"3,4-dinitro-5-[3-(1,2,5-oxadiazol-3-yl)-1,2,4-oxadiazol-5-yl]pyrazol-1-ide",,O=[N+]([O-])[N-]c1nonc1-c1noc(-c2[n-]nc([N+](=O)[O-])c2[N+](=O)[O-])n1.[NH3+]O.[NH3+]O,-30.50%,-3.80%,40%,8942,36.2,26,300,272,699,1.831,182
,"1,2,4-Triazolium (4-(5-methyl-1,2,4-oxadiazol-3-yl)-1,2,5-oxadiazol-3-yl)(nitro)amide",,Cc1nc(-c2nonc2[N-][N+](=O)[O-])no1.c1n[nH]c[nH+]1,-76.80%,-37%,44.80%,8024,24.8,60,360,224,523,1.72,208
,"3-Amino-1,2,4-triazolium (4-(5-methyl-1,2,4-oxadiazol-3-yl)-1,2,5-oxadiazol-3-yl)(nitro)amide",,Cc1nc(-c2nonc2[N-][N+](=O)[O-])no1.Nc1n[nH]c[nH+]1,-75.60%,-37.80%,47.30%,8204,25.9,60,360,223.5,552.8,1.74,219
,"Dihydroxylammonium 4-nitramino-3-(5-dinitromethyl-1,2,4- oxadiazolyl)-furazanate",,O=[N+]([O-])[N-]c1nonc1-c1noc([C-]([N+](=O)[O-])[N+](=O)[O-])n1.[NH3+]O.[NH3+]O,-17.40%,4.30%,38%,9028,38,22,360,272.3,259.9,1.862,190.2
,"hydrazinium ，(E)-N-(5-(3-(4-(nitroamino)-1,2,5-oxadiazol-3-yl)-1,2,4-oxadiazol-5-yl)-1,3,4-oxadiazol-2(3H)-ylidene)nitramide",,N[NH3+].N[NH3+].O=[N+]([O-])/N=c1\[n-]nc(-c2nc(-c3nonc3[N-][N+](=O)[O-])no2)o1,-41%,-16.40%,50.20%,9009,34.4,24,360,253.3,745.36,1.82,219
,hydroxylammonium ，,,O=[N+]([O-])/N=c1\[n-]nc(-c2nc(-c3nonc3[N-][N+](=O)[O-])no2)o1.[NH3+]O.[NH3+]O,-28.60%,-4.10%,42.80%,9107,38,20,280,263.7,509.87,1.89,172
1847117,"Diammonium 4-nitramino-3-(5-dinitromethyl-1,2,4- oxadiazolyl)-furazanate",,O=[N+]([O-])[N-]c1nonc1-c1noc([C-]([N+](=O)[O-])[N+](=O)[O-])n1.[NH4+].[NH4+],-28.60%,-4.80%,41.60%,8652,32.8,23,360,249.9,145,1.804,161
2281794,"(E)-N-(5-(3-(4-(nitroamino)-1,2,5-oxadiazol-3-yl)-1,2,4-oxadiazol-5-yl)-1,3,4-oxadiazol-2(3H)-ylidene)nitramide",,O=[N+]([O-])/N=c1\[nH]nc(-c2nc(-c3nonc3N[N+](=O)[O-])no2)o1,-29.40%,0%,42.90%,9277,38.8,16,144,267.5,740.36,1.92,101
,"Dihydrazinium 4-nitramino-3-(5-dinitromethyl-1,2,4- oxadiazolyl)-furazanate",,N[NH3+].N[NH3+].O=[N+]([O-])[N-]c1nonc1-c1noc([C-]([N+](=O)[O-])[N+](=O)[O-])n1,-30.60%,-8.70%,45.90%,9064,36,19,360,263.5,466.9,1.829,209.7
1477784,"4-(5-methyl-1,2,4-oxadiazol-3-yl)-N-(2,2,2-trinitroethyl)-1,2,5-oxadiazol-3-amine",,Cc1nc(-c2nonc2NCC([N+](=O)[O-])([N+](=O)[O-])[N+](=O)[O-])no1,-43.60%,-9.70%,33.90%,8118,27.7,60,360,244.9,295.1,1.71,200
,"5,7-Dimethyl-2-nitro-[1,2,4]triazolo[1,5-a]pyrimidine",,Cc1cc(C)n2nc([N+](=O)[O-])nc2n1,-128.40%,-70.40%,36.20%,6644,14.61,40,360,192.4,259,1.529,269
,"N-(3,5-dinitro-1H-pyrazol-4-yl)-N-methylnitramide",,CN(c1c([N+](=O)[O-])n[nH]c1[N+](=O)[O-])[N+](=O)[O-],-27.60%,0%,36.20%,8220,30.1,17,,256.5,137,1.74,178
,"N,N′-dimethyl-N,N′-dinitrooxamide, N,N′-dinitro-N,N′- dimethyl oxamide",DNDMOA,CN(C(=O)C(=O)N(C)[N+](=O)[O-])[N+](=O)[O-],-38.80%,-7.80%,27.20%,7025,18.4,50,,220.5,302.6,1.523,
2079483,"bis(2,2,2-trinitroethyl) 3,3'-(oxalylbis(nitroazanediyl))dipropionate",,O=C(CCN(C(=O)C(=O)N(CCC(=O)OCC([N+](=O)[O-])([N+](=O)[O-])[N+](=O)[O-])[N+](=O)[O-])[N+](=O)[O-])OCC([N+](=O)[O-])([N+](=O)[O-])[N+](=O)[O-],-19.70%,9.90%,21.60%,7888,26.8,6,360,242,1038.1,1.75,180
,"Dinitrodioxyethyloxamide dinitrate, N,N′-dinitro-N,N′-di(2-nitroxyethyl)-oxamide, N,N′-dinitro-N,N′- di(2-ethylol)-oxamide dinitrate, Bis-(nitroxyethylnitro)- oxamide",,O=C(C(=O)N(CCO[N+](=O)[O-])[N+](=O)[O-])N(CCO[N+](=O)[O-])[N+](=O)[O-],-18%,9%,23.60%,8222,29.3,,,246.6,581.6,1.72,105
,"3,3'-(oxalylbis(nitroazanediyl))dipropionic acid",,O=C(O)CCN(C(=O)C(=O)N(CCC(=O)O)[N+](=O)[O-])[N+](=O)[O-],-54.60%,-14.90%,17.40%,6369,14.9,40,360,161,1122.8,1.62,188
,"2,2'-(oxalylbis(nitroazanediyl))diacetic acid",,O=C(O)CN(C(=O)C(=O)N(CC(=O)O)[N+](=O)[O-])[N+](=O)[O-],-27.20%,5.40%,19%,7085,20.2,10,360,190,1009.1,1.74,132
,"(3,4- Dinitropyrazol-1-yl)-N-[(3,4-dinitropyrazol-1-yl)methyl]-N-nitromethanamine",,O=[N+]([O-])c1cn(CN(Cn2cc([N+](=O)[O-])c([N+](=O)[O-])n2)[N+](=O)[O-])nc1[N+](=O)[O-],-35.80%,-4%,34.80%,8265,31,40,,253.7,398,1.78,261
,"(5-Azido-3,4-dinitropyrazol-1-yl)-N-[(5-azido-3,4-dinitropyrazol-1-yl)- methyl]-N-nitromethanamine",,[N-]=[N+]=Nc1c([N+](=O)[O-])c([N+](=O)[O-])nn1CN(Cn1nc([N+](=O)[O-])c([N+](=O)[O-])c1N=[N+]=[N-])[N+](=O)[O-],-26.40%,0%,46.30%,8724,35.2,2,,269.1,1118.7,1.83,169
,"1,3-Bis(2,4-dinitroimidazol-1-yl)-2-nitrazapropane",,O=[N+]([O-])c1cn(CN(Cn2cc([N+](=O)[O-])nc2[N+](=O)[O-])[N+](=O)[O-])c([N+](=O)[O-])n1,-35.80%,-4%,34.80%,8405,30.9,25,128,242.1,207,1.81,257
,"1,3-Bis(4,5-dinitroimidazol-1-yl)-2-nitrazapropane",,O=[N+]([O-])c1ncn(CN(Cn2cnc([N+](=O)[O-])c2[N+](=O)[O-])[N+](=O)[O-])c1[N+](=O)[O-],-35.80%,-4%,34.80%,8547,32.4,11,192,245,254,1.84,234
,"(4-Amino-3,5- Dinitropyrazol-1-yl)-N-[(4-amino-3,5-dinitropyrazol-1-yl)- methyl]-N-nitromethanamine",,Nc1c([N+](=O)[O-])nn(CN(Cn2nc([N+](=O)[O-])c(N)c2[N+](=O)[O-])[N+](=O)[O-])c1[N+](=O)[O-],-37%,-7.40%,38.90%,8639,34.7,40,,252.3,486.4,1.86,232
,"(3,5-Dinitropyrazol-1-yl)-N-[(3,5-dinitropyrazol-1-yl)methyl]-N-nitromethanamine",,O=[N+]([O-])c1cc([N+](=O)[O-])n(CN(Cn2nc([N+](=O)[O-])cc2[N+](=O)[O-])[N+](=O)[O-])n1,-35.80%,-4%,34.80%,8258,30.9,10,,253.1,388,1.78,250
,"1,3-Bis(3,5-dinitro-1,2,4-triazol-1-yl)-2-nitrazapropane",,O=[N+]([O-])c1nc([N+](=O)[O-])n(CN(Cn2nc([N+](=O)[O-])nc2[N+](=O)[O-])[N+](=O)[O-])n1,-15.80%,7.90%,41.60%,9089,37.3,1,168,262.8,414,1.9,209
,"1,3-Bis(5-amino-3-nitro-1,2,4-triazol-1-yl)-2-nitrazapropane",,Nc1nc([N+](=O)[O-])nn1CN(Cn1nc([N+](=O)[O-])nc1N)[N+](=O)[O-],-46.50%,-18.60%,48.80%,8012,25,40,360,218.4,313,1.69,173
,"Cis-syn-cis-2,6-dioxo-1,3,4,5,7,8-hexanitrodecahydro- 1H,5H-diimidazo[4,5-b:4ʹ,5ʹ-e]pyrazine",HHTDD,O=C1N([N+](=O)[O-])C2C(N1[N+](=O)[O-])N([N+](=O)[O-])C1C(N([N+](=O)[O-])C(=O)N1[N+](=O)[O-])N2[N+](=O)[O-],0%,20.50%,35.90%,9750,46.2,,,254.8,15.68,2.07,210
1260818,"cis-syn-cis-2,6-Dioxo-1,4,7,8-tetranitrodecahydro-1H,  5H-diimidazo[4,5-b:4′,5′-e]pyrazine","4,5-b:4′,5′-e]pyrazin",O=C1NC2C(N1[N+](=O)[O-])N([N+](=O)[O-])C1NC(=O)N([N+](=O)[O-])C1N2[N+](=O)[O-],-21.20%,4.20%,37%,,,,,,,1.97,
248829,"2,5,7-Trinitro-2,5,7,9-tetraazabicyclo  [4.3.0]nonane-8-one",HK-56,O=C1NC2C(N([N+](=O)[O-])CCN2[N+](=O)[O-])N1[N+](=O)[O-],-37.50%,-8.70%,35.40%,8380,31.2,,360,248.1,100.6,1.84,202.5
1184234,"1,3,4,7-Tetranitrooctahydro-2H-imidazo[4,5-b]pyrazin-2- one",K-56,O=C1N([N+](=O)[O-])C2C(N([N+](=O)[O-])CCN2[N+](=O)[O-])N1[N+](=O)[O-],-19.90%,5%,34.80%,9169,38.2,23,132.5,247.5,144,1.975,
1952849,"1,2,4-Oxadiazol-5-amine, N-nitro-3-[(3,4,5-trinitro-1H-pyrazol-1-yl)methyl]- (ACI)",,O=[N+]([O-])Nc1nc(Cn2nc([N+](=O)[O-])c([N+](=O)[O-])c2[N+](=O)[O-])no1,-20.90%,7%,36.50%,9014,36.7,1.5,80,270.4,480.3,1.84,169.6
,"1H-Pyrazole, 1-methyl-3,4,5-trinitro-",,Cn1nc([N+](=O)[O-])c([N+](=O)[O-])c1[N+](=O)[O-],-25.80%,3.70%,32.20%,8253,31.2,40,,259.2,109.1,1.78,285
1947933,"1,2-bis(3-((3,4,5-trinitro-1H-pyrazol-1-yl)methyl)-1,2,4-oxadiazol-5-yl)diazene",,O=[N+]([O-])c1nn(Cc2noc(N=Nc3nc(Cn4nc([N+](=O)[O-])c([N+](=O)[O-])c4[N+](=O)[O-])no3)n2)c([N+](=O)[O-])c1[N+](=O)[O-],-32.20%,0%,37.60%,8897,35.2,10,120,263.5,1090.7,1.64,250.2
1500795,"Bis(3,4,5-trinitropyrazolyl)methane",,O=[N+]([O-])c1nn(Cn2nc([N+](=O)[O-])c([N+](=O)[O-])c2[N+](=O)[O-])c([N+](=O)[O-])c1[N+](=O)[O-],-11.50%,15.30%,33.50%,9293,40.1,4,144,266.5,378.6,1.934,205
,"4-(3’ ,4’ ,5’ -Trinitro-1’ -pyrazol)-3,5-dinitro-1H-pyrazole",,O=[N+]([O-])c1n[nH]c([N+](=O)[O-])c1-n1nc([N+](=O)[O-])c([N+](=O)[O-])c1[N+](=O)[O-],-11.10%,15.60%,35.10%,8814,37,28,,281.7,824.2,1.82,297
1935017,"3-((3,4,5-Trinitro-1H-pyrazol-1-yl)methyl)-1,2,4-oxadiazol-5-amine",,Nc1nc(Cn2nc([N+](=O)[O-])c([N+](=O)[O-])c2[N+](=O)[O-])no1,-37.30%,-5.30%,37.30%,8375,30.6,16,200,254.4,417,1.76,201.5
,"5-[(3,4,5-Trinitro-1H-pyrazol-1-yl)methyl]-2H-tetrazole",,O=[N+]([O-])c1nn(Cc2nnn[nH]2)c([N+](=O)[O-])c1[N+](=O)[O-],-30.90%,-2.80%,44.20%,8845,34.5,19,240,253.3,456.7,1.86,155
,"N-(1-(2-(3,4,5-Trinitro-1H-pyrazol-1-yl)ethyl)-1H-tetrazol-5(4H)- ylidene)-nitramide",,O=[N+]([O-])/N=c1\[nH]nnn1CCn1nc([N+](=O)[O-])c([N+](=O)[O-])c1[N+](=O)[O-],-29%,-2.20%,42.90%,8555,31.6,19,240,258.6,516.3,1.77,148
,"1-(2-(3,4,5-Trinitro-1H-pyrazol-1-yl)ethyl)-1H-tetrazol-5-amine",,Nc1nnnn1CCn1nc([N+](=O)[O-])c([N+](=O)[O-])c1[N+](=O)[O-],-45.80%,-15.30%,44.60%,8172,27.1,30,240,233.7,430.7,1.71,135
,"1,2-bis(3,4,5-trinitro-1H-pyrazol-1-yl)ethane",,O=[N+]([O-])c1nn(CCn2nc([N+](=O)[O-])c([N+](=O)[O-])c2[N+](=O)[O-])c([N+](=O)[O-])c1[N+](=O)[O-],-22.20%,7.40%,32.40%,8759,34.1,25,160,262.2,306.9,1.84,250
1053272,"4-Amino-3,5-bis(3,4,5-trinitro-1H-pyrazol-1yl)methyl)-1,2,4-triazole",,Nn1c(Cn2nc([N+](=O)[O-])c([N+](=O)[O-])c2[N+](=O)[O-])nnc1Cn1nc([N+](=O)[O-])c([N+](=O)[O-])c1[N+](=O)[O-],-34.20%,-3.10%,38.10%,8561,31.9,12,120,251.2,620,1.811,213
,"3,5-Bis(3,4,5-trinitro-1H-pyrazol-1yl)methyl)-1-nitro-1,2,4-triazole",,O=[N+]([O-])c1nn(Cc2nc(Cn3nc([N+](=O)[O-])c([N+](=O)[O-])c3[N+](=O)[O-])n([N+](=O)[O-])n2)c([N+](=O)[O-])c1[N+](=O)[O-],-23.50%,5.90%,36%,8797,34.1,4,80,260.9,583.3,1.84,134
,"5-((3,4,5-Trinitro-1H-pyrazol-1-yl)methyl)-2,4-dihydro-3H-  1,2,4-triazol-3-one",,O=c1[nH]nc(Cn2nc([N+](=O)[O-])c([N+](=O)[O-])c2[N+](=O)[O-])[nH]1,-37.30%,-5.30%,37.30%,7980,26,31,360,227,98,1.79,174
,"1-(3-(3,4,5-Trinitro-1H-pyrazol-1-yl)propyl)-1H-tetrazol-5- amine",,Nc1nnnn1CCCn1nc([N+](=O)[O-])c([N+](=O)[O-])c1[N+](=O)[O-],-58.50%,-24.40%,42.70%,7959,24.7,40,360,229,437.3,1.67,134
,"3,5-Bis(3,4,5-trinitro-1H-pyrazol-1yl)methyl)-1H-1,2,4-triazole",,O=[N+]([O-])c1nn(Cc2n[nH]c(Cn3nc([N+](=O)[O-])c([N+](=O)[O-])c3[N+](=O)[O-])n2)c([N+](=O)[O-])c1[N+](=O)[O-],-33.70%,-1.60%,36.50%,8522,31.6,10,120,248.5,509.5,1.815,218
,"4-Methyl-3-trinitromethyl-(1,2,4-oxadiazol-5-one)",,Cn1c(C([N+](=O)[O-])([N+](=O)[O-])[N+](=O)[O-])noc1=O,-9.60%,16.10%,28.10%,8804,34.6,30,324,258,133,1.8,119
2178121,"2-((4-amino-3,5-dinitro-1H-pyrazol-1-yl)methyl)-5-nitro-2H-1,2,3-triazol-4-amine",,Nc1nn(Cn2nc([N+](=O)[O-])c(N)c2[N+](=O)[O-])nc1[N+](=O)[O-],-45.80%,-15.30%,44.60%,8411,29.9,40,120,219.1,193.3,1.762,269
1014094,"Ammonium 4-(4’ -amino-3’ ,5’ -dinitro-1’ -pyrazol)-3,5-dinitropyrazole",,Nc1c([N+](=O)[O-])nn(-c2c([N+](=O)[O-])n[n-]c2[N+](=O)[O-])c1[N+](=O)[O-].[NH4+],-32.40%,-4.60%,40.40%,8615,34.6,40,,247,274.7,1.88,262
1536560,"3,5-dinitro-1-(nitromethyl)-1H-pyrazol-4-amine",,Nc1c([N+](=O)[O-])nn(C[N+](=O)[O-])c1[N+](=O)[O-],-27.60%,0%,36.20%,8336,30.1,32,360,250,69.4,1.76,186
2202392,"1-trinitromethyl-4-amino-3,5-dinitropyrazole",TN-116,Nc1c([N+](=O)[O-])nn(C([N+](=O)[O-])([N+](=O)[O-])[N+](=O)[O-])c1[N+](=O)[O-],5%,24.80%,34.80%,8994,35,15,160,256.5,143.5,1.899,113
2182866,"1-((4-amino-3,5-dinitro-1H-pyrazol-1-yl)methyl)-4-nitro-1H-1,2,3-triazol-5-amine",MPT-1,Nc1c([N+](=O)[O-])nn(Cn2nnc([N+](=O)[O-])c2N)c1[N+](=O)[O-],-45.80%,-15.30%,44.60%,8535,30.8,40,168,241.8,527.7,1.823,190
,"Aminoguanidinium 4-(4’ -amino-3’ ,5’ -dinitro-1’ -pyrazol)-3,5-dinitropyrazole",,NNC(N)=[NH2+].Nc1c([N+](=O)[O-])nn(-c2c([N+](=O)[O-])n[n-]c2[N+](=O)[O-])c1[N+](=O)[O-],-41.70%,-13.90%,45.10%,8088,27.1,40,,240.9,506.4,1.67,272
,"Hydroxyammonium 4-(4’ -amino-3’ ,5’ -dinitro-1’ -pyrazol)-3,5-dinitropyrazole",,Nc1c([N+](=O)[O-])nn(-c2c([N+](=O)[O-])n[n-]c2[N+](=O)[O-])c1[N+](=O)[O-].[NH3+]O,-26.50%,0%,38.70%,8330,31.1,40,,260.2,331.2,1.75,259
1014097,"Diaminoguanidinium 4-(4’ -amino-3’ ,5’ -dinitro-1’ -pyrazol)-3,5-dinitropyrazole",,NNC(=[NH2+])NN.Nc1c([N+](=O)[O-])nn(-c2c([N+](=O)[O-])n[n-]c2[N+](=O)[O-])c1[N+](=O)[O-],-42.10%,-15.30%,46.90%,8201,27.9,40,,234,448.8,1.71,272
,"Triaminoguanidinium 4-(4’ -amino-3’ ,5’ -dinitro-1’ -pyrazol)-3,5-dinitropyrazole",,NNC(NN)=[NH+]N.Nc1c([N+](=O)[O-])nn(-c2c([N+](=O)[O-])n[n-]c2[N+](=O)[O-])c1[N+](=O)[O-],-42.50%,-16.60%,48.50%,8339,29,40,,237.8,558,1.72,266
1014095,"3,4,5-Triamino-1,2,4-triazolium 4-(4’ -amino-3’ ,5’ -dinitro-1’ -pyrazol)-3,5-dinitropyrazole",,Nc1c([N+](=O)[O-])nn(-c2c([N+](=O)[O-])n[n-]c2[N+](=O)[O-])c1[N+](=O)[O-].Nc1n[nH+]c(N)n1N,-45.10%,-16.20%,47.40%,8449,31,40,,228.1,557,1.82,297
,"Guanidinium 4-(4’ -amino-3’ ,5’ -dinitro-1’ -pyrazol)-3,5-dinitropyrazole",,NC(N)=[NH2+].Nc1c([N+](=O)[O-])nn(-c2c([N+](=O)[O-])n[n-]c2[N+](=O)[O-])c1[N+](=O)[O-],-41.20%,-12.40%,43.30%,8041,27.3,40,,226.4,246.5,1.73,228
,"4-(4’ -Amino-3’ ,5’ -dinitro-1’ -pyrazol)-3,5-dinitro-1H-pyrazole",,Nc1c([N+](=O)[O-])nn(-c2c([N+](=O)[O-])n[nH]c2[N+](=O)[O-])c1[N+](=O)[O-],-26.70%,2.40%,38.30%,8600,35,40,,257.8,388.1,1.89,242
,"Hydrazinium 4-(4’ -amino-3’ ,5’ -dinitro-1’ -pyrazol)-3,5-dinitropyrazole",,N[NH3+].Nc1c([N+](=O)[O-])nn(-c2c([N+](=O)[O-])n[n-]c2[N+](=O)[O-])c1[N+](=O)[O-],-33.20%,-6.60%,42.60%,8536,32.8,40,,253.7,428.1,1.8,260
1059651,"1,1' -(Oxybis(methylene))bis(4-amino-3,5-dinitro-1H-pyrazole)",,Nc1c([N+](=O)[O-])nn(COCn2nc([N+](=O)[O-])c(N)c2[N+](=O)[O-])c1[N+](=O)[O-],-45.30%,-12.40%,36.10%,8068,27.1,25,360,225.9,127.3,1.737,203
,"1,5-Diaminotetrazolium 4-(4’ -amino-3’ ,5’ -dinitro-1’ -pyrazol)-3,5-dinitropyrazole",,Nc1[nH+]nnn1N.Nc1c([N+](=O)[O-])nn(-c2c([N+](=O)[O-])n[n-]c2[N+](=O)[O-])c1[N+](=O)[O-],-35.40%,-9.30%,48.90%,8231,28.9,40,,245.4,700.4,1.72,261
2175253,"Dihydroxylammonium 3,5-Dinitro-4-nitramino-1-(dinitromethyl)pyrazole",DNTP-HA,O=[N+]([O-])[N-]c1c([N+](=O)[O-])nn([C-]([N+](=O)[O-])[N+](=O)[O-])c1[N+](=O)[O-].[NH3+]O.[NH3+]O,0%,16.50%,36.10%,9426,38.5,8,120,270,56.3,1.874,152
,"1H-Pyrazol-4-amine, 3,5-dinitro-1-(2H-tetrazol-5-ylmethyl)-, ammonium salt (1:1)",,Nc1c([N+](=O)[O-])nn(Cc2nnn[n-]2)c1[N+](=O)[O-].[NH4+],-58.80%,-29.40%,51.40%,8153,25.1,40,360,225.6,422.3,1.68,260
2165699,"1-trinitromethyl-3,5-dinitro-4-nitroaminopyrazole",DNTP,O=[N+]([O-])Nc1c([N+](=O)[O-])nn(C([N+](=O)[O-])([N+](=O)[O-])[N+](=O)[O-])c1[N+](=O)[O-],15.30%,32.70%,34.30%,9155,37,1.5,10,251,309.1,1.988,68
,"1H-Pyrazol-4-amine, 3,5-dinitro-1-(2H-tetrazol-5-ylmethyl)-, compd. with hydrazine (1:1)",,N[NH3+].Nc1c([N+](=O)[O-])nn(Cc2nnn[n-]2)c1[N+](=O)[O-],-58.50%,-30.60%,53.60%,8264,25.6,40,360,235.3,573.8,1.65,200
1515260,"3,5-Dinitro-1-(2H-tetrazol-5-ylmethyl)-1H-pyrazol-4-amine",,Nc1c([N+](=O)[O-])nn(Cc2nnn[nH]2)c1[N+](=O)[O-],-53.30%,-21.90%,49.40%,8548,30,30,240,224.1,390.7,1.83,208
,"2H-Tetrazole, 5-[(4-azido-3,5-dinitro-1H-pyrazol-1-yl)methyl]-, compd. with hydrazine (1:1)",,N[NH3+].[N-]=[N+]=Nc1c([N+](=O)[O-])nn(Cc2nnn[n-]2)c1[N+](=O)[O-],-48.50%,-23%,58.10%,8640,29.7,28,240,253.6,937.1,1.72,137
1500792,"Bis(3,5- dinitro-4-aminopyrazolyl)methane",BDNAPM,Nc1c([N+](=O)[O-])nn(Cn2nc([N+](=O)[O-])c(N)c2[N+](=O)[O-])c1[N+](=O)[O-],-40.20%,-8.90%,39.10%,,27.7,11,360,229.7,205.1,1.802,310
,"(Z)-N-(3-((4-azido-3,5-dinitro-1H-pyrazol-1-yl)methyl)-1,2,4-oxadiazol-5(4H)-ylidene)nitramide",,[N-]=[N+]=Nc1c([N+](=O)[O-])nn(Cc2no/c(=N\[N+](=O)[O-])[nH]2)c1[N+](=O)[O-],-30.50%,-2.30%,45.10%,8734,33.9,3.5,60,248.9,532.6,1.86,151
,"Hydroxylamine, compd. with 5-[(4-azido-3,5-dinitro-1H-pyrazol-1-yl)methyl]-2H-tetrazole (1:1)",,[N-]=[N+]=Nc1c([N+](=O)[O-])nn(Cc2nnn[n-]2)c1[N+](=O)[O-].[NH3+]O,-40.70%,-15.30%,53.50%,8747,32.2,32,360,257.6,834.3,1.76,151
,"2H-Tetrazole, 5-[(4-azido-3,5-dinitro-1H-pyrazol-1-yl)methyl]-, ammoniate (1:1)",,[N-]=[N+]=Nc1c([N+](=O)[O-])nn(Cc2nnn[n-]2)c1[N+](=O)[O-].[NH4+],-48.30%,-21.50%,56.30%,8167,25.8,40,360,246.7,793,1.64,156
2152133,"N-(3,5-dinitro-1-(trinitromethyl)-1H-pyrazol-4-yl)-N-methylnitramide",,CN(c1c([N+](=O)[O-])nn(C([N+](=O)[O-])([N+](=O)[O-])[N+](=O)[O-])c1[N+](=O)[O-])[N+](=O)[O-],2.10%,23.10%,33.10%,9082,36.3,5,100,272,516.67,1.853,139
2287540,"3-((4-azido-3,5-dinitro-1H-pyrazol-1-yl)methyl)-1,2,4-oxadiazol-5-amine",,[N-]=[N+]=Nc1c([N+](=O)[O-])nn(Cc2noc(N)n2)c1[N+](=O)[O-],-48.60%,-16.20%,47.30%,8050,26,2.5,60,228.3,478.3,1.78,146
,"1H-Pyrazol-4-amine, 3,5-dinitro-1-(2H-tetrazol-5-ylmethyl)-, compd. with hydroxylamine (1:1)",,Nc1c([N+](=O)[O-])nn(Cc2nnn[n-]2)c1[N+](=O)[O-].[NH3+]O,-50%,-22.20%,48.60%,8592,29.8,40,360,238,470.2,1.75,260
2287542,"3,6,7-triamino-7H-[1,2,4]triazolo[4,3-b][1,2,4]triazol-2-ium (Z)-3-((4-azido-3,5-dinitro-1H-pyrazol-1-yl)methyl)-5-(nitroimino)-1,2,4-oxadiazol-4-ide",,Nc1nn2c(N)[nH+]nc2n1N.[N-]=[N+]=Nc1c([N+](=O)[O-])nn(Cc2no/c(=N\[N+](=O)[O-])[n-]2)c1[N+](=O)[O-],-50.10%,-21%,53.70%,8184,26.1,15,240,234.1,1049.4,1.75,164
,"dihydrazineylmethaniminium (Z)-3-((4-azido-3,5-dinitro-1H-pyrazol-1-yl)methyl)-5-(nitroimino)-1,2,4-oxadiazol-4-ide",,NNC(=[NH2+])NN.[N-]=[N+]=Nc1c([N+](=O)[O-])nn(Cc2no/c(=N\[N+](=O)[O-])[n-]2)c1[N+](=O)[O-],-44.60%,-18.60%,52.10%,8219,26.3,2.5,80,234.3,715.1,1.71,136
2287541,"ammonium (Z)-3-((4-azido-3,5-dinitro-1H-pyrazol-1-yl)methyl)-5-(nitroimino)-1,2,4-oxadiazol-4-ide",,[N-]=[N+]=Nc1c([N+](=O)[O-])nn(Cc2no/c(=N\[N+](=O)[O-])[n-]2)c1[N+](=O)[O-].[NH4+],-35.70%,-8.90%,46.90%,8591,30.6,14,240,247,550.2,1.8,173
,"hydrazinium (Z)-3-((4-azido-3,5-dinitro-1H-pyrazol-1-yl)methyl)-5-(nitroimino)-1,2,4-oxadiazol-4-ide",,N[NH3+].[N-]=[N+]=Nc1c([N+](=O)[O-])nn(Cc2no/c(=N\[N+](=O)[O-])[n-]2)c1[N+](=O)[O-],-36.40%,-10.70%,48.80%,8622,30.8,15,120,253.2,696.5,1.78,146
,"diaminomethaniminium (Z)-3-((4-azido-3,5-dinitro-1H-pyrazol-1-yl)methyl)-5-(nitroimino)-1,2,4-oxadiazol-4-ide",,NC(N)=[NH2+].[N-]=[N+]=Nc1c([N+](=O)[O-])nn(Cc2no/c(=N\[N+](=O)[O-])[n-]2)c1[N+](=O)[O-],-44%,-16%,49%,7923,24.3,18,240,227.5,520.6,1.69,160
,"3,5-diamino-1H-1,2,4-triazol-4-ium (Z)-3-((4-azido-3,5-dinitro-1H-pyrazol-1-yl)methyl)-5-(nitroimino)-1,2,4-oxadiazol-4-ide",,Nc1n[nH]c(N)[nH+]1.[N-]=[N+]=Nc1c([N+](=O)[O-])nn(Cc2no/c(=N\[N+](=O)[O-])[n-]2)c1[N+](=O)[O-],-47.20%,-18.20%,50.90%,7940,24.4,12,120,228,712.5,1.71,168
,"amino(diaminomethylidene)ammonium 3-[(4-azido-3,5-dinitropyrazol-1-yl)methyl]-5-[(Z)-nitroazanylidene]-1,2,4-oxadiazol-4-ide",,N[NH+]=C(N)N.[N-]=[N+]=Nc1c([N+](=O)[O-])nn(Cc2no/c(=N\[N+](=O)[O-])[n-]2)c1[N+](=O)[O-],-44.30%,-17.30%,50.60%,8230,26.6,40,240,230.4,607.9,1.74,152
,"hydroxylammonium (Z)-3-((4-azido-3,5-dinitro-1H-pyrazol-1-yl)methyl)-5-(nitroimino)-1,2,4-oxadiazol-4-ide",,[N-]=[N+]=Nc1c([N+](=O)[O-])nn(Cc2no/c(=N\[N+](=O)[O-])[n-]2)c1[N+](=O)[O-].[NH3+]O,-29.90%,-4.30%,44.90%,8961,33,2.5,80,259.8,595.6,1.79,152
,"3,4,5-triamino-4H-1,2,4-triazol-1-ium (Z)-3-((4-azido-3,5-dinitro-1H-pyrazol-1-yl)methyl)-5-(nitroimino)-1,2,4-oxadiazol-4-ide",,Nc1n[nH+]c(N)n1N.[N-]=[N+]=Nc1c([N+](=O)[O-])nn(Cc2no/c(=N\[N+](=O)[O-])[n-]2)c1[N+](=O)[O-],-47.40%,-19.30%,52.30%,8224,26.6,40,240,232.2,827.1,1.75,160
1912350,"3-((4-amino-3,5-dinitro-1H-pyrazol-1- yl)methyl)-1,2,4-oxadiazol-5-amine",,Nc1nc(Cn2nc([N+](=O)[O-])c(N)c2[N+](=O)[O-])no1,-59.20%,-23.70%,41.50%,8027,27.5,22,240,230,378.5,1.75,210.5
,"1H-Pyrazol-4-amine, 1-methyl-3,5-dinitro-",,Cn1nc([N+](=O)[O-])c(N)c1[N+](=O)[O-],-55.60%,-21.40%,37.40%,7800,24.6,40,,217.1,64.5,1.67,270
,"4-Azido-1-methyl-3,5-dinitro-1H-pyrazole",,Cn1nc([N+](=O)[O-])c(N=[N+]=[N-])c1[N+](=O)[O-],-41.30%,-11.30%,46%,8409,31,14,,249,436,1.74,161
,"amino[di(diazanyl)methylidene]ammonium 3-[(4-azido-3,5-dinitropyrazol-1-yl)methyl]-5-[(Z)-nitroazanylidene]-1,2,4-oxadiazol-4-ide",,NNC(NN)=[NH+]N.[N-]=[N+]=Nc1c([N+](=O)[O-])nn(Cc2no/c(=N\[N+](=O)[O-])[n-]2)c1[N+](=O)[O-],-44.90%,-19.80%,53.40%,8370,27.2,5,120,237.8,820.6,1.72,132
,"1,1'-((4-amino-4H-1,2,4-triazole-3,5-diyl)bis(methylene))bis(3,5-dinitro-1H-pyrazol-4-amine)",,Nc1c([N+](=O)[O-])nn(Cc2nnc(Cn3nc([N+](=O)[O-])c(N)c3[N+](=O)[O-])n2N)c1[N+](=O)[O-],-59.90%,-24.70%,43.10%,8052,25.8,40,360,220.4,521.4,1.73,287
,"4,5-Diamino-3-((4-amino-3,5-dinitro-1H-pyrazol-1-yl)- methyl)-4H-1,2,4-triazol-1-ium 4-amino-3,5-dinitropyrazol-1-ide",,Nc1c([N+](=O)[O-])n[n-]c1[N+](=O)[O-].Nc1c([N+](=O)[O-])nn(Cc2n[nH+]c(N)n2N)c1[N+](=O)[O-],-54.20%,-22.70%,45.90%,8166,26.4,40,360,225.6,576,1.78,270
,"4,5-Diamino-3-((4-amino-3,5-dinitro-1H-pyrazol-1-yl)- methyl)-4H-1,2,4-triazol-1-ium 5-(nitroimino)-4,5-dihydrotetrazol- 1-ide",,Nc1c([N+](=O)[O-])nn(Cc2n[nH+]c(N)n2N)c1[N+](=O)[O-].O=[N+]([O-])/N=c1/[n-]nn[nH]1,-50.20%,-23.20%,54.10%,8480,28.2,40,360,231.9,769,1.79,211
,"Bis(4,5-diamino-3-((4-amino-3,5-dinitro-1H-pyrazol-1- yl)methyl)-4H-1,2,4-triazol-1-ium) 3,4-Dinitraminofurazanate",,Nc1c([N+](=O)[O-])nn(Cc2n[nH+]c(N)n2N)c1[N+](=O)[O-].Nc1c([N+](=O)[O-])nn(Cc2n[nH+]c(N)n2N)c1[N+](=O)[O-].O=[N+]([O-])[N-]c1nonc1[N-][N+](=O)[O-],-50.60%,-21.10%,48%,8519,29.7,5,80,256.9,1925,1.75,219
,"4,5-Diamino-3-((4-amino-3,5-dinitro-1H-pyrazol-1-yl)- methyl)-4H-1,2,4-triazol-1-ium 3,4,5-Trinitropyrazol-1-ide",,Nc1c([N+](=O)[O-])nn(Cc2n[nH+]c(N)n2N)c1[N+](=O)[O-].O=[N+]([O-])c1n[n-]c([N+](=O)[O-])c1[N+](=O)[O-],-41%,-11.50%,43.10%,8441,30.1,40,360,237.8,559,1.83,219
,"5-((4-Amino-3,5-dinitro-1H-pyrazol-1-yl)methyl)-4H-1,2,4- triazole-3,4-diamine",,Nc1c([N+](=O)[O-])nn(Cc2nnc(N)n2N)c1[N+](=O)[O-],-67.60%,-33.80%,49.30%,7833,23,40,360,212.4,347,1.74,210
,"4,5-Diamino-3-((4-amino-3,5-dinitro-1H-pyrazol-1-yl)- methyl)-4H-1,2,4-triazol-1-ium 3-Nitro-5-oxo-1,5-dihydro-1,2,4-triazol-4-ide",,Nc1c([N+](=O)[O-])nn(Cc2n[nH+]c(N)n2N)c1[N+](=O)[O-].O=c1[n-]c([N+](=O)[O-])n[nH]1,-54.10%,-23.20%,47.30%,8122,26.1,40,360,232.89,674,1.74,212
1834767,"4ʹ-Diazo-3,3²,5,5²-tetranitro-4ʹH-[1,3ʹ:5ʹ,1²-terpyrazole]- 4.4**-diamine",LLM-226,[N-]=[N+]=C1C(n2nc([N+](=O)[O-])c(N)c2[N+](=O)[O-])=NN=C1n1nc([N+](=O)[O-])c(N)c1[N+](=O)[O-],-44%,-11%,44.90%,,,7.8,,,,1.83,278
,"Bis(4,5-diamino-3-((4-amino-3,5-dinitro-1H-pyrazol-1- yl)methyl)-4H-1,2,4-triazol-1-ium)ethylene Bis(5-nitroiminotetrazolate)",,Nc1c([N+](=O)[O-])nn(Cc2n[nH+]c(N)n2N)c1[N+](=O)[O-].Nc1c([N+](=O)[O-])nn(Cc2n[nH+]c(N)n2N)c1[N+](=O)[O-].O=[N+]([O-])/N=c1/[n-]nnn1CCn1nn[n-]/c1=N\[N+](=O)[O-],-58%,-28.10%,52.40%,8084,24.7,40,360,214.8,1097,1.77,220
,"Bis(4,5-diamino-3-((4-amino-3,5-dinitro-1H-pyrazol-1- yl)methyl)-4H-1,2,4-triazol-1-ium) 4,4′,5,5′-Tetranitro-[2,2′-biimidazole]-1,1′-diide",,Nc1c([N+](=O)[O-])nn(Cc2n[nH+]c(N)n2N)c1[N+](=O)[O-].Nc1c([N+](=O)[O-])nn(Cc2n[nH+]c(N)n2N)c1[N+](=O)[O-].O=[N+]([O-])c1nc(-c2nc([N+](=O)[O-])c([N+](=O)[O-])[n-]2)[n-]c1[N+](=O)[O-],-52.60%,-19.90%,44.40%,8203,27.1,40,360,227.6,1165,1.81,250
,"bis(4-azido- 3,5-dinitro-1H-pyrazol-1-yl)methane",,[N-]=[N+]=Nc1c([N+](=O)[O-])nn(Cn2nc([N+](=O)[O-])c(N=[N+]=[N-])c2[N+](=O)[O-])c1[N+](=O)[O-],-27.30%,0%,47.80%,8459,30,2,33,308.9,1954,1.76,159
,"(E)-N-(1-(2-(4-azido-3,5-dinitro-1H-pyrazol-1-yl)ethyl)-1H-tetrazol-5(4H)-ylidene)nitramide",,[N-]=[N+]=Nc1c([N+](=O)[O-])nn(CCn2nn[nH]/c2=N\[N+](=O)[O-])c1[N+](=O)[O-],-38.30%,-11.30%,51.20%,8659,31.8,8,60,252.2,844.4,1.78,137
2381173,"4-Amino-5-((4-amino-3,5-dinitro-1H-pyrazol-1-yl)methyl)-2,4-  dihydro-3H-1,2,4-triazol-3-one",,Nc1c([N+](=O)[O-])nn(Cc2n[nH]c(=O)n2N)c1[N+](=O)[O-],-58.90%,-25.20%,44.20%,7665,22,40,360,202.5,99,1.76,288
,"Hydroxylammonium (E)-4-(2-(4-azido-3,5-dinitro-1H-pyrazol-1- yl)ethyl)-5-(nitroimino)-4,5-dihydrotetrazol-1-ide",,[N-]=[N+]=Nc1c([N+](=O)[O-])nn(CCn2nn[n-]/c2=N\[N+](=O)[O-])c1[N+](=O)[O-].[NH3+]O,-37.10%,-12.40%,50.50%,8607,30.9,12,120,261.8,891.1,1.72,158
,"3,4',5,5'-tetranitro-2'H-[1,3'-bipyrazol]-4-amine",,Nc1c([N+](=O)[O-])nn(-c2[nH]nc([N+](=O)[O-])c2[N+](=O)[O-])c1[N+](=O)[O-],-26.70%,2.40%,38.30%,8767,33.9,26,240,259.7,416.95,1.853,234.3
,"Hydrazinium (E)-4-(2-(4-azido-3,5-dinitro-1H-pyrazol-1- yl)ethyl)-5-(nitroimino)-4,5-dihydrotetrazol-1-ide",,N[NH3+].[N-]=[N+]=Nc1c([N+](=O)[O-])nn(CCn2nn[n-]/c2=N\[N+](=O)[O-])c1[N+](=O)[O-],-43.40%,-18.60%,54.20%,8526,29.2,14,120,255.1,993.2,1.69,154
,"1-((4-Amino-3,5-dinitro-1H-pyrazol-1-yl)methyl)-1H-tetrazol-5- amine",,Nc1c([N+](=O)[O-])nn(Cn2nnnc2N)c1[N+](=O)[O-],-53.30%,-23.70%,51.80%,8610,30.2,30,108,229.6,486.93,1.806,191
,"Ammonium (E)-4-(2-(4-azido-3,5-dinitro-1H-pyrazol-1-yl)ethyl)- 5-(nitroimino)-4,5-dihydrotetrazol-1-ide",,[N-]=[N+]=Nc1c([N+](=O)[O-])nn(CCn2nn[n-]/c2=N\[N+](=O)[O-])c1[N+](=O)[O-].[NH4+],-43%,-17.20%,52.70%,8166,25.9,16,120,249.3,849.3,1.63,155
,"1-(2-(4-Azido-3,5-dinitro-1H-pyrazol-1-yl)ethyl)-1H-tetrazol-5- amine",,[N-]=[N+]=Nc1c([N+](=O)[O-])nn(CCn2nnnc2N)c1[N+](=O)[O-],-56.70%,-25.80%,54.20%,8185,26.1,10,120,238.9,784.9,1.7,159
,"2-((4-Amino-3,5-dinitro-1H-pyrazol-1-yl)methyl)-2H-tetrazol-5- amine",,Nc1nnn(Cn2nc([N+](=O)[O-])c(N)c2[N+](=O)[O-])n1,-53.30%,-23.70%,51.80%,8450,28.6,30,192,229.4,484.26,1.77,209
,"1-(3-(4-Amino-3,5-dinitro-1H-pyrazol-1-yl)propyl)-1H-tetrazol- 5-amine",,Nc1c([N+](=O)[O-])nn(CCCn2nnnc2N)c1[N+](=O)[O-],-80.50%,-42.90%,46.90%,7768,21.8,40,360,210.4,364.6,1.65,265
,"2-(4-Amino-3,5-dinitro-1H-pyrazol-1-yl)ethanaminium-4- amino-3,5-dinitropyrazol-1-ide",,Nc1c([N+](=O)[O-])n[n-]c1[N+](=O)[O-].Nc1c([N+](=O)[O-])nn(CC[NH3+])c1[N+](=O)[O-],-55.50%,-22.60%,39.60%,7954,24.6,40,360,226.9,317.1,1.66,247
1454193,"1-(2-(4-Amino-3,5-dinitro-1H-pyrazol-1-yl)ethyl)-1H-tetrazol-5- amine",,Nc1c([N+](=O)[O-])nn(CCn2nnnc2N)c1[N+](=O)[O-],-67.60%,-33.80%,49.30%,7889,23.2,40,360,214.7,373.7,1.67,257
,"3-(4-Amino-3,5-dinitro-1H-pyrazol-1-yl)propan-1-aminium 4- amino-3,5-dinitropyrazol-1-ide",,Nc1c([N+](=O)[O-])n[n-]c1[N+](=O)[O-].Nc1c([N+](=O)[O-])nn(CCC[NH3+])c1[N+](=O)[O-],-65.50%,-29.80%,38.20%,7709,22.3,40,360,221.3,278.1,1.61,246
,"3,5-Bis(3,5-dinitro-4-nitroamino-1H-pyrazol-1yl)methyl)-1H-1,2,4-triazole",,O=[N+]([O-])Nc1c([N+](=O)[O-])nn(Cc2n[nH]c(Cn3nc([N+](=O)[O-])c(N[N+](=O)[O-])c3[N+](=O)[O-])n2)c1[N+](=O)[O-],-34.80%,-4.50%,39.70%,8681,33.2,9,120,244.4,531.9,1.86,122
,"N,N’-[1,1’-(Ethane-1,2-diyl)bis(3,5-dinitro-1H-pyrazole-4,1-diyl)]dinitramide",,O=[N+]([O-])Nc1c([N+](=O)[O-])nn(CCn2nc([N+](=O)[O-])c(N[N+](=O)[O-])c2[N+](=O)[O-])c1[N+](=O)[O-],-24.20%,3.50%,36.30%,8753,34.3,7,80,260.6,380.6,1.84,80
1037111,"3,3’,5,5’-Tetra((4-amino-3,5-dinitro-1H-pyrazol-1yl)methyl))-4,4’-azo- 1,2,4-triazole",,Nc1c([N+](=O)[O-])nn(Cc2nnc(Cn3nc([N+](=O)[O-])c(N)c3[N+](=O)[O-])n2/N=N/n2c(Cn3nc([N+](=O)[O-])c(N)c3[N+](=O)[O-])nnc2Cn2nc([N+](=O)[O-])c(N)c2[N+](=O)[O-])c1[N+](=O)[O-],-56.60%,-21.20%,43.30%,8190,27.3,36,360,231.5,1483.4,1.752,214
,"1,1’-(Ethane-1,2-diyl)bis(3,5-dinitro-1H-pyrazol-4-amine)",,Nc1c([N+](=O)[O-])nn(CCn2nc([N+](=O)[O-])c(N)c2[N+](=O)[O-])c1[N+](=O)[O-],-51.60%,-17.20%,37.60%,8189,27.9,40,360,221.3,218.9,1.77,311
,"1,2-Bis(4-azido-3,5-dinitro-1H-pyrazol-1-yl)ethane",,[N-]=[N+]=Nc1c([N+](=O)[O-])nn(CCn2nc([N+](=O)[O-])c(N=[N+]=[N-])c2[N+](=O)[O-])c1[N+](=O)[O-],-37.70%,-7.50%,46.20%,8558,31,3,60,256.8,1013.9,1.76,135
2047538,"2-((1-methyl-3,5-dinitro-1H-pyrazol-4-yl) (nitro) amino) ethyl nitrate",,Cn1nc([N+](=O)[O-])c(N(CCO[N+](=O)[O-])[N+](=O)[O-])c1[N+](=O)[O-],-32.40%,-2.50%,30.50%,8139,28.1,8,96,258.4,97,1.689,208.7
,"(E)-5,5'-(triaz-1-ene-1,3-diyl)bis(2-methyl- 4-nitro-2H-1,2,3-triazole)",,Cn1nc(/N=N/Nc2nn(C)nc2[N+](=O)[O-])c([N+](=O)[O-])n1,-61.90%,-29.60%,51.80%,7720,22.7,50,216,236.1,685,1.64,181
,"2-methyl-5,6-dihydro-2H-[1,2,3]triazolo[4,5-d]pyridazine-4,7-dione",,Cn1nc2c(=O)[nH][nH]c(=O)c2n1,-100.50%,-52.70%,41.90%,6900,16.6,40,360,190.8,154.3,1.686,256
,"14,16,34,36,54,56,74,76-octanitro-2,4,6,8-tetraoxa-1,3,5,7(1,3)-tetrabenzenacyclooctaphane",,O=[N+]([O-])c1cc([N+](=O)[O-])c2cc1Oc1cc(c([N+](=O)[O-])cc1[N+](=O)[O-])Oc1cc(c([N+](=O)[O-])cc1[N+](=O)[O-])Oc1cc(c([N+](=O)[O-])cc1[N+](=O)[O-])O2,-70.30%,-17.60%,15.40%,7865,28.9,43,360,235.8,618.6,1.75,370
,"Glycerol-2,4-Dinitrophenyl ether dinitrate",Dinitryl,O=[N+]([O-])OCC(COc1ccc([N+](=O)[O-])cc1[N+](=O)[O-])O[N+](=O)[O-],-50.50%,-9.20%,16.10%,,,8,,,,1.667,
,Dinitrophenoxyethylnitrate,DNPEN,O=[N+]([O-])OCCOc1ccc([N+](=O)[O-])cc1[N+](=O)[O-],-67.40%,-20.50%,15.40%,6717,18.3,20,,205.8,287.2,1.581,
1959182,"4,4'-oxybis(1,3-dinitrobenzene)",,O=[N+]([O-])c1ccc(Oc2ccc([N+](=O)[O-])cc2[N+](=O)[O-])c([N+](=O)[O-])c1,-82.20%,-27.40%,16%,6582,16.7,40,360,196.9,168.1,1.68,336.7
1959183,"2,2'-oxybis(1,3,5-trinitrobenzene)",HNDPO,O=[N+]([O-])c1cc([N+](=O)[O-])c(Oc2c([N+](=O)[O-])cc([N+](=O)[O-])cc2[N+](=O)[O-])c([N+](=O)[O-])c1,-47.30%,-3.60%,19.10%,6582,16.7,9,360,224,132.9,1.84,256
670755,"2,4-Dinitroanisole",,COc1ccc([N+](=O)[O-])cc1[N+](=O)[O-],-96.90%,-40.40%,14.10%,5706,11.9,50,170,192.2,186.65,1.52,226.1
1272856,"2-Ethoxy-1,3,5-trinitrobenzene, Ethyl picrate",,CCOc1c([N+](=O)[O-])cc([N+](=O)[O-])cc1[N+](=O)[O-],-77.80%,-28%,16.30%,6844,16.9,,,203.9,200.84,1.52,
,"2-(2,4,6-trinitrophenoxy)ethylnitrate",TNPON,O=[N+]([O-])OCCOc1c([N+](=O)[O-])cc([N+](=O)[O-])cc1[N+](=O)[O-],-45.30%,-5%,17.60%,7561,24.1,7.9,,230,277.4,1.68,300
,Glycerol trinitrophenyl ether dinitrate,,O=[N+]([O-])OCC(COc1c([N+](=O)[O-])cc([N+](=O)[O-])cc1[N+](=O)[O-])O[N+](=O)[O-],-34.60%,2%,17.80%,,,4,,,,1.782,150
1125616,"Trinitroanisole, 2-Methoxy-1,3,5-trinitrobenzene,  2,4,6-Trinitroanisole, 2,4,6-Trinitrophenylmethylether",TNAN,COc1c([N+](=O)[O-])cc([N+](=O)[O-])cc1[N+](=O)[O-],-62.50%,-16.50%,17.30%,6720,18.2,20,353,208.2,187.2,1.61,285
,"1,3,5-Trinitro-2-(prop-2-yn-1-yloxy)benzene",PiPE,C#CCOc1c([N+](=O)[O-])cc([N+](=O)[O-])cc1[N+](=O)[O-],-80.90%,-27%,15.70%,6929,21.96,,360,232.9,227.4,1.612,
,Hexanitrodiphenylglycerol mononitrate,,O=[N+]([O-])OC(COc1c([N+](=O)[O-])cc([N+](=O)[O-])cc1[N+](=O)[O-])COc1c([N+](=O)[O-])cc([N+](=O)[O-])cc1[N+](=O)[O-],-50.10%,-7.20%,17.50%,,,23,,,,,
1492730,"dimethyl 1H,1'H-[5,5'-bitetrazole]-1,1'-diyldicarbamate",,COC(=O)Nn1nnnc1-c1nnnn1NC(=O)OC,-67.60%,-33.80%,49.30%,7403,20.1,1,14,210.5,325.5,1.64,191
,Hydrazinium (5-amino-1H-tetrazol-1-yl)(5-amino-1H-tetrazol-1-ylcarbamoyl)-amide dihydrate,,N[NH3+].Nc1nnnn1[N-]C(=O)Nn1nnnc1N.O.O,-54.40%,-38.10%,66.60%,8340,24,40,,239.5,661.8,1.565,208
,Guanidinium (5-amino-1H-tetrazol-1-yl)(5-amino-1H-tetrazol-1-ylcarbamoyl)-amide,,NC(N)=[NH2+].Nc1nnnn1[N-]C(=O)Nn1nnnc1N,-70.10%,-47.70%,73.60%,8297,23,40,,192.8,464.2,1.648,208
,Ammonium (5-amino-1H-tetrazol-1-yl)(5-amino-1H-tetrazol-1-ylcarbamoyl)amide hydrate,,Nc1nnnn1[N-]C(=O)Nn1nnnc1N.O.[NH4+],-58.20%,-39.80%,69.70%,7939,21.3,40,,220.5,513.3,1.535,218
,Aminoguanidinium (5-amino-1H-tetrazol-1-yl)(5-amino-1H-tetrazol-1-ylcarbamo-yl)amide,,N[NH+]=C(N)N.Nc1nnnn1[N-]C(=O)Nn1nnnc1N,-69.30%,-48%,74.60%,8658,25.5,40,,200,569,1.676,208
684330,N-(5-Amino-1H-tetrazolyl)hydrazinecarboxamide,,NNC(=O)Nn1nnnc1N,-60.70%,-40.50%,70.80%,8364,23.86,60,360,208.7,283.1,1.65,209
,Triaminoguanidinium (5-amino-1H-tetrazol-1-yl)(5-amino-1H-tetrazol-1- ylcarbamoyl)amide,,NNC(NN)=[NH+]N.Nc1nnnn1[N-]C(=O)Nn1nnnc1N,-67.80%,-48.40%,76.30%,8017,21.6,40,,213.7,796.4,1.5,209
,"N,N’-Bis(5-amino-1H-tetrazol-1-yl)oxalamide",,Nc1nnnn1NC(=O)C(=O)Nn1nnnc1N,-56.70%,-31.50%,66.10%,7767,21.2,25,,201.7,414.9,1.65,232
,"1,3-Bis(5-amino-1H-tetrazol-1-yl)urea",,Nc1nnnn1NC(=O)Nn1nnnc1N,-56.60%,-35.40%,74.30%,8255,24.1,25,,213.1,555.4,1.65,223
,Diaminoguanidinium (5-amino-1H-tetrazol-1-yl)(5-amino-1H-tetrazol-1- ylcarbamoyl)amide,,NNC(=[NH2+])NN.Nc1nnnn1[N-]C(=O)Nn1nnnc1N,-68.50%,-48.20%,75.50%,8446,24.1,40,,207,680.9,1.61,203
724311,Bis(aminoguanidinium) oxalbis{(5-amino-1H-tetrazol-1-yl)amide},,N[NH+]=C(N)N.N[NH+]=C(N)N.Nc1nnnn1[N-]C(=O)C(=O)[N-]n1nnnc1N,-75.60%,-51.70%,69.60%,8218,22.2,40,,191.9,495.2,1.622,
,"N1-Methyl-1H-tetrazole-1,5-diamine",,CNn1nnnc1N,-98.10%,-70.10%,73.60%,7600,19,60,,223.7,374.2,1.44,195
,2-[(5-Amino-1H-tetrazol-1-yl)amino]-2-oxoacetic acid hydrazide,,NNC(=O)C(=O)Nn1nnnc1N,-60.20%,-34.40%,60.20%,7285,18.19,60,,194.6,134.7,1.58,214
,Bis(guanidinium) oxalbis{(5-amino-1H-tetrazol-1-yl)amide} dihydrate,,NC(N)=[NH2+].NC(N)=[NH2+].Nc1nnnn1[N-]C(=O)C(=O)[N-]n1nnnc1N,-77.40%,-51.60%,67.70%,7815,19.5,40,,179.4,261.6,1.612,196
,"N1-Phenyl-1H-tetrazole-1,5-diamine",,Nc1nnnn1Nc1ccccc1,-163.50%,-99.90%,47.70%,6739,14.17,60,,191.4,497.7,1.44,193
,Bis(triaminoguanidinium) oxalbis{(5-amino-1H-tetrazol-1-yl)amide} hydrate,,NNC(NN)=[NH+]N.NNC(NN)=[NH+]N.Nc1nnnn1[N-]C(=O)C(=O)[N-]n1nnnc1N.O,-69.90%,-50%,69.90%,8403,23.8,40,,219.6,979.1,1.564,
,Dihydrazinium oxalbis{(5-amino-1H-tetrazol-1-yl)amide},,N[NH3+].N[NH3+].Nc1nnnn1[N-]C(=O)C(=O)[N-]n1nnnc1N,-65.40%,-45.20%,70.40%,8667,26,40,,212.7,588.8,1.633,242
,Diammonium oxalbis{(5-amino-1H-tetrazol-1-yl)amide} dihydrate,,Nc1nnnn1[N-]C(=O)C(=O)[N-]n1nnnc1N.O.O.[NH4+].[NH4+],-59.20%,-39.50%,60.40%,7893,20.6,40,,214.3,270.6,1.576,231
,Bis(diaminoguanidinium) oxalbis{(5-amino-1H-tetrazol-1-yl)amide},,NNC(=[NH2+])NN.NNC(=[NH2+])NN.Nc1nnnn1[N-]C(=O)C(=O)[N-]n1nnnc1N,-74%,-51.80%,71.20%,8707,25.3,40,,202.2,720.4,1.658,212
,"N3,N6-Bis(5-amino-1H-tetrazol-1-yl)-1,2,4,5-tetrazine-3,6-diamine",,Nc1nnnn1Nc1nnc(Nn2nnnc2N)nn1,-63.30%,-40.30%,80.50%,8331,24.98,1.5,,246.5,1289.1,1.62,209
1045526,"5,6,7,8-tetrahydrotetrazolo[1,5-b][1,2,4]triazine",,C1CNn2nnnc2N1,-114.20%,-76.10%,66.60%,8070,21.81,6,180,218.2,420.16,1.592,178.7
,"N1,N2-Bis(5-amino-1H-tetrazol-1-yl)-1,2-hydrazinedicarboxamide",,Nc1nnnn1NC(=O)NNC(=O)Nn1nnnc1N,-56.30%,-33.80%,69%,7886,21.49,25,,207.2,523.4,1.63,215
710867,(5-azido-1H-tetrazol-1-yl)-[6-(5-azido-1H-imino)- cyclohexenyl]amine,,[N-]=[N+]=Nc1nnnn1/N=C1\CCCC=C1Nn1nnnc1N=[N+]=[N-],-97.50%,-58.50%,68.20%,7980,23.2,1,,245.5,1683.1,1.65,154
1278611,"6,7-dimethyl-5,6,7,8-tetrahydrotetrazolo[1,5-b][1,2,4]triazine",,CC1CNc2nnnn2N1,-137%,-91.30%,59.90%,6950,14.49,20,336,196.3,337.5,1.421,178.1
,"2-methoxy-6-(1-nitroamino-2-nitrato-ethyl)-3,5-dinitropyrazine",,COc1nc(N(CCO[N+](=O)[O-])[N+](=O)[O-])c([N+](=O)[O-])nc1[N+](=O)[O-],-34.40%,-2.30%,28.10%,7802,25.2,20,84,243.6,105.7,1.66,162.5
,"(E)-1-(2'H-[1,5'-bitetrazol]-5(4H)-ylideneamino)-N-(2H-tetrazol-5-yl)-1H-tetrazol-5-amine",,N(=c1\[nH]nnn1-c1nn[nH]n1)\n1nnnc1Nc1nn[nH]n1,-52.60%,-31.60%,82.80%,8928,29.8,8,140,243.7,1402.3,1.79,211
2072406,"Di(2′H-[1,5′-bitetrazol]-5-yl)amine",,n1nc(Nc2nnnn2-c2nn[nH]n2)n(-c2nn[nH]n2)n1,-52.60%,-30.40%,82.30%,8650,30.95,35,360,253.4,1509.08,1.72,198
,"[(E)-N,N′-(diazene-1,2-diylbis(4H-1,2,4-triazole-4,3- diyl))bis(1H-tetrazol-1-amine)]",,c1nnnn1Nc1nncn1/N=N/n1cnnc1Nn1cnnn1,-72.70%,-43.60%,76.30%,8599,27.6,27,310,249,1799.4,1.68,170
2072493,"(1E,1'E)-2,2'-carbonylbis(N'-nitrohydrazine-1-carboximidamide)",,N/C(=N\[N+](=O)[O-])NNC(=O)NN/C(N)=N/[N+](=O)[O-],-30.30%,-12.10%,53%,7784,25.26,6.86,,220.1,,1.567,197.6
,"(1E,1'E)-2,2'-(1,2,4,5-tetrazine-3,6-diyl)bis(N'-nitrohydrazine-1-carboximidamide)",,N/C(=N\[N+](=O)[O-])NNc1nnc(NN/C(N)=N/[N+](=O)[O-])nn1,-40.50%,-20.20%,62%,8362,30.95,8.82,,221.3,,1.74,179.9
,"(1Z,1'Z)-2,2'-(diazene-1,2-diylbis(6-(2-((E)-N'-nitrocarbamimidoyl)hydrazineyl)-1,3,5-triazine-4,2-diyl))bis(N'-nitrohydrazine-1-carboximidamide)",,N/C(=N/[N+](=O)[O-])NNc1nc(N=Nc2nc(NN/C(N)=N\[N+](=O)[O-])nc(NN/C(N)=N/[N+](=O)[O-])n2)nc(NN/C(N)=N/[N+](=O)[O-])n1,-48.70%,-24.40%,59.70%,7812,23.9,40,360,201,597.7,1.71,201
,"(1E,1'E)-2,2'-(6-(2-((Z)-N'-nitrocarbamimidoyl)hydrazineyl)-1,3,5-triazine-2,4-diyl)bis(N'-nitrohydrazine-1-carboximidamide)",,N/C(=N/[N+](=O)[O-])NNc1nc(NN/C(N)=N/[N+](=O)[O-])nc(NN/C(N)=N/[N+](=O)[O-])n1,-44.40%,-22.20%,58.30%,8378,28.7,40,360,220.6,577.8,1.74,195
1916327,Amidrazone of 4-aminofurazan-3-carboxylic acid nitrate,,N/C(=N\[NH3+])c1nonc1N.O=[N+]([O-])[O-],-42.90%,-19.50%,47.80%,8455,27.73,40,360,243.6,208.2,1.68,133
1916325,amidrazone of 4-aminofurazan-3- carboxylic acid,,N/N=C(\N)c1nonc1N,-90.10%,-56.30%,59.10%,7999,22.2,40,360,219.1,329.05,1.6,198.4
1916326,"Amidrazone of 4-aminofurazan-3-carboxylic acid 5,50 - bistetrazole-1,10 -diolate",,N/C(=N\[NH3+])c1nonc1N.[O-]n1nnnc1-c1nnnn1[O-],-54%,-28.30%,63%,8680,28.77,40,360,270.2,1507.2,1.7,184.9
1916328,Amidrazone of 4-aminofurazan-3-carboxylic acid 3-nitramino- 4-tetrazolefurazanate,,N/C(=N\[NH3+])c1nonc1N.N/C(=N\[NH3+])c1nonc1N.O=[N+]([O-])[N-]c1nonc1-c1nnn[n-]1,-66.30%,-36.50%,58%,8249,25.57,40,360,244.1,1432.5,1.64,183.3
,"Amidrazone of 4-aminofurazan-3-carboxylic acid 3,4- dinitraminofurazanate",,N/C(=N\[NH3+])c1nonc1N.N/C(=N\[NH3+])c1nonc1N.O=[N+]([O-])[N-]c1nonc1[N-][N+](=O)[O-],-54%,-27%,53.10%,8541,28.42,40,360,251.3,1206.06,1.68,198.5
2008382,"(E)-1,2-di(2'H-[1,5'-bitetrazol]-5-yl)diazene",,N(=N/c1nnnn1-c1nn[nH]n1)\c1nnnn1-c1nn[nH]n1,-47.70%,-26.50%,83.40%,8977,30.9,1,5,251.4,1557.35,1.82,202
,"2H-Benzo[1,2-d:3,4-d′:5,6-d′′]tris[1,2,3]triazole, 5,8-dihydro-",,n1nc2c([nH]1)c1nn[nH]c1c1nn[nH]c21,-107.40%,-59.70%,62.60%,7160,19.41,18,,170.2,463,1.77,356
,"4,4' -Oxybis[3,3‘ -(1H-5-tetrazol)]furazan",,n1n[nH]c(-c2nonc2Oc2nonc2-c2nn[nH]n2)n1,-55.10%,-22.10%,57.90%,7977,26.5,2,,233.7,858.6,1.74,240
,"N-(3,5-Dinitro-1H-pyrazol-4-yl)-N′-nitroguanidine",,N=C(Nc1c([N+](=O)[O-])n[nH]c1[N+](=O)[O-])N[N+](=O)[O-],-24.60%,0%,43.10%,8390,31.4,10,,254,236.6,1.78,233
2336252,"1H,1'H-5,5'-bitetrazole",,n1n[nH]c(-c2nnn[nH]2)n1,-57.90%,-34.80%,81.10%,8109,23.5,,,226.1,531.7,1.693,255
1566702,"2,3,5,6-tetra(1H-tetrazol-5-yl)pyrazine",H4TTP,n1n[nH]c(-c2nc(-c3nnn[nH]3)c(-c3nnn[nH]3)nc2-c2nnn[nH]2)n1,-81.80%,-45.40%,71.50%,8655,28,,,216.3,1383,1.945,260
861473,"(E)-1,2-Bis(4-(1H-tetrazol-5-yl)-1,2,5- oxadiazol-3-yl)diazene",AzTF,N(=N/c1nonc1-c1nnn[nH]1)\c1nonc1-c1nnn[nH]1,-58.20%,-26.50%,64.90%,7730,24.1,4.7,94,237.1,1117,1.69,233
,"N-(3,5-Dinitro-1H-pyrazol-4-yl)guanidine",,N=C(N)Nc1c([N+](=O)[O-])n[nH]c1[N+](=O)[O-],-48.30%,-18.60%,45.60%,8461,31,40,,220.2,182.6,1.84,308
1506286,"4,4,4-Trinitrobutanoyl azide",,[N-]=[N+]=NC(=O)CCC([N+](=O)[O-])([N+](=O)[O-])[N+](=O)[O-],-19.30%,6.40%,33.90%,8259,29.1,2,144,261,54,1.71,85
,"4,4,4-Trinitro-N-(2,2,2-trinitroethyl)butanamide",,O=C(CCC([N+](=O)[O-])([N+](=O)[O-])[N+](=O)[O-])NCC([N+](=O)[O-])([N+](=O)[O-])[N+](=O)[O-],-10.40%,14.50%,25.40%,8628,33.5,10,240,262,330,1.84,155
1506284,"4,4,4-Trinitrobutanamide",,NC(=O)CCC([N+](=O)[O-])([N+](=O)[O-])[N+](=O)[O-],-28.80%,0%,25.20%,8187,29.2,6,360,238,326,1.78,120
,"1-nitro-3-(4-nitro-1,2,5-oxadiazol-3-yl)urea",,O=C(Nc1nonc1[N+](=O)[O-])N[N+](=O)[O-],-7.30%,14.70%,38.50%,8930,34.8,4,360,260,136,1.85,122
1533343,"1-(4-nitro-1,2,5-oxadiazol-3-yl)urea",,NC(=O)Nc1nonc1[N+](=O)[O-],-32.40%,-4.60%,40.40%,7759,23.6,40,360,236.1,63,1.68,182
,"2,4,6,8,12-pentanitro-10-formylazido-hexaazaisowurtzitane",,[N-]=[N+]=NC(=O)N1C2C3N([N+](=O)[O-])C(C4N([N+](=O)[O-])C1C(N4[N+](=O)[O-])N3[N+](=O)[O-])N2[N+](=O)[O-],-20.80%,3.50%,42.40%,8970,38.37,6,,255.5,382.47,1.97,210
2363609,"5-nitro-1H-1,2,4-triazol-3-yl-carbamoyl-azide",,[N-]=[N+]=NC(=O)Nc1n[nH]c([N+](=O)[O-])n1,-32.30%,-8.10%,56.50%,8438,28.7,6,192,227.8,333.9,1.82,212
,"(3,4-dinitro-1H-pyrazol-5-yl)carbamoyl azide",,[N-]=[N+]=NC(=O)Nc1[nH]nc([N+](=O)[O-])c1[N+](=O)[O-],-26.40%,0%,46.30%,8799,33.2,5,160,260,457.9,1.84,175
938887,"2,6,8,12-tetranitro-4,10- diformylazido-hexaazaisowurtzitane",,[N-]=[N+]=NC(=O)N1C2C3N(C(=O)N=[N+]=[N-])C4C1N([N+](=O)[O-])C(C(N2[N+](=O)[O-])N3[N+](=O)[O-])N4[N+](=O)[O-],-29.60%,-3.30%,46.10%,8570,35.03,11,,233.1,374.63,1.97,190
1975692,"2-(4-Amino-1,3,5-triazin-2-yl)-2-nitro-1,1-ethenediamine",,NC(N)=C(c1ncnc(N)n1)[N+](=O)[O-],-93.30%,-52.70%,49.70%,7488,19.3,40,360,177.3,54,1.7,276
2258252,"1-nitro-4-(nitro(1H-1,2,4-triazol-5-yl)methylene)-1,3,5-triazinane",,O=[N+]([O-])C(=C1NCN([N+](=O)[O-])CN1)c1ncn[nH]1,-74.90%,-37.50%,43.70%,7869,22.4,28,300,214.2,278.8,1.71,215
2386308,"(Z)-5-[(2,4-dihydro-3H-1,2,4-triazol-3-ylidene)(nitro)- methyl]-1H-1,2,4-triazole",,O=[N+]([O-])/C(=C1/NC=NN1)c1ncn[nH]1,-86.10%,-45.10%,50.20%,8225,23.69,40,360,188.9,206.1,1.84,134
1975691,"2-Nitro-2-(1H-1,2,4-triazol-5-yl)-1,1-ethenediamine",,NC(N)=C(c1ncn[nH]1)[N+](=O)[O-],-84.60%,-47%,49.40%,7427,19,36,360,184.4,46.2,1.71,267
,"1,1'-(1,2,5-oxadiazole-3,4-diyl)diurea",,NC(=O)Nc1nonc1NC(N)=O,-68.80%,-34.40%,45.10%,8283,24.5,40,360,176.7,162,1.95,239
1533341,"1,1'-(1,2,5-oxadiazole-3,4-diyl)bis(3-nitrourea)",,O=C(Nc1nonc1NC(=O)N[N+](=O)[O-])N[N+](=O)[O-],-17.40%,5.80%,40.60%,8685,32.2,7,360,239,22,1.87,140
,(Z)-1-hydrazineyl-2-nitro-2-(1H-tetrazol-5-yl)ethen-1-amine,,NN/C(N)=C(/c1nnn[nH]1)[N+](=O)[O-],-60.20%,-34.40%,60.20%,8883,28.3,10,240,210,264.5,1.76,237
2247100,"(E)-N-methyl-2-nitro-2-(1H-tetrazol-5-yl)ethene-1,1-diamine",DMSO,CN/C(N)=C(\c1nnn[nH]1)[N+](=O)[O-],-82.10%,-47.50%,52.90%,8665,27.4,40,360,212,285.03,1.81,277
1975685,"2-Nitro-2-(2H-tetrazol-5-yl)-1,1-ethenediamine",,NC(N)=C(c1nnn[nH]1)[N+](=O)[O-],-60.80%,-32.70%,57.30%,8499,26.7,30,360,203.2,181.5,1.83,275
1484784,Guanidinium ATNP,,NC(N)=[NH2+].NC(NC(=O)[C-]([N+](=O)[O-])[N+](=O)[O-])=C([N+](=O)[O-])[N+](=O)[O-],-25.90%,-2.40%,37.10%,8037,28.6,5,60,223.8,429.7,1.794,146
,Triaminoguanidinium ATNP,,NC(NC(=O)[C-]([N+](=O)[O-])[N+](=O)[O-])=C([N+](=O)[O-])[N+](=O)[O-].NNC(NN)=[NH+]N,-29.10%,-8.30%,43.70%,8173,29.1,4,48,237.2,108.4,1.745,141.3
1473504,"Monoammonium 3,5-bis(dinitromethyl)-1,2,4-triazolate",,O=[N+]([O-])C(=C1NN=C([C-]([N+](=O)[O-])[N+](=O)[O-])N1)[N+](=O)[O-].[NH4+],-16.30%,5.40%,38.10%,9086,38.7,20,240,260.1,26.47,1.93,162
,Diaminoguanidinium ATNP,,NC(NC(=O)[C-]([N+](=O)[O-])[N+](=O)[O-])=C([N+](=O)[O-])[N+](=O)[O-].NNC(=[NH2+])NN,-28.20%,-6.50%,41.70%,8110,28.7,1,48,233.1,215.8,1.752,140.6
1891351,"2,4-bis(dinitromethylene)-1,3,5-triazinane",,O=[N+]([O-])C(=C1NCNC(=C([N+](=O)[O-])[N+](=O)[O-])N1)[N+](=O)[O-],-24.70%,2.70%,33.70%,8899,35.83,20,240,255.4,55.84,1.905,135
1892968,"4-(dinitromethylene)-1-(2,2,2-trinitroethyl)-1,3,5-triazinane",,O=[N+]([O-])C(=C1NCN(CC([N+](=O)[O-])([N+](=O)[O-])[N+](=O)[O-])CN1)[N+](=O)[O-],-27.30%,0%,31.80%,8185,28.33,10,180,255.4,31.78,1.706,137
,Ammonium ATNP,,NC(NC(=O)[C-]([N+](=O)[O-])[N+](=O)[O-])=C([N+](=O)[O-])[N+](=O)[O-].[NH4+],-13.50%,8.10%,33%,8674,34.3,8,84,246,382.5,1.88,143.4
,Aminoguanidinium ATNP,,NC(NC(=O)[C-]([N+](=O)[O-])[N+](=O)[O-])=C([N+](=O)[O-])[N+](=O)[O-].NNC(N)=[NH2+],-27.10%,-4.50%,39.50%,8171,29.7,2,48,228,332.5,1.806,132.3
1892967,"bis(4-(dinitromethylene)-1,3,5-triazinan-1-yl)methane",,O=[N+]([O-])C(=C1NCN(CN2CNC(=C([N+](=O)[O-])[N+](=O)[O-])NC2)CN1)[N+](=O)[O-],-69.70%,-32.80%,35.90%,8332,26.47,20,360,217.2,142.74,1.743,188
127539,"1,1-diamino-2,2-dinitroethene",FOX-7,NC(N)=C([N+](=O)[O-])[N+](=O)[O-],-21.60%,0%,37.80%,8771,35.2,,,240,134.1,1.88,274
1024349,"Di(3,4-diamino-1,2,4-triazolium) 5-dinitromethyltetrazolate",2DATr.DNMZ,Nc1[nH+]ncn1N.Nc1[nH+]ncn1N.O=[N+]([O-])C(=C1[N-]N=N[N-]1)[N+](=O)[O-],-60.20%,-34.40%,60.20%,7389,22.8,37,,217.1,622.9,1.629,256.3
2340597,"5-(Dinitromethylene)-4,5-dihydro-1H-tetrazole dihydrate",H2DNTz·2H2O,O.O.O=[N+]([O-])C(=C1NN=NN1)[N+](=O)[O-],-7.60%,7.60%,40%,,,15,168,,,1.738,
,"4-Amino-1,2,4-triazolium ATNP",,NC(NC(=O)[C-]([N+](=O)[O-])[N+](=O)[O-])=C([N+](=O)[O-])[N+](=O)[O-].Nn1cn[nH+]c1,-30.80%,-4.40%,38.40%,8267,30.6,3,64,235.9,54.6,1.825,148.8
,"3-Amino-1,2,4-triazolium ATNP",,NC(NC(=O)[C-]([N+](=O)[O-])[N+](=O)[O-])=C([N+](=O)[O-])[N+](=O)[O-].Nc1[nH]cn[nH+]1,-30.80%,-4.40%,38.40%,8230,30.7,16,56,226.2,188.6,1.861,126.2
660506,"1-amino-1-hydrazino-2,2-dinitroethene",,NNC(N)=C([N+](=O)[O-])[N+](=O)[O-],-24.50%,-4.90%,42.90%,8803,33.8,6,,261.6,71.6,1.78,124.5
1004440,"3,4-Diamino-1,2,4-triazolium 5-dinitromethyltetrazolate monohydrate (7·H2O)",,Nc1[nH+]ncn1N.O.O=[N+]([O-])C(=C1[N-]N=NN1)[N+](=O)[O-],-41.20%,-19.20%,52.90%,8642,33.9,8,,260.1,619.4,1.87,157.5
1447844,"1H-1,2,4-Triazole, 5-(dinitromethyl)-3-(dinitromethylene)-2,3-dihydro-, compd. with hydrazine (1:1)",,N[NH3+].O=[N+]([O-])C(=C1NN=C([C-]([N+](=O)[O-])[N+](=O)[O-])N1)[N+](=O)[O-],-18.10%,2.60%,40.80%,9271,41,22,360,266.2,173.13,1.94,198
,"5-(Dinitromethylene)-4,5-dihydro-1H-tetrazole",H2DNTz,O=[N+]([O-])C(=C1NN=NN1)[N+](=O)[O-],-9.20%,9.20%,48.30%,,,5,64,,,1.738,
,"N',2-bis(1-amino-2,2-dinitrovinyl)hydrazine-1-carbohydrazide",BADCh,NC(NNC(=O)NNC(N)=C([N+](=O)[O-])[N+](=O)[O-])=C([N+](=O)[O-])[N+](=O)[O-],-22.70%,0%,39.80%,8600,32.1,16,32.1,232.4,260.9,1.75,267.6
,"4-(dinitromethylene)-1-methyl-1,3,5-triazinane",,CN1CNC(=C([N+](=O)[O-])[N+](=O)[O-])NC1,-82.70%,-43.30%,34.50%,7618,21.34,25,360,229.5,189.68,1.6,173
,"1-cyclopropyl-4-(dinitromethylene)-1,3,5-triazinane",,O=[N+]([O-])C(=C1NCN(C2CC2)CN1)[N+](=O)[O-],-108.20%,-59.30%,30.50%,7062,17.92,20,360,226.3,292.28,1.52,188
,"2-(4-(dinitromethylene)-1,3,5-triazinan-1-yl)ethan-1-ol",,O=[N+]([O-])C(=C1NCN(CCO)CN1)[N+](=O)[O-],-85.80%,-44.60%,30%,7785,22.24,30,360,217,11.66,1.68,167
1523280,"2-(1-Amino-2,2-dinitrovinyl)hydrazine-1-carboxamide",,NC(=O)NNC(N)=C([N+](=O)[O-])[N+](=O)[O-],-31.10%,-7.80%,40.80%,8507,29.3,10,360,225.1,153,1.79,170
1523286,"1-(1-Amino-2,2-dinitrovinyl)urea",,NC(=O)NC(N)=C([N+](=O)[O-])[N+](=O)[O-],-29.30%,-4.20%,36.60%,8516,30.5,40,360,213.5,277,1.86,209
1886043,"2-(Dinitromethylene)hexahydro-5-nitroso-1,3,5-triazine",,O=NN1CNC(=C([N+](=O)[O-])[N+](=O)[O-])NC1,-44%,-14.70%,38.50%,8975,34.58,20,240,239,119.45,1.87,155
1894723,"diamondguanidine, compd. with 4-[3-(dinitromethyl)-1H-1,2,4-triazol-5-yl]-N-nitro-1,2,5-oxadiazol-3-amine (1:1)",,NN/C(N)=[NH+]/N.O=[N+]([O-])[N-]c1nonc1C1=NNC(=C([N+](=O)[O-])[N+](=O)[O-])N1,-41%,-16.40%,50.20%,8941,33.7,18.4,360,254.4,762.9,1.8,213
,"1-cyclopentyl-4-(dinitromethylene)-1,3,5-triazinane",,O=[N+]([O-])C(=C1NCN(C2CCCC2)CN1)[N+](=O)[O-],-133.70%,-77.70%,27.20%,6768,14.75,25,360,208.3,162.83,1.38,171
,"4-(dinitromethylene)- tetrahydro-4H-1, 3, 5- oxadiazin",,O=[N+]([O-])C(=C1NCOCN1)[N+](=O)[O-],-50.50%,-16.80%,29.50%,8280,28.9,40,360,227.5,74.2,1.79,209.2
,"Hexahydro-3-tert-butyl-2,2-dinitromethylene-1, 3, 5-triazine",,CC(C)(C)N1CNC(=C([N+](=O)[O-])[N+](=O)[O-])NC1,-127.20%,-75%,28.50%,6903,15.2,40,360,211.8,125.4,1.46,180.7
,"Hydrazinecarboximidamide, compd. with 4-[3-(dinitromethyl)-1H-1,2,4-triazol-5-yl]-N-nitro-1,2,5-oxadiazol-3-amine (1:1)",,N[NH+]=C(N)N.O=[N+]([O-])[N-]c1nonc1C1=NNC(=C([N+](=O)[O-])[N+](=O)[O-])N1,-40.50%,-14.90%,48.50%,8862,33.4,16.5,240,257.2,747.5,1.79,214
,"3-nitrimino-7-dinitromethylene-octahydro-[1,2,4]triazino-[6,5-e][1,2,4]triazine",,O=[N+]([O-])N=C1NNC2NC(=C([N+](=O)[O-])[N+](=O)[O-])NNC2N1,-42.10%,-15.80%,46%,8492,29.4,8,360,237.2,304.2,1.73,123.5
,"triamondguanidine, compd. with 4-[3-(dinitromethyl)-1H-1,2,4-triazol-5-yl]-N-nitro-1,2,5-oxadiazol-3-amine (1:1)",,NNC(NN)=[NH+]N.O=[N+]([O-])[N-]c1nonc1C1=NNC(=C([N+](=O)[O-])[N+](=O)[O-])N1,-41.50%,-17.80%,51.80%,8958,33.4,20.7,360,257.4,870.7,1.78,185
,"2-(dinitromethylene)-1,3-diazacyclopentane",,O=[N+]([O-])C(=C1NCCN1)[N+](=O)[O-],-64.30%,-27.60%,32.20%,8394,28.6,40,360,216.3,5.7,1.69,257
,"5-(dinitromethylene)hexahydroimidazo[4,5-d]imidazol-2(1H)-iminium nitrate",,O=[N+]([O-])[O-].[NH2+]=C1NC2NC(=C([N+](=O)[O-])[N+](=O)[O-])NC2N1,-38.30%,-11%,38.30%,8435,29.42,35,324,236.2,17.55,1.8,205.3
,"5-(dinitromethylene)hexahydroimidazo[4,5-d]imidazol-2(1H)-iminium 5-nitrotetrazol-1-ide",,O=[N+]([O-])c1nnn[n-]1.[NH2+]=C1NC2NC(=C([N+](=O)[O-])[N+](=O)[O-])NC2N1,-46.50%,-18.60%,48.80%,8214,26.77,35,360,229.4,461.68,1.72,175.8
,"5-(dinitromethylene)hexahydroimidazo[4,5-d]imidazol-2(1H)-iminium trinitromethanide",,O=[N+]([O-])[C-]([N+](=O)[O-])[N+](=O)[O-].[NH2+]=C1NC2NC(=C([N+](=O)[O-])[N+](=O)[O-])NC2N1,-25.30%,0%,36.80%,8920,35.48,30,252,,224.06,1.86,124.5
,"5-(dinitromethylene)hexahydroimidazo[4,5-d]imidazol-2(1H)-iminium dinitroamide",,O=[N+]([O-])[N-][N+](=O)[O-].[NH2+]=C1NC2NC(=C([N+](=O)[O-])[N+](=O)[O-])NC2N1,-28.60%,-4.80%,41.60%,8853,33.71,30,30,,182.86,1.86,159.6
,"5-(dinitromethylene)hexahydroimidazo[4,5-d]imidazol-2(1H)-iminium (Z)-5-(nitroimino)-4,5-dihydrotetrazol-1-ide",,O=[N+]([O-])/N=c1/[n-]nn[nH]1.[NH2+]=C1NC2NC(=C([N+](=O)[O-])[N+](=O)[O-])NC2N1,-46.80%,-20%,50.70%,8166,25.73,35,360,219.5,363,1.75,188.4
,"5-(dinitromethylene)hexahydroimidazo[4,5-d]imidazol-2(1H)-iminium (4H-1,2,4-triazole-3,5-diyl)bis(nitroamide)",,O=[N+]([O-])[N-]c1nnc([N-][N+](=O)[O-])[nH]1.[NH2+]=C1NC2NC(=C([N+](=O)[O-])[N+](=O)[O-])NC2N1.[NH2+]=C1NC2NC(=C([N+](=O)[O-])[N+](=O)[O-])NC2N1,-50.70%,-21%,45.40%,8250,27.08,40,360,233.1,854.82,1.75,166.1
,"5-(dinitromethylene)hexahydroimidazo[4,5-d]imidazol-2(1H)-iminium 3,5-dinitro-1,2,4-triazol-4-ide",,O=[N+]([O-])c1nnc([N+](=O)[O-])[n-]1.[NH2+]=C1NC2NC(=C([N+](=O)[O-])[N+](=O)[O-])NC2N1,-41.20%,-12.40%,43.30%,8022,25.88,40,360,231.8,324.42,1.72,196.9
,"5-(dinitromethylene)hexahydroimidazo[4,5-d]imidazol-2(1H)-iminium 5-(4-amino-1,2,5-oxadiazol-3-yl)tetrazol-1-ide",,Nc1nonc1-c1nnn[n-]1.[NH2+]=C1NC2NC(=C([N+](=O)[O-])[N+](=O)[O-])NC2N1,-67%,-33.50%,51.30%,8093,24.93,40,360,220.9,666,1.77,203.6
,"3,7-bis(dinitromethylene)-octahydro-[1,2,4]triazino-[6,5-e][1,2,4]triazine",,O=[N+]([O-])C(=C1NNC2NC(=C([N+](=O)[O-])[N+](=O)[O-])NNC2N1)[N+](=O)[O-],-36.80%,-9.20%,40.20%,8862,35.2,7.5,160,252.9,348.2,1.85,125.6
,"5-(Dinitromethylene)-4,5-dihydro-1H-1,2,4-triazole",,O=[N+]([O-])C(=C1NC=NN1)[N+](=O)[O-],-32.40%,-4.60%,40.40%,8782,33.4,40,360,238.1,75,1.93,124
,"5-(dinitromethylene)hexahydroimidazo[4,5-d]imidazol-2(1H)-iminium 5,5'-azanediylbis(tetrazol-1-ide)",,[NH2+]=C1NC2NC(=C([N+](=O)[O-])[N+](=O)[O-])NC2N1.[NH2+]=C1NC2NC(=C([N+](=O)[O-])[N+](=O)[O-])NC2N1.n1n[n-]c(Nc2nnn[n-]2)n1,-64.10%,-32.70%,52.70%,8103,24.69,40,360,228.8,1214.55,1.7,171.2
,"dihydroxylammonium- 5-(dinitromethylene)-1,2,4-triazole-1,4-diide",,O=[N+]([O-])C(=C1[N-]C=N[N-]1)[N+](=O)[O-].[NH3+]O.[NH3+]O,-30.10%,-10%,41%,8784,30.91,40,360,259.4,279.7,1.83,151.5
,"1-(3-cyanoguanidino)-1,2,3-triazole",,N#CN=C(N)Nn1ccnn1,-111.20%,-68.80%,64.80%,,,,,146.3,148.3,1.6,214.3
,1-(2-Cyanoamidino)-pyrazole,,N#CN=C(N)n1cccn1,-148%,-88.80%,51.80%,,,,,165.6,255.9,1.46,259.2
,"1-(2-Cyanoamidino)-1,2,4-triazole",,N#C/N=C(\N)n1cncn1,-117.50%,-70.50%,61.70%,,,,,149.3,170,1.53,300
981619,"1-(2-Cyanoamidino)-1,2,3-triazole",,N#C/N=C(/N)n1ccnn1,-117.50%,-70.50%,61.70%,,,,,179.7,318.7,1.56,195.3
981618,"3,5-diamino-1-(2-cyanoamidino)-1,2,4-triazole",,N#C/N=C(/N)n1nc(N)nc1N,-105.90%,-67.40%,67.40%,,,,,169.7,278.4,1.58,183.9
981620,"3-Methyl-1-(3-cyanoguanidino)-1,2,3-triazole",,C[n+]1ccn([N-]/C(N)=N\C#N)n1,-130.80%,-82.30%,59.30%,,,,,208.1,533.8,1.43,152.6
,"4-(3-cyanoguanidino)-1,2,4-triazole",,N#CN=C(N)Nn1cnnc1,-111.20%,-68.80%,64.80%,,,,,147.6,155,1.57,287.6
,1-(2-Cyanoamidino)-imidazole,,N#CN=C(N)n1ccnc1,-148%,-88.80%,51.80%,,,,,153.1,191.8,1.55,180.3
2127658,"1,4-bis(1H-1,2,3,4-tetraazol-5-ylmethyl)-2,5-bis[(E)-nitroazanylidene]octahydroimidazo[4,5-d]imidazole",,O=[N+]([O-])/N=C1\NC2C(N/C(=N\[N+](=O)[O-])N2Cc2nnn[nH]2)N1Cc1nnn[nH]1,-69%,-36.50%,56.80%,8050,24.1,40,360,234.4,1068.51,1.704,213
,"Guanidine, N-nitro-N′-2H-tetrazol-5-yl-, compd. with guanidine (1:1)",,N/C(=N\[N+](=O)[O-])Nc1nnn[n-]1.N[C+](N)N,-58.80%,-38.10%,66.60%,8108,22.5,,,191.3,252.7,1.62,210
,"Carbonimidic dihydrazide, compd. with N-nitro-N′-1H-tetrazol-5-ylguanidine (1:1)",,N/C(=N\[N+](=O)[O-])Nc1nnn[n-]1.NN[C+](N)NN,-58.20%,-39.80%,69.70%,9122,30,,,208.2,455.2,1.7,206
2068572,"[1,2,4,5]tetrazin-1(2H)- ylidene)nitramide hydrate (8⋅H2O)",,Nc1nnc2nnc3n[nH]c(=N[N+](=O)[O-])n3n12.O,-47%,-21.90%,60.40%,9073,34,40,360,236,614.94,1.88,166
2127656,"1,4-di(1H-1,2,3,4-tetraazol-5-yl)-2,5-bis[(E)-nitroazanylidene]octahydroimidazo[4,5-d]imidazole",,O=[N+]([O-])/N=C1\NC2C(N/C(=N\[N+](=O)[O-])N2c2nnn[nH]2)N1c1nnn[nH]1,-48.10%,-21.80%,61.20%,9080,33.1,40,360,250.5,1186.5,1.849,200
2039062,"(E)-2-((5-((2-(1H-tetrazol-5-yl)ethyl)amino)-1,4-di(1H-tetrazol-5-yl)hexahydroimidazo[4,5-d]imidazol-2(1H)-ylidene)amino)acetonitrile",,N#CCCN1/C(=N/[N+](=O)[O-])NC2C1N/C(=N\[N+](=O)[O-])N2CCc1nnn[nH]1,-94.90%,-52.70%,48%,7640,20.9,40,360,227.6,934.2,1.662,218
1292355,"N,N'-dinitrotetrahydroimidazo[4,5-d]imidazole-2,5(1H,3H)diimine",,O=[N+]([O-])N=C1NC2NC(=N[N+](=O)[O-])NC2N1,-48.70%,-20.90%,48.70%,8890,35.8,10,103,266.1,639.2,1.87,
,"2,2'-((2E,5E)-2,5-bis(nitroimino)hexahydroimidazo[4,5-d]imidazole-1,4-diyl)diacetic acid",,O=C(O)CN1/C(=N/[N+](=O)[O-])NC2C1N/C(=N\[N+](=O)[O-])N2CC(=O)O,-60.10%,-23.10%,32.30%,7660,25.9,12,117,207.8,107,1.78,
,"Hydrazinecarboximidamide, compd. with N-nitro-N′-1H-tetrazol-5-ylguanidine",,N/C(=N\[N+](=O)[O-])Nc1nnn[n-]1.NN[C+](N)N,-58.50%,-39%,68.20%,8643,26.2,,,199.7,349.9,1.67,217
713771,"Guanidine, N-nitro-N′-1H-tetrazol-5-yl-, compd. with 1,3a,4,6a-tetrahydro-N2-nitroimidazo[4,5-d]imidazole-2,5-diamine (1:1)",,N/C(=N\[N+](=O)[O-])Nc1nnn[n-]1.[NH2+]=c1[nH]c2[nH]c(=N[N+](=O)[O-])[nH]c2[nH]1,-56.30%,-29.30%,59.10%,8380,25.9,,,212.7,526.9,1.7,271
,"Carbonic dihydrazide, compd. with N-nitro-N′-1H-tetrazol-5-ylguanidine (1:2)",,N/C(=N\[N+](=O)[O-])Nc1nnn[n-]1.N/C(=N\[N+](=O)[O-])Nc1nnn[n-]1.[NH3+]NC(=O)N[NH3+],-44.20%,-25.80%,64.50%,8627,27.7,,,219.9,658.9,1.72,157
,"Imidazo[4,5-d]imidazole-2,5-diamine, 1,3a,4,6a-tetrahydro-N2-nitro-, compd. with N5,N5′-dinitro[3,3′-bi-1H-1,2,4-triazole]-5,5′-diamine (2:1)",,O=[N+]([O-])/N=c1/nc(-c2n/c(=N/[N+](=O)[O-])[nH][n-]2)[n-][nH]1.[NH2+]=C1NC2NC(=N[N+](=O)[O-])NC2N1.[NH2+]=C1NC2NC(=N[N+](=O)[O-])NC2N1,-63.90%,-33.20%,53.60%,8474,27.3,40,,212.3,837,1.8,281
904649,"Bis(3-amino-1-nitroguanidinium) 5,50 -bis(tetrazole-2-oxide)",,N/C(=N\[N+](=O)[O-])N[NH3+].N/C(=N\[N+](=O)[O-])N[NH3+].[O-]n1nnc(-c2nnn([O-])n2)n1,-31.40%,-15.70%,61.70%,9350,38.2,10,48,261,1043.8,1.832,163
,"Hydrazinecarboximidamide, N-nitro-, compd. with N-nitro-N′-1H-tetrazol-5-ylguanidine (1:1)",,N/C(=N/[N+](=O)[O-])N[NH3+].N/C(=N\[N+](=O)[O-])Nc1nnn[n-]1,-35.70%,-19.20%,62.50%,9171,33.7,,,245,557.1,1.72,171
,"Urea, N-(aminoiminomethyl)-, compd. with N-nitro-N′-1H-tetrazol-5-ylguanidine (1:1)",,N/C(=N\[N+](=O)[O-])Nc1nnn[n-]1.NC(=O)N[C+](N)N,-58.40%,-35%,61.30%,7943,21.4,,,173.3,47,1.64,221
,"1H-Tetrazolium, 1,4,5-trimethyl-, compd. with N-nitro-N′-1H-tetrazol-5-ylguanidine (1:1)",,Cc1n(C)nn[n+]1C.N/C(=N\[N+](=O)[O-])Nc1nnn[n-]1,-90.10%,-56.30%,59.10%,7357,19.8,,,205.3,555.1,1.53,174
713770,"Guanidine, N-nitro-N′-1H-tetrazol-5-yl-, compd. with 1,4-dihydro-1,4-dimethyl-5H-tetrazol-5-imine (1:1)",,Cn1nn[n+](C)c1N.N/C(=N\[N+](=O)[O-])Nc1nnn[n-]1,-75.70%,-47.70%,63.80%,8065,22.7,,,210.4,589.5,1.63,158
,"Carbonohydrazonic dihydrazide, compd. with N-nitro-N′-1H-tetrazol-5-ylguanidine (1:1)",,N/C(=N\[N+](=O)[O-])Nc1nnn[n-]1.NN[C+](NN)NN,-57.90%,-40.50%,71%,9469,33,,,221.7,562.4,1.69,185
,"3-Amino-1-nitroguanidinium N-(3,4-Dinitro-1H-pyrazol-5-yl)- nitramidate",,N/C(=N\[N+](=O)[O-])N[NH3+].O=[N+]([O-])[N-]c1[nH]nc([N+](=O)[O-])c1[N+](=O)[O-],-16.60%,2.40%,45.70%,9237,39.5,8,80,273.9,450,1.88,130
,"(1E,1'E)-2,2'-malonylbis(N'-nitrohydrazine-1-carboximidamide)",,N/C(=N\[N+](=O)[O-])NNC(=O)CC(=O)NN/C(N)=N/[N+](=O)[O-],-47%,-20.90%,45.70%,7886,27.1,9.8,,,,1.698,180.3
1534410,Aminonitroguanidinium 1-(2H-tetrazol-5-yl)-5-nitramino-tetrazole,,N/C(=N\[N+](=O)[O-])N[NH3+].O=[N+]([O-])[N-]c1nnnn1-c1nn[nH]n1,-27.70%,-12.60%,66.20%,9432,36.1,7,54,268.9,986.6,1.79,109
989437,1-amino-2- nitroguanidinium nitrate,ANGN,N/C(=N/[N+](=O)[O-])N[NH3+].O=[N+]([O-])[O-],0%,8.80%,46.10%,9775,43,,,274.4,22,1.85,142
895977,"1-Amino-3-nitroguanidinium 1‘-Hydroxy-1H,1‘H-5,5‘-bitetrazol-1- olate Dihydrate",,N/C(=N\[N+](=O)[O-])N[NH3+].O.O.[O-]n1nnnc1-c1nnnn1O,-27.10%,-12.30%,56%,8796,32.5,10,192,241,222.1,1.778,140
,"Mono-2-iminium-5-nitriminooctahydroimidazo [4,5-d]imidazole3,6- dinitropyrazolo[4,3-c]pyrazolate monohydrate",,O=[N+]([O-])c1n[nH]c2c([N+](=O)[O-])n[n-]c12.[NH2+]=C1NC2NC(=N[N+](=O)[O-])NC2N1,-60.50%,-27.10%,47.50%,8355,27.9,23,160,220,505.6,1.79,238
2073383,"(E)-2-(6-(3,5-dimethyl-1H-pyrazol-1-yl)-1,2,4,5-tetrazin-3-yl)-N'-nitrohydrazine-1-carboximidamide",,Cc1cc(C)n(-c2nnc(NN/C(N)=N/[N+](=O)[O-])nn2)n1,-106.40%,-62.70%,52.50%,7343,22,7.45,,184.3,,1.516,206.2
1870617,"2,6-Diacetonyl-3,7-bis(nitroimino)-2,4,6,8-tetraazabicyclo- [3.3.0]octane",,CC(=O)CN1/C(=N/[N+](=O)[O-])NC2C1N/C(=N\[N+](=O)[O-])N2CC(C)=O,-98.20%,-51.40%,32.70%,6840,18.8,14,139,217.2,324.8,1.54,
,"4,6-dihydrazinium-1H-[1,3,5]-triazin-2-one bis[3-(5-nitroimino-1,2,4-triazolate)]",,O=[N+]([O-])/N=C1\N=NC(C2N=N/C(=N\[N+](=O)[O-])[N-]2)[N-]1.[NH3+]Nc1nc(N[NH3+])[nH]c(=O)n1,-56.10%,-29%,57.60%,8713,28.6,20,360,234.4,942.6,1.73,222
1870618,"2,6-Diacetic Acid Diethyl Ester-3,7-bis(nitroimino)-2,4,6,8-tetraazabicyclo[3.3.0]octane",,COC(=O)CN1/C(=N/[N+](=O)[O-])NC2C1N/C(=N\[N+](=O)[O-])N2CC(=O)OC,-81.20%,-38.50%,29.90%,6490,16.3,13,124,203.2,124.1,1.46,
,(E)-1-hydroxy-2-nitroguanidine,,N/C(=N\[N+](=O)[O-])NO,-13.30%,0%,46.60%,8878,33.2,10,240,258.6,25,1.752,144
,(E)-2-acetyl-N'-nitrohydrazine-1-carboximidamide,,CC(=O)NN/C(N)=N/[N+](=O)[O-],-64.50%,-34.80%,43.40%,7341,22.41,15.68,,,,1.568,189.2
,"2,6-Diamino-3,7-bis(nitroimino)-2,4,6,8-tetraazabicyclo[3.3.0]- octane",,NN1/C(=N\[N+](=O)[O-])NC2C1N/C(=N/[N+](=O)[O-])N2N,-49.20%,-24.60%,53.80%,8660,32.7,13,87,273,844.9,1.75,
,"2,6-Diacetyl-3,7-bis(nitroimino)-2,4,6,8-tetraazabicyclo[3.3.0]- octane",,CC(=O)N1/C(=N/[N+](=O)[O-])NC2C1N/C(=N\[N+](=O)[O-])N2C(C)=O,-76.40%,-35.60%,35.60%,7340,23.8,13,133,218.9,258.4,1.71,
2073381,(E)-2-formyl-N'-nitrohydrazine-1-carboximidamide,,N/C(=N\[N+](=O)[O-])NNC=O,-38.10%,-16.30%,47.60%,8551,32.33,7.84,,,,1.735,195
224649,Dinitroguanidine,DNQ,N/C(=N\[N+](=O)[O-])N[N+](=O)[O-],5.40%,16.10%,47%,9200,36,30,,252.7,,1.884,
,"(Z)-2-nitro-1-(2,4,6-trinitrophenyl)guanidine",,N/C(=N/[N+](=O)[O-])Nc1c([N+](=O)[O-])cc([N+](=O)[O-])cc1[N+](=O)[O-],-43.20%,-7.60%,31.10%,8113,28,35,192,232.5,93.38,1.77,211
,1-Propyl-2-nitroguanidine,PrNQ,CCCN/C(N)=N\[N+](=O)[O-],-120.40%,-76.60%,38.30%,7760,,25,360,,,,177
2369164,"(E,E)-2′,2′ -(4-amino-3,5-dinitropyridine-2,6- diyl)bis(1-nitroguanidine)",,N/C(=N\[N+](=O)[O-])Nc1nc(N/C(N)=N/[N+](=O)[O-])c([N+](=O)[O-])c(N)c1[N+](=O)[O-],-41.20%,-12.40%,43.30%,8539,30.1,60,160,225.3,231.44,1.82,225
,"2-nitro-1-{[(2,6,8,10,12-pentanitro-2,4,6,8,10,12-hexaazaisowurtzitan-4- yl)methyl(2-(nitramino)ethyl)](nitramino)methyl}guanidine",,N/C(=N\[N+](=O)[O-])NCN(CCN(CN1C2C3N([N+](=O)[O-])C(C4N([N+](=O)[O-])C1C(N4[N+](=O)[O-])N3[N+](=O)[O-])N2[N+](=O)[O-])[N+](=O)[O-])[N+](=O)[O-],-34.60%,-8.30%,39.60%,8850,34.7,,,251.2,420,1.804,178
2369165,"(E)-2-(3,4-dinitro-1H-pyrazol-5-yl)-1- nitroguanidine",,N/C(=N\[N+](=O)[O-])Nc1[nH]nc([N+](=O)[O-])c1[N+](=O)[O-],-24.60%,0%,43.10%,9008,35.7,7,120,253.1,226.73,1.89,221
2104897,"2-nitro-1-{[(2,6,8,10,12-pentanitro-2,4,6,8,10,12-hexaazaisowurtzitan-4- yl)methyl](nitramino)methyl}guanidine",,N/C(=N\[N+](=O)[O-])NCN(CN1C2C3N([N+](=O)[O-])C(C4N([N+](=O)[O-])C1C(N4[N+](=O)[O-])N3[N+](=O)[O-])N2[N+](=O)[O-])[N+](=O)[O-],-28.80%,-4.10%,40.80%,9040,37.9,4.3,180,257.5,461,1.846,203
,"(Z)-2-(4,6-diamino-1,3,5-triazin-2-yl)-N'-nitrohydrazine-1-carboximidamide",,N/C(=N/[N+](=O)[O-])NNc1nc(N)nc(N)n1,-70.10%,-42.10%,61.40%,7672,22.2,40,360,188.5,172.4,1.7,260
,"(1Z,1'Z)-2,2'-(hydrazine-1,2-dicarbonyl)bis(N'-nitrohydrazine-1-carboximidamide)",,N/C(=N/[N+](=O)[O-])NNC(=O)NNC(=O)NN/C(N)=N\[N+](=O)[O-],-34.80%,-14.90%,52.10%,8263,27.9,40,360,217.9,7,1.75,200
,"(1Z,1'Z)-2,2'-(1,2,4,5-tetrazine-3,6-diyl)bis(N'-nitrohydrazine-1-carboximidamide)",,N/C(=N/[N+](=O)[O-])NNc1nnc(NN/C(N)=N\[N+](=O)[O-])nn1,-40.50%,-20.20%,62%,8884,33.7,32,120,241.4,733.1,1.81,201
,"(1Z,1'Z)-2,2'-carbonylbis(N'-nitrohydrazine-1-carboximidamide)",,N/C(=N/[N+](=O)[O-])NNC(=O)NN/C(N)=N\[N+](=O)[O-],-30.30%,-12.10%,53%,8138,26.5,40,360,233.2,107.7,1.66,206
2092526,"azanylidyne{5-[5-(nitroamino)-1,3,4-oxadiazol-2-yl]-1,2,4-triazol-1-id-3-yl}ammonium",,Nc1[nH+]nc(/N=N/c2n[nH+]c(N)n2[N-][N+](=O)[O-])n1[N-][N+](=O)[O-],-35.60%,-15.30%,62.40%,8914,32.2,1,24,218.5,,1.78,173
2092529,"bis((E)-(diazene-1,2-diylbis(5-amino-4H-1,2,4-triazole-1-ium-3,4-diyl))bis(nitroamide)) dihydrate",,Nc1[nH+]nc(/N=N/c2n[nH+]c(N)n2[N-][N+](=O)[O-])n1[N-][N+](=O)[O-].Nc1nnc(/N=N/c2nnc(N)n2N)n1N.O,-54.60%,-31.60%,65.40%,8354,25.6,25,360,219.4,,1.697,187
1449634,"3,4-Dinitro-1-(1H-tetrazol-5-yl)-1H-pyrazol-5-amine",HANTP,Nc1c([N+](=O)[O-])c([N+](=O)[O-])nn1-c1nnn[nH]1,-36.50%,-10%,52.30%,9261,38.3,25,168,277.9,848,1.85,222
1952870,"8-amino- 6,7-dinitro-tetrazolo[1,5-b]pyridazine",,Nc1c([N+](=O)[O-])c([N+](=O)[O-])nn2nnnc12,-35.40%,-7.10%,49.50%,9021,34.8,18,112,245.5,470,1.886,202
,"hydrazinium 4,6-diamino-5-nitro-3-oxido-2-oxo-2,3-dihydropyrimidine 1-oxide",,N[NH3+].Nc1c([N+](=O)[O-])c(N)[n+]([O-])c(=O)n1[O-],-51%,-23.80%,41.70%,,,40,360,222.8,5.1,1.77,251
,"hydroxylammonium 4,6-diamino-5-nitro-3-oxido-2-oxo-2,3-dihydropyrimidine 1-oxide",,Nc1c([N+](=O)[O-])c(N)[n+]([O-])c(=O)n1[O-].[NH3+]O,-40.70%,-13.60%,35.60%,8584,30.2,40,360,231.8,122.4,1.83,309
2062676,"3,5-diamino-6-hydroxy-2-oxide-4-nitro-pyrimidone",,Nc1c([N+](=O)[O-])c(N)[n+]([O-])c(=O)n1O,-43.30%,-11.80%,34.50%,8660,33.64,60,360,203.2,204.5,1.95,271
,"4,6-diamino-5-nitro-3-oxido-2-oxo-2,3-dihydropyrimidine 1-oxide",,N.Nc1c([N+](=O)[O-])c(N)[n+]([O-])c(=O)n1[O-].O,-43.90%,-16.90%,35.40%,8584,30.2,40,360,149.9,122.4,1.83,309
2053258,"5-amino-3,6-dinitropyrazolo[1,5-a]pyrimidin-7(4H)-one",,Nc1[nH]c2c([N+](=O)[O-])cnn2c(=O)c1[N+](=O)[O-],-60%,-20%,35%,8097,29.8,24,300,217.8,181.4,1.87,291
171054,Trinitro triazidobenzene,TATNB,[N-]=[N+]=Nc1c([N+](=O)[O-])c(N=[N+]=[N-])c([N+](=O)[O-])c(N=[N+]=[N-])c1[N+](=O)[O-],-28.60%,0%,50%,9065,35.5,4.9,,249.4,765.8,1.8,
732611,"1-amino-3,5-di-1H-1,2,4-triazolyltrinitrobenzene",,Nc1c([N+](=O)[O-])c(-n2cncn2)c([N+](=O)[O-])c(-n2cncn2)c1[N+](=O)[O-],-75.10%,-30.90%,38.70%,7178,22.4,35,,212.3,463.8,1.72,298.3
732612,"2,4,6-Tri-1H-triazol-1-yl-1,3,5-trinitrobenzene",,O=[N+]([O-])c1c(-n2cncn2)c([N+](=O)[O-])c(-n2cncn2)c([N+](=O)[O-])c1-n1cncn1,-81.10%,-34.80%,40.60%,7197,22.4,35,,214.8,737.1,1.75,228
2118338,"2,3,4,5,6-Pentanitroaniline",PNA,Nc1c([N+](=O)[O-])c([N+](=O)[O-])c([N+](=O)[O-])c([N+](=O)[O-])c1[N+](=O)[O-],-15.10%,15.10%,26.40%,8810,36.6,5.5,,,,1.86,192
1177301,Hexanitrobenzene,HNB,O=[N+]([O-])c1c([N+](=O)[O-])c([N+](=O)[O-])c([N+](=O)[O-])c([N+](=O)[O-])c1[N+](=O)[O-],0%,27.60%,24.10%,9340,42,2.75,,260.4,198.83,1.965,
1549795,"1,3,5-triamino-2,4,6-trinitrobenzene",TATB,Nc1c([N+](=O)[O-])c(N)c([N+](=O)[O-])c(N)c1[N+](=O)[O-],-55.80%,-18.60%,32.50%,8114,31.1,50,,200.1,139.8,1.94,330
,"2,4,6-Tris(3,5-diamino-2,4,6-trinitrophenylamino)-1,3,  5-triazine",PL-1,Nc1c([N+](=O)[O-])c(N)c([N+](=O)[O-])c(Nc2nc(Nc3c([N+](=O)[O-])c(N)c([N+](=O)[O-])c(N)c3[N+](=O)[O-])nc(Nc3c([N+](=O)[O-])c(N)c([N+](=O)[O-])c(N)c3[N+](=O)[O-])n2)c1[N+](=O)[O-],-59.30%,-19.80%,34.60%,7861,31.2,34,360,213.4,427.6,2.02,335
1917211,"3,5-Bis(dimethylamino)-4,6-dinitropyridazine-1-oxide",,CN(C)c1n[n+]([O-])c([N+](=O)[O-])c(N(C)C)c1[N+](=O)[O-],-99.90%,-52.90%,30.90%,6994,17.6,30,360,213.3,156.4,1.54,217
1917210,"3,5-Bis((2-hydroxyethyl)amino)-4,6-dinitropyridazine-1-oxide",,O=[N+]([O-])c1c(NCCO)n[n+]([O-])c([N+](=O)[O-])c1NCCO,-78.90%,-36.80%,27.60%,7389,20.2,18,360,200.4,250.8,1.69,170
1917212,"3,5-Bis(methylamino)-4,6-dinitropyridazine-1-oxide",,CNc1n[n+]([O-])c([N+](=O)[O-])c(NC)c1[N+](=O)[O-],-72.10%,-32.80%,34.40%,7365,20.4,10,360,215.6,102.7,1.63,250
1917211,"3,5-Bis(methylnitramino)-4,6-dinitropyridazine-1-oxide",,CN(c1n[n+]([O-])c([N+](=O)[O-])c(N(C)[N+](=O)[O-])c1[N+](=O)[O-])[N+](=O)[O-],-28.70%,0%,33.50%,8276,29.1,5,120,266.6,298.3,1.68,120
,"5,7-diamino-4,6-dinitrobenzotriazol-3-ium 1-oxide",,Nc1c([N+](=O)[O-])c(N)c2c([nH+]nn2[O-])c1[N+](=O)[O-],-59.60%,-21.90%,38.40%,7941,24.7,20,360,210.5,140,1.75,257
2034431,"3-(5-Amino-4-nitro-1H-pyrazol-1-yl)-N-nitro-4H-1,2,4-triazol-4-amine",,Nc1c([N+](=O)[O-])cnn1-c1nncn1N[N+](=O)[O-],-53.30%,-21.90%,49.40%,8694,31.7,17,216,239.8,549.5,1.816,195
,"1,3,6,8-tetranitro-2,7-diamine-naphthalene",,Nc1c([N+](=O)[O-])cc2cc([N+](=O)[O-])c(N)c([N+](=O)[O-])c2c1[N+](=O)[O-],-71%,-23.70%,24.80%,7429,25.8,40,360,211.6,80.8,1.84,330
1566496,"4-amino-5-nitro-[1,2,5]oxadiazolo[3,4-e]tetrazolo[1,5-a]pyridine-3-oxide",ANTP,Nc1c([N+](=O)[O-])c2nnnn2c2no[n+]([O-])c12,-47%,-13.40%,47%,8838,36.01,3,100,274.9,908,1.921,134
2056891,"6-azido-3,8-dinitro-[1,2,4]triazolo[4,3-b]pyridazin-7-amine",,[N-]=[N+]=Nc1nn2c([N+](=O)[O-])nnc2c([N+](=O)[O-])c1N,-42.10%,-12%,52.60%,8819,32.4,18,360,244.8,684,1.84,217
2082398,"4-amino-7,8-dinitro-3-(1H-tetrazol-5-yl)pyrazolo[5,1-c][1,2,4]triazine 2-oxide",,Nc1c(-c2nnn[nH]2)[n+]([O-])nc2c([N+](=O)[O-])c([N+](=O)[O-])nn12,-44%,-12.90%,49.80%,8851,32.89,60,360,227.9,531.2,1.896,273
1565548,"6-amino-7-nitro-[1,2,5]oxadiazolo[3,4-c]pyridazine 4-oxide",,Nc1n[n+]([O-])c2nonc2c1[N+](=O)[O-],-40.40%,-8.10%,42.40%,8695,32.9,36,360,247.3,368.7,1.84,175
1565546,"6-amino-7-nitro-[1,2,5]oxadiazolo[3,4-c]pyridazine",,Nc1nnc2nonc2c1[N+](=O)[O-],-52.70%,-17.60%,46.10%,8396,29.4,50,360,241.1,417.8,1.79,186
1975677,"6-azido-8-nitrotetrazolo[1,5-b]pyridazin-7-amine",,[N-]=[N+]=Nc1nn2nnnc2c([N+](=O)[O-])c1N,-50.40%,-21.60%,63%,8746,31.5,5,120,248.1,811.2,1.82,163
,"2,6-Diamino-3,5-dinitropyrazine 1-oxide",LLM-105,Nc1c([N+](=O)[O-])nc([N+](=O)[O-])c(N)[n+]1[O-],-37%,-7.40%,38.90%,8639,31.7,20,360,,11,1.92,342
2089297,"4-amino-7,8-dinitropyrazolo[5,1-c][1,2,4]triazine-3-carbonitrile",,N#Cc1nnc2c([N+](=O)[O-])c([N+](=O)[O-])nn2c1N,-57.60%,-19.20%,44.80%,8101,26,55,324,211.4,330.8,1.817,280
2076256,"7,8-dinitro-3-(1H-tetrazol-5-yl)pyrazolo[5,1-c][1,2,4]triazin-4-amine",,Nc1c(-c2nnn[nH]2)nnc2c([N+](=O)[O-])c([N+](=O)[O-])nn12,-51.80%,-19.10%,52.50%,8755,31.67,60,288,225.1,594.7,1.884,174
1848975,"3,3',8,8'-tetranitro-[7,7'-bipyrazolo[5,1-c][1,2,4]triazine]-4,4'-diamine",,Nc1c([N+](=O)[O-])nnc2c([N+](=O)[O-])c(-c3nn4c(N)c([N+](=O)[O-])nnc4c3[N+](=O)[O-])nn12,-50%,-14.30%,43.70%,8572,31.4,60,360,238.3,899,1.85,315
2075042,"ammonium 4-amino-3,8-dinitropyrazolo[5,1-c][1,2,4]triazin-7-olate",,Nc1c([N+](=O)[O-])nnc2c([N+](=O)[O-])c([O-])nn12.[NH4+],-49.60%,-18.60%,43.40%,8114,25.3,40,360,220.5,198.7,1.752,336
,"hydrazinium 4-amino-3,8-dinitropyrazolo[5,1-c][1,2,4]triazin-7-olate",,N[NH3+].Nc1c([N+](=O)[O-])nnc2c([N+](=O)[O-])c([O-])nn12,-49.80%,-20.50%,46.10%,8661,30.9,40,360,230.7,344.7,1.819,209
2075047,"4-amino-3,8-dinitropyrazolo[5,1-c][1,2,4]triazin-7-ol",,Nc1c([N+](=O)[O-])nnc2c([N+](=O)[O-])c(O)nn12,-43.10%,-10%,40.60%,8538,30.4,40,360,222.1,199.4,1.877,322
,"hydroxylammonium 4-amino-3,8-dinitropyrazolo[5,1-c][1,2,4]triazin-7-olate",,Nc1c([N+](=O)[O-])nnc2c([N+](=O)[O-])c([O-])nn12.[NH3+]O,-40.90%,-11.70%,40.90%,8737,33.5,40,360,240.5,241.6,1.865,317
1412578,"3,7,8-trinitropyrazolo[5,1-c][1,2,4]triazin-4-amine",PTX,Nc1c([N+](=O)[O-])nnc2c([N+](=O)[O-])c([N+](=O)[O-])nn12,-29.60%,0%,41.50%,8998,34.04,14.3,324,250.6,370,1.95,246
2076257,"N-(4-amino-8-nitro-3-(1H-tetrazol-5-yl)pyrazolo[5,1-c][1,2,4]triazin-7-yl)nitramide",,Nc1c(-c2nnn[nH]2)nnc2c([N+](=O)[O-])c(N[N+](=O)[O-])nn12,-51.90%,-20.80%,54.50%,8990,33.45,14,252,226.8,614.5,1.917,177
1481754,DPX-27,DPX-27,Nc1c([N+](=O)[O-])n[n+]([O-])c2nc([N+](=O)[O-])nn12,-26.40%,0%,46.30%,8970,35.4,10.3,258,252.4,378,1.9,138
1504584,"4-amino-3,7-dinitro-[1,2,4]triazolo[5,1-c][1,2,4]triazine",DPX-26,Nc1c([N+](=O)[O-])nnc2nc([N+](=O)[O-])nn12,-35.40%,-7.10%,49.50%,8700,32,29,360,235.8,387,1.86,232
,"4-amino-3-nitro-7-(5-1H-tetrazolyl)triazolo-[5,1- c][1,2,4] triazine",ANTTT,Nc1c([N+](=O)[O-])nnc2nc(-c3nnn[nH]3)nn12,-61%,-28.90%,61.80%,8312,27.04,80,360,226.41,723.42,1.819,305
,"2,3,4,6-tetra-1H-triazol-1-yl-1,3-dinitrobenzene",,O=[N+]([O-])c1c(-n2cncn2)c(-n2cncn2)c(-n2cncn2)c([N+](=O)[O-])c1-n1cncn1,-102.70%,-51.30%,44.90%,6778,15.3,45,,201.4,920.2,1.56,249.5
1477983,"1-(3,5-dinitro-1H-pyrazol-4-yl)-3-nitro-1H-1,2,4-triazol-5- amine",HCPT,Nc1nc([N+](=O)[O-])nn1-c1c([N+](=O)[O-])n[nH]c1[N+](=O)[O-],-30.90%,-2.80%,44.20%,9167,37.8,9,240,282.1,833.4,1.84,270
,"N-(3,5-dinitro-1H-pyrazol-4-yl)-1H-tetrazol-5- amine",,O=[N+]([O-])c1n[nH]c([N+](=O)[O-])c1Nc1nnn[nH]1,-36.50%,-10%,52.30%,9289,38.6,35,240,278.7,856.4,1.86,279
152129,"4-amino-3,5-dinitropyrazole",LLM-116,Nc1c([N+](=O)[O-])n[nH]c1[N+](=O)[O-],-32.40%,-4.60%,40.40%,8894,35,40,360,241,96.3,1.9,178
,"(E)-1,2-Bis(3,5-dinitro-1H-pyrazol-4-yl)diazene",,O=[N+]([O-])c1n[nH]c([N+](=O)[O-])c1N=Nc1c([N+](=O)[O-])n[nH]c1[N+](=O)[O-],-23.40%,4.70%,40.90%,9083,36.6,40,240,272.1,699.8,1.85,221
2047407,1:1 TT/TNP cocrystal 3,,O=[N+]([O-])c1n[nH]c([N+](=O)[O-])c1[N+](=O)[O-].c1cn2c(n1)n1ccnc1n1ccnc21,-85.70%,-37.90%,38.40%,6903,18,27,144,212.3,641.25,1.703,214.9
1940795,aTRz:DNP (1:3),,Nc1c([N+](=O)[O-])n[nH]c1[N+](=O)[O-].Nc1c([N+](=O)[O-])n[nH]c1[N+](=O)[O-].Nc1c([N+](=O)[O-])n[nH]c1[N+](=O)[O-].c1nncn1/N=N/n1cnnc1,-48%,-17.60%,47.10%,8329,28.6,7,192,226.3,904.27,1.77,200.5
,"4-Nitro-1-(2H-tetrazol-5-yl)-1H-1,2,3-triazol-5-amine",,Nc1c([N+](=O)[O-])nnn1-c1nnn[nH]1,-44.60%,-20.30%,63.90%,8600,28.63,30,360,236.2,536.17,1.75,233
,"2,4,6,8-tetranitro- 1,5-diamine-naphthalene",,Nc1c([N+](=O)[O-])cc([N+](=O)[O-])c2c(N)c([N+](=O)[O-])cc([N+](=O)[O-])c12,-71%,-23.70%,24.80%,7832,28.8,40,360,212.31,90.2,1.905,256
1899725,"4,5-diamino-3-(4-amino-1,2,5-oxadiazol-3-yl)-4H-1,2,4-triazol-1-ium 2,4,6-trinitrophenolate",,Nc1nonc1-c1n[nH+]c(N)n1N.O=[N+]([O-])c1cc([N+](=O)[O-])c([O-])c([N+](=O)[O-])c1,-64.20%,-25.30%,37.40%,8345,29.1,40,360,257.4,1024.21,1.72,251
2005506,3-Amino-5-hydrazinopyrazole dipicrate,,Nc1cc(N[NH3+])[nH][nH+]1.O=[N+]([O-])c1cc([N+](=O)[O-])c([O-])c([N+](=O)[O-])c1.O=[N+]([O-])c1cc([N+](=O)[O-])c([O-])c([N+](=O)[O-])c1,-63%,-21%,27%,7904,26.8,40,360,245.6,733,1.776,150
,"1,2,4-Triazolium Picrate",,O=[N+]([O-])c1cc([N+](=O)[O-])c([O-])c([N+](=O)[O-])c1.c1n[nH]c[nH+]1,-64.40%,-21.50%,28.20%,,,,,249.8,497.7,1.77,196
,"5-Amino-1H-1,2,4-triazole-3-carbohydrazide dipicrate",,Nc1nc(C(=O)N[NH3+])n[nH]1.O=[N+]([O-])c1cc([N+](=O)[O-])c([O-])c([N+](=O)[O-])c1,-62.50%,-23.70%,33.90%,7658.01,22.3,7.5,144,196.2,163.4,1.72,241
1831250,"5-Amino-1H-1,2,4-triazole-3-carbohydrazide di(trinitro-phloroglucinolate)",,Nc1nc(C(=O)N[NH3+])n[nH]1.O=[N+]([O-])c1c([O-])c([N+](=O)[O-])c(O)c([N+](=O)[O-])c1O,-49.60%,-13.90%,31.20%,7902,24.9,18,160,190.8,519.9,1.81,202
,"(E)-3,5-diamino-4-(hydroxyimino)-4H-pyrazol-1-ium 2,4,6-trinitrophenolate",DAPOT,NC1=N[NH+]=C(N)/C1=N/O.O=[N+]([O-])c1cc([N+](=O)[O-])c([O-])c([N+](=O)[O-])c1,-62.90%,-22.50%,31.40%,7865,25.9,40,360,227.6,292.8,1.819,225
,"Ammonium picrate, Ammonium-2,4,  6-trinitrophenolate, explosive D",,O=[N+]([O-])c1cc([N+](=O)[O-])c([O-])c([N+](=O)[O-])c1.[NH4+],-52%,-13%,22.80%,7276,20.79,33,,276.1,386.6,1.72,406
2005507,3-Amino-5-hydrazinopyrazole ditrinitroresorcinate,,Nc1cc(N[NH3+])[nH][nH+]1.O=[N+]([O-])c1cc([N+](=O)[O-])c(O)c([N+](=O)[O-])c1[O-].O=[N+]([O-])c1cc([N+](=O)[O-])c(O)c([N+](=O)[O-])c1[O-],-54.40%,-14.60%,25.50%,7933,26.8,40,360,238.4,316.7,1.793,159
,"1,1 -Methylenebis(4-methyltriazolium) Dipicrate",,C[n+]1cnn(Cn2c[n+](C)cn2)c1.O=[N+]([O-])c1cc([N+](=O)[O-])c([O-])c([N+](=O)[O-])c1.O=[N+]([O-])c1cc([N+](=O)[O-])c([O-])c([N+](=O)[O-])c1,-80.50%,-32.70%,26.40%,,,,,222.6,520.4,1.67,242
,"1,1-Methylenebis(imidazolium) Dipicrate",,O=[N+]([O-])c1cc([N+](=O)[O-])c([O-])c([N+](=O)[O-])c1.O=[N+]([O-])c1cc([N+](=O)[O-])c([O-])c([N+](=O)[O-])c1.c1cn(Cn2cc[nH+]c2)c[nH+]1,-81.80%,-31.70%,23.10%,,,,,196.5,213.6,1.52,283
271203,5-Aminotetrazolium Picrate,,Nc1[nH]nn[nH+]1.O=[N+]([O-])c1cc([N+](=O)[O-])c([O-])c([N+](=O)[O-])c1,-50.90%,-15.30%,35.60%,8308,30.1,40,360,223.8,198.1,1.85,214
,"3-Amino-1,2,4-triazolium Picrate",,O=[N+]([O-])c1cc([N+](=O)[O-])c([O-])c([N+](=O)[O-])c1.[NH3+]c1nc[nH]n1,-63.90%,-23%,31.30%,,,,,246.9,513.2,1.6,244
,"1-Methyl-1,2,4-triazolium Picrate",,Cn1c[nH+]cn1.O=[N+]([O-])c1cc([N+](=O)[O-])c([O-])c([N+](=O)[O-])c1,-76.90%,-30.70%,26.90%,,,,,237.3,409.6,1.72,185
271202,"4-Amino-1,2,4-triazolium Picrate",,Nn1cn[nH+]c1.O=[N+]([O-])c1cc([N+](=O)[O-])c([O-])c([N+](=O)[O-])c1,-63.90%,-23%,31.30%,7210,22.08,,,243.5,468.8,1.64,228
,"1,1 -Methylenebis(3-methylimidazolium) Dipicrate",,C[n+]1ccn(Cn2cc[n+](C)c2)c1.O=[N+]([O-])c1cc([N+](=O)[O-])c([O-])c([N+](=O)[O-])c1.O=[N+]([O-])c1cc([N+](=O)[O-])c([O-])c([N+](=O)[O-])c1,-93.30%,-40.40%,22.10%,,,,,184.5,538.1,1.63,313
,"1-(Imidazolium-1-yl)methylene-(1,2,4-triazolium) Dipicrate",,O=[N+]([O-])c1cc([N+](=O)[O-])c([O-])c([N+](=O)[O-])c1.O=[N+]([O-])c1cc([N+](=O)[O-])c([O-])c([N+](=O)[O-])c1.c1c[n+](Cn2c[nH+]cn2)c[nH]1,-75.10%,-27.70%,25.40%,6559,15.3,,,185,309.3,1.67,189
694278,"5-Amino-1,3-dimethyl-1H-tetrazolium Picrate",,Cn1n[n+](C)nc1N.O=[N+]([O-])c1cc([N+](=O)[O-])c([O-])c([N+](=O)[O-])c1,-74.80%,-32.70%,32.70%,7252,20.4,40,360,,,1.636,278
,"1-(Methylimidazolium-1-yl)methylene-(1,2,4-triazolium) Dipicrate",,Cn1cc[n+](Cn2c[nH+]cn2)c1.O=[N+]([O-])c1cc([N+](=O)[O-])c([O-])c([N+](=O)[O-])c1.O=[N+]([O-])c1cc([N+](=O)[O-])c([O-])c([N+](=O)[O-])c1,-81.10%,-32.20%,24.80%,7019,19,,,209,286.3,1.61,191
694277,"5-Amino-1,4-dimethyl-1H-tetrazolium Picrate",,Cn1nn[n+](C)c1N.O=[N+]([O-])c1cc([N+](=O)[O-])c([O-])c([N+](=O)[O-])c1,-74.80%,-32.70%,32.70%,7384,21.2,40,360,,,1.639,269
,"1,5-Diamino-1H-tetrazolium Picrate",,Nc1[nH+]nnn1N.O=[N+]([O-])c1cc([N+](=O)[O-])c([O-])c([N+](=O)[O-])c1,-51%,-17%,38.30%,8143,27.8,40,360,,,1.756,174
,5-Amino-2-methyl-1H-tetrazolium Picrate,,C[n+]1n[nH]c(N)n1.O=[N+]([O-])c1cc([N+](=O)[O-])c([O-])c([N+](=O)[O-])c1,-63.40%,-24.40%,34.10%,7722,24.2,40,360,,,1.711,242
,"1-(3-Methylimidazolium-1-yl)methylene-(4-methyl-1,2,4-triazolium) Dipicrate",,Cn1cc[n+](Cn2c[n+](C)cn2)c1.O=[N+]([O-])c1cc([N+](=O)[O-])c([O-])c([N+](=O)[O-])c1.O=[N+]([O-])c1cc([N+](=O)[O-])c([O-])c([N+](=O)[O-])c1,-86.90%,-36.50%,24.20%,6964,18.3,,,205,250.8,1.6,234
667816,Picric acid,PA,O=[N+]([O-])c1cc([N+](=O)[O-])c(O)c([N+](=O)[O-])c1,-45.40%,-3.50%,18.30%,7500,24.68,,,217.8,213.6,1.77,242
,"Carbonic dihydrazide, compd. with 2,4,6-trinitro-1,3,5-benzenetriol (1:1)",(CHZ)(DHTNP),NNC(=O)N[NH3+].O=[N+]([O-])c1c([O-])c([N+](=O)[O-])c(O)c([N+](=O)[O-])c1O,-38.70%,-6.80%,27.90%,,,,,,,,178.5
,"Hydrazinecarboximidamide, compd. with 2,4,6-trinitro-1,3,5-benzenetriol (1:1)",(AG)(DHTNP),NNC(N)=[NH2+].O=[N+]([O-])c1c([O-])c([N+](=O)[O-])c(O)c([N+](=O)[O-])c1O,-45.30%,-11.90%,29.20%,,,,,,,,208.1
,"1,5-Diamino-4-methyl-1H-tetrazolium Picrate",,C[n+]1nnn(N)c1N.O=[N+]([O-])c1cc([N+](=O)[O-])c([O-])c([N+](=O)[O-])c1,-62.90%,-25.60%,36.70%,7682,23.7,40,360,,,1.688,154
670293,"1,3,5-Benzenetriol, 2,4,6-trinitro-, ammonium salt (1:1)",(NH4)(DHTNP),O=[N+]([O-])c1c([O-])c([N+](=O)[O-])c(O)c([N+](=O)[O-])c1O.[NH4+],-34.50%,0%,20.10%,,,,,,,,223.3
650723,"3,4,5-Triamino-1-methyl-1,2,4-triazolium Picrate",,C[n+]1nc(N)n(N)c1N.O=[N+]([O-])c1cc([N+](=O)[O-])c([O-])c([N+](=O)[O-])c1,-73.90%,-33.60%,35.30%,7486,22.1,40,360,,,1.685,250
668253,"1,3,5-Benzenetriol, 2,4,6-trinitro-, compd. with 2H-tetrazol-5-amine (1:1)",(ATZ)(DHTNP),O=[N+]([O-])c1c([O-])c([N+](=O)[O-])c(O)c([N+](=O)[O-])c1O.[NH2+]=c1[nH]nn[nH]1,-37%,-4.60%,32.40%,,,,,,,,197.2
644039,"3,4,5-Triamino-1,2,4-triazolium Picrate",,Nc1n[nH+]c(N)n1N.O=[N+]([O-])c1cc([N+](=O)[O-])c([O-])c([N+](=O)[O-])c1,-62.90%,-25.60%,36.70%,7808,25,40,360,,498.3,1.746,269
,5-Aminotetrazolium picrate,,Nc1nn[nH][nH+]1.O=[N+]([O-])c1cc([N+](=O)[O-])c([O-])c([N+](=O)[O-])c1,-50.90%,-15.30%,35.60%,8182,29.5,,,240.5,400.6,1.85,214
,"3-Amino-1H-1,2,4-triazol-4-ium-2,4,6-trinitrophenolate",,Nc1n[nH]c[nH+]1.O=[N+]([O-])c1cc([N+](=O)[O-])c([O-])c([N+](=O)[O-])c1,-63.90%,-23%,31.30%,7020,20.98,,,197.1,132,1.68,
1866507,Styphnic acid,TNR,O=[N+]([O-])c1cc([N+](=O)[O-])c(O)c([N+](=O)[O-])c1O,-35.90%,3.30%,17.10%,7510,24.9,7.4,353,208.1,485.42,1.79,190
815579,"Ethylenediaminium di(2,4,6-trinitrophenolate)",,O=[N+]([O-])c1cc([N+](=O)[O-])c([O-])c([N+](=O)[O-])c1.O=[N+]([O-])c1cc([N+](=O)[O-])c([O-])c([N+](=O)[O-])c1.[NH3+]CC[NH3+],-64.80%,-21.60%,21.60%,,,,,,,1.726,250.4
879732,"3,5-Diamino-1H-1,2,4-triazol-4-ium-2,4,6-trinitrophenolate",,Nc1n[nH]c(N)[nH+]1.O=[N+]([O-])c1cc([N+](=O)[O-])c([O-])c([N+](=O)[O-])c1,-63.40%,-24.40%,34.10%,6960,20.54,,,193.9,168,1.67,254
,"3,4-Diamino-1,2,5-oxadiazol-2-ium-2,4,6-trinitrophenolate",,Nc1no[nH+]c1N.O=[N+]([O-])c1cc([N+](=O)[O-])c([O-])c([N+](=O)[O-])c1,-55.90%,-17%,29.80%,7370,23.29,,,209.1,74,1.7,238
,"3-Azido-2,4,6-trinitrophenol",,[N-]=[N+]=Nc1c([N+](=O)[O-])cc([N+](=O)[O-])c(O)c1[N+](=O)[O-],-35.50%,0%,31.10%,7940,28.31,,,228.6,26.26,1.84,254
128229,"2,4,6-Trinitro-1,3,5-benzenetriol",,O=[N+]([O-])c1c(O)c([N+](=O)[O-])c(O)c([N+](=O)[O-])c1O,-27.60%,9.20%,16.10%,7580,25.59,,,210.6,654.07,1.81,191
,"3-Amino-1H-1,2,4-triazol-4-ium 3-azido-2,4,6-trinitrophenolate",,Nc1n[nH]c[nH+]1.[N-]=[N+]=Nc1c([N+](=O)[O-])cc([N+](=O)[O-])c([O-])c1[N+](=O)[O-],-54.20%,-18.10%,39.50%,7430,24.02,,,210.8,194,1.74,191
,"3,5-Diamino-1H-1,2,4-triazol-4-ium 3-azido-2,4,6-trinitrophenolate",,Nc1n[nH]c(N)[nH+]1.[N-]=[N+]=Nc1c([N+](=O)[O-])cc([N+](=O)[O-])c([O-])c1[N+](=O)[O-],-54.20%,-19.50%,41.70%,7370,23.52,,,206.4,158,1.73,210
,"3,4-Diamino-1,2,5-oxadiazol-2-ium 3-azido-2,4,6-trinitrophenolate",,Nc1no[nH+]c1N.[N-]=[N+]=Nc1c([N+](=O)[O-])cc([N+](=O)[O-])c([O-])c1[N+](=O)[O-],-47.50%,-13%,37.80%,7740,26.23,,,222.1,252,1.76,198
,"Diaminomethaniminium 3-azido-2,4,6-trinitrophenolate",,NC(N)=[NH2+].[N-]=[N+]=Nc1c([N+](=O)[O-])cc([N+](=O)[O-])c([O-])c1[N+](=O)[O-],%,%,%,7380,23.49,,,203,43,1.72,156
,"Bis(3,5-diamino-1H-1,2,4-triazol-4-ium) 2,4,6-trinitrobenzene- 1,3-diolate",,Nc1n[nH]c(N)[nH+]1.Nc1n[nH]c(N)[nH+]1.O=[N+]([O-])c1cc([N+](=O)[O-])c([O-])c([N+](=O)[O-])c1[O-],-66.80%,-30.70%,41.10%,6710,18.95,,,185.2,277,1.65,248
,"Tris(diaminomethaniminium) 2,4,6-trinitrobenzene-1,3,5- triolate",,NC(N)=[NH2+].NC(N)=[NH2+].NC(N)=[NH2+].O=[N+]([O-])c1c([O-])c([N+](=O)[O-])c([O-])c([N+](=O)[O-])c1[O-],-65.70%,-32.90%,38.30%,6430,16.89,,,178.4,837,1.58,170
,"Bis(3,4-diamino-1,2,5-oxadiazol-2-ium) 2,4,6-trinitrobenzene- 1,3-diolate",,Nc1no[nH+]c1N.Nc1no[nH+]c1N.O=[N+]([O-])c1cc([N+](=O)[O-])c([O-])c([N+](=O)[O-])c1[O-],-55.70%,-19.80%,34.60%,7350,23.05,,,206.2,93,1.69,219
,"Bis(diaminomethaniminium) 2,4,6-trinitrobenzene-1,3-diolate",,NC(N)=[NH2+].NC(N)=[NH2+].O=[N+]([O-])c1cc([N+](=O)[O-])c([O-])c([N+](=O)[O-])c1[O-],-63.90%,-28.60%,34.70%,6490,17.43,,,177.8,717,1.61,199
,"Tris(3,4-diamino-1,2,5-oxadiazol-2-ium) 2,4,6-trinitrobenzene- 1,3,5-triolate",,Nc1no[nH+]c1N.Nc1no[nH+]c1N.Nc1no[nH+]c1N.O=[N+]([O-])c1c([O-])c([N+](=O)[O-])c([O-])c([N+](=O)[O-])c1[O-],-55.60%,-21.40%,37.40%,7490,23.87,,,215,143,1.68,182
,"Bis(3-amino-1H-1,2,4-triazol-4-ium) 2,4,6-trinitrobenzene- 1,3-diolate",,Nc1n[nH]c[nH+]1.Nc1n[nH]c[nH+]1.O=[N+]([O-])c1cc([N+](=O)[O-])c([O-])c([N+](=O)[O-])c1[O-],-67.80%,-29%,37.30%,6790,19.44,,,188.3,220,1.66,227
,"Tris(3-amino-1H-1,2,4-triazol-4-ium) 2,4,6-trinitrobenzene- 1,3,5-triolate",,Nc1n[nH]c[nH+]1.Nc1n[nH]c[nH+]1.Nc1n[nH]c[nH+]1.O=[N+]([O-])c1c([O-])c([N+](=O)[O-])c([O-])c([N+](=O)[O-])c1[O-],-70.10%,-32.70%,40.90%,6820,19.46,,,192.8,62,1.64,223
,"Tris(4H-1,2,4-triazol-4-aminium) 2,4,6-trinitrobenzene-1,3,5- triolate",,Nn1cn[nH+]c1.Nn1cn[nH+]c1.Nn1cn[nH+]c1.O=[N+]([O-])c1c([O-])c([N+](=O)[O-])c([O-])c([N+](=O)[O-])c1[O-],-70.10%,-32.70%,40.90%,7170,21.5,,,212.4,389,1.64,196
1483056,"1,2-Hydrazinedicarboxylic acid, dihydrazide,with 2,4,6-trinitroresorcionl (1:2)",,O=[N+]([O-])c1cc([N+](=O)[O-])c(O)c([N+](=O)[O-])c1[O-].O=[N+]([O-])c1cc([N+](=O)[O-])c(O)c([N+](=O)[O-])c1[O-].[NH3+]NC(=O)NNC(=O)N[NH3+],-42.60%,-7.50%,26.30%,8197,29,40,360,261.9,483.9,1.719,
1483055,"1,2-Hydrazinedicarboxylic acid, dihydrazide ,with 2,4,6-trinitrophenol (1:1)",,NNC(=O)NNC(=O)N[NH3+].O=[N+]([O-])c1cc([N+](=O)[O-])c([O-])c([N+](=O)[O-])c1,-53%,-19.10%,33.40%,8046,28.5,40,360,228.6,94.4,1.817,
,"(2,4,6-Trinitrophenyl)guanidinium picrate",,N/C([NH3+])=N\c1c([N+](=O)[O-])cc([N+](=O)[O-])cc1[N+](=O)[O-].O=[N+]([O-])c1cc([N+](=O)[O-])c([O-])c([N+](=O)[O-])c1,-56.10%,-14.40%,25.20%,7378,21.6,40,360,213.6,90.7,1.63,293
,"3,5,7-Triamino-7H-s-triazolo[5,1-c]-s-triazolium 2,4,6-trinitrophenylate",,Nc1nn2c(N)[nH+]nc2n1N.O=[N+]([O-])c1cc([N+](=O)[O-])c([O-])c([N+](=O)[O-])c1,-64.70%,-27.10%,40.20%,8162,25.9,15,,206.5,191.6,1.79,277.6
2177473,"4,5-diamino-3-(3-amino-1H-pyrazol-2-ium-4-yl)-4H-1,2,4-triazol-1-ium 5-hydroxy-2,4,6-trinitrobenzene-1,3-bis(olate)",,Nc1[nH+][nH]cc1-c1n[nH+]c(N)n1N.O=[N+]([O-])c1c([O-])c([N+](=O)[O-])c(O)c([N+](=O)[O-])c1[O-],-67.10%,-27.20%,34.90%,7712,24,26,320,178,512,1.75,185.6
1406844,"3-Hydrazino-4-amino-2H-1,2,4-triazolium trinitro-phloro-glucinolate",,NNc1[nH+]ncn1N.O=[N+]([O-])c1c([O-])c([N+](=O)[O-])c(O)c([N+](=O)[O-])c1O,-49%,-14.90%,33.60%,7733,26.4,4,,210.8,146.9,1.742,190
1524815,"1,1′-(Ethane-5-yl)bis(3,4-diamino-1,2,4-triazolium) dipicrate",,Nc1[nH+]nc(C=Cc2n[nH+]c(N)n2N)n1N.O=[N+]([O-])c1cc([N+](=O)[O-])c([O-])c([N+](=O)[O-])c1.O=[N+]([O-])c1cc([N+](=O)[O-])c([O-])c([N+](=O)[O-])c1,-70.50%,-28.20%,32.90%,7809,23.8,10,120,214.9,410.7,1.72,273
1524816,"1,1′-(Ethane-5-yl)bis(3,4-diamino-1,2,4-triazolium) di(trinitrophloroglucinolate)",,Nc1[nH+]nc(C=Cc2n[nH+]c(N)n2N)n1N.O=[N+]([O-])c1c([O-])c([N+](=O)[O-])c(O)c([N+](=O)[O-])c1O.O=[N+]([O-])c1c([O-])c([N+](=O)[O-])c(O)c([N+](=O)[O-])c1O,-55.90%,-17.20%,30.10%,8145,27.6,7.5,160,209.1,174,1.82,217
2192175,"4-amino-3-(4-amino-1,2,5-oxadiazol-3-yl)-5-hydrazineyl-4H-1,2,4-triazol-1-ium 3,5-dihydroxy-2,4,6-trinitrophenolate",,NNc1[nH+]nc(-c2nonc2N)n1N.O=[N+]([O-])c1c([O-])c([N+](=O)[O-])c(O)c([N+](=O)[O-])c1O,-52.40%,-17.50%,36.70%,8064,26.4,30,360,206.9,18.3,1.862,152.1
1556905,"3,9-diamino-6,7-dihydro-5H-bis([1,2,4]triazolo)[4,3- e : 3’,4’-g][1,2,4,5]tetrazepine-2-ium picrate",,Nc1nnc2n1NCNn1c-2n[nH+]c1N.O=[N+]([O-])c1cc([N+](=O)[O-])c([O-])c([N+](=O)[O-])c1,-75%,-34.80%,41.60%,7862,26.86,28,360,234.7,890,1.76,262
,"1,3,5-Benzenetriol, 2,4,6-trinitro-, compd. with 5-(4-nitro-1H-pyrazol-3-yl)-4H-1,2,4-triazole-3,4-diamine (1:1)",,Nc1[nH+]nc(-c2n[nH]cc2[N+](=O)[O-])n1N.O=[N+]([O-])c1c([O-])c([N+](=O)[O-])c(O)c([N+](=O)[O-])c1O,-52.60%,-15.30%,32.70%,7745,23.8,25,288,200.9,196.3,1.75,202
,"4,5-bis(4,5-diamine-1,2,4-triazole-1-ium-3-yl)-2H-1,2,3-triazole  dipicrate",,Nc1[nH+]nc(-c2n[nH]nc2-c2n[nH+]c(N)n2N)n1N.O=[N+]([O-])c1cc([N+](=O)[O-])c([O-])c([N+](=O)[O-])c1.O=[N+]([O-])c1cc([N+](=O)[O-])c([O-])c([N+](=O)[O-])c1,-65.40%,-25.50%,36.90%,7585,21.7,40,360,220.7,733.85,1.71,236
1556903,"3,9-diamino-6,7-dihydro-5H-bis([1,2,4]triazolo)[4,3- e : 3’,4’-g][1,2,4,5]tetrazepine-2,10-diium picrate",,Nc1[nH+]nc2n1NCNn1c-2n[nH+]c1N.O=[N+]([O-])c1cc([N+](=O)[O-])c([O-])c([N+](=O)[O-])c1.O=[N+]([O-])c1cc([N+](=O)[O-])c([O-])c([N+](=O)[O-])c1,%,%,%,7694,27.88,22,300,227.3,705.2,1.77,205.5
,"4H-1,2,4-Triazole-3,4-diamine, 5-(4-nitro-1H-pyrazol-3-yl)-, compd. with 2,4,6-trinitrophenol (1:1)",,Nc1[nH+]nc(-c2n[nH]cc2[N+](=O)[O-])n1N.O=[N+]([O-])c1cc([N+](=O)[O-])c([O-])c([N+](=O)[O-])c1,-63.70%,-23.70%,35.10%,8109,26.4,20,240,207.9,153,1.81,254
2184276,"3-((1H-tetrazol-5-yl)methyl)-4,5-diamino-4H-1,2,4-triazol-1-ium 2,4,6-trinitrophenolate",,Nc1[nH+]nc(Cc2nnn[nH]2)n1N.O=[N+]([O-])c1cc([N+](=O)[O-])c([O-])c([N+](=O)[O-])c1,-70.20%,-31.20%,40.90%,7759,22.6,40,360,214.4,425.7,1.73,225.6
,HODDNP,,N#[N+]c1cc([N+](=O)[O-])c(O)c([N+](=O)[O-])c1[O-],-49.50%,-7.10%,24.80%,7900,26.3,1,16,211.2,42,1.8,170
,"1-Vinyl-1,2,4-triazolium picrate",,C=Cn1c[nH+]cn1.O=[N+]([O-])c1cc([N+](=O)[O-])c([O-])c([N+](=O)[O-])c1,-83.90%,-34.50%,25.90%,7136,19.99,,,225.9,343.2,1.61,161
,iso-DDNP,,N#[N+]c1cc([N+](=O)[O-])c([O-])c([N+](=O)[O-])c1,-60.90%,-15.20%,26.70%,7978,26.9,1,40,226.4,184.1,1.79,168
,"2,6-diamino-4,5-dihydro-9H-purin-7-ium 2,4,6-trinitrophenolate",,NC1=NC2NC=[NH+]C2C(N)=N1.O=[N+]([O-])c1cc([N+](=O)[O-])c([O-])c([N+](=O)[O-])c1,-86%,-39.90%,33%,6918,17.89,40,360,185.8,138.3,1.78,363.4
,"6-amino-4,5-dihydro-9H-purin-7-ium 2,4,6-trinitrophenolate",,NC1=NC=NC2NC=[NH+]C12.O=[N+]([O-])c1cc([N+](=O)[O-])c([O-])c([N+](=O)[O-])c1,-87.40%,-39.30%,30.60%,6916,18.16,40,360,190.1,66.3,1.79,302.9
731773,"1,3-Diazido-2-(azidomethyl)-2-propylammonium Picrate",,O=[N+]([O-])c1cc([N+](=O)[O-])c([O-])c([N+](=O)[O-])c1.[N-]=[N+]=NCC([NH3+])(CN=[N+]=[N-])CN=[N+]=[N-],-69.60%,-32%,42.80%,7741,23.34,40,,246.6,1017.6,1.58,168
2175186,"4-amino-7,8-dinitropyrazolo-[5,1-d] [1,2,3,5]-tetrazine 2-oxide",BITE-101,Nc1n[n+]([O-])nc2c([N+](=O)[O-])c([N+](=O)[O-])nn12,-26.40%,0%,46.30%,9317,39.3,18,128,258.8,445.48,1.957,295
2034429,"Pyrazolo[5,1-d]-1,2,3,5-tetrazin-4(1H)-imine, 8-nitro-, 2-oxide",,Nc1n[n+]([O-])nc2c([N+](=O)[O-])cnn12,-52.80%,-20.30%,49.70%,8935,34.5,20,360,245.5,501.2,1.874,302
2106932,"4-amino-7-nitro-5H-pyrazolo[4,3-d][1,2,3]triazine-2- oxide",,Nc1n[n+]([O-])nc2c([N+](=O)[O-])n[nH]c12,-52.80%,-20.30%,49.70%,8731,31.2,20,360,233.9,407.15,1.843,291
2080259,"4-amino-5-nitro-7H-pyrazolo[3,4-d][1,2,3]triazine-2-oxide",,Nc1n[n+]([O-])nc2[nH]nc([N+](=O)[O-])c12,-52.80%,-20.30%,49.70%,8528,29.4,20,360,225.7,343.4,1.82,365
1842901,"6-nitro-7-azido-pyrazol[3,4-d][1,2,3]triazine-2-oxide",ICM-103,[N-]=[N+]=Nc1n[n+]([O-])nc2[nH]nc([N+](=O)[O-])c12,-39.40%,-10.80%,56.50%,9111,35.14,4,60,256.5,744.75,1.86,160.3
,"Bis{3,7-diamino-7H-[1,2,4]triazolo[4,3-b][1,2,4]triazol-2-ium} 00 5,5 -dinitramino-3,3 -azo-1,2,4-oxadiazolate",,Nc1[nH+]nc2n(N)cnn12.Nc1[nH+]nc2n(N)cnn12.O=[N+]([O-])[N-]c1nc(/N=N/c2noc([N-][N+](=O)[O-])n2)no1,-56.70%,-28.40%,59.50%,8694,30.1,8,160,243.7,1682.9,1.773,221
,"Bis(guanidinium) ((4-nitro-1H-pyrazole-3,5-diyl)bis(1H-1,2,4- triazole-5,3-diyl))bis(nitroamide)",,NNC(N)=[NH2+].NNC(N)=[NH2+].O=[N+]([O-])[N-]c1nc(-c2n[nH]c(-c3n[nH]c([N-][N+](=O)[O-])n3)c2[N+](=O)[O-])n[nH]1,-63.60%,-35.70%,57%,8502,27.3,40,360,229.4,1068.7,1.709,191.3
,"Dihydroxylammonium ((4-nitro-1H-pyrazole-3,5-diyl)bis(1H- 1,2,4-triazole-5,3-diyl)) bis(nitroamide)",,O=[N+]([O-])[N-]c1nc(-c2n[nH]c(-c3n[nH]c([N-][N+](=O)[O-])n3)c2[N+](=O)[O-])n[nH]1.[NH3+]O.[NH3+]O,-42.50%,-16.60%,48.50%,9077,33.6,40,360,254.8,842,1.786,171.3
,"Diammonium ((4-nitro-1H-pyrazole-3,5-diyl)bis(1H-1,2,4- triazole-5,3-diyl))bis(nitroamide)",,O=[N+]([O-])[N-]c1nc(-c2n[nH]c(-c3n[nH]c([N-][N+](=O)[O-])n3)c2[N+](=O)[O-])n[nH]1.[NH4+].[NH4+],-53.80%,-25.90%,52.30%,8680,30,40,360,232.1,711.4,1.763,186.6
,"3-(4,5-dinitro-1H-pyrazol-3-yl)-1H-1,2,4-triazol-5-amine",,Nc1nc(-c2n[nH]c([N+](=O)[O-])c2[N+](=O)[O-])n[nH]1,-53.30%,-20%,46.60%,8685,32.3,40,360,236.6,470.24,1.852,268
,"Didiaminouronium ((4-nitro-1H-pyrazole-3,5-diyl)bis(1H-1,2,4- triazole-5,3-diyl))bis(nitroamide)",,NC(N)=[NH2+].NC(N)=[NH2+].O=[N+]([O-])[N-]c1nc(-c2n[nH]c(-c3n[nH]c([N-][N+](=O)[O-])n3)c2[N+](=O)[O-])n[nH]1,-64.30%,-34.60%,54.80%,8193,25.1,40,360,213.7,677.9,1.71,195.4
1918899,"(E)-1,2-bis(3-(4,5-dinitro-1H-pyrazol-3-yl)-1H-1,2,4-triazol-5-yl)diazene",DNPAT,O=[N+]([O-])c1[nH]nc(-c2n[nH]c(/N=N/c3nc(-c4n[nH]c([N+](=O)[O-])c4[N+](=O)[O-])n[nH]3)n2)c1[N+](=O)[O-],-47%,-13.40%,47%,8889,34.3,18,240,249.5,1232.11,1.882,314
,"Dihydrazinium ((4-nitro-1H-pyrazole-3,5-diyl)bis(1H-1,2,4- triazole-5,3-diyl))bis(nitroamide)",,N[NH3+].N[NH3+].O=[N+]([O-])[N-]c1nc(-c2n[nH]c(-c3n[nH]c([N-][N+](=O)[O-])n3)c2[N+](=O)[O-])n[nH]1,-53.80%,-27.80%,55.20%,8759,30.2,40,360,247.1,1062.4,1.734,186.6
1918906,"N-(3-(4,5-dinitro-1H-pyrazol-3-yl)-1H-1,2,4-triazol-5-yl)nitramide",,O=[N+]([O-])Nc1nc(-c2n[nH]c([N+](=O)[O-])c2[N+](=O)[O-])n[nH]1,-30.90%,-2.80%,44.20%,9090,37.1,15,180,262,563.02,1.895,165
,"Bis(4-amino-1,2,4-triazolium) ((4-nitro-1H-pyrazole-3,5-diyl)bis- (1H-1,2,4-triazole-5,3-diyl))bis(nitroamide)",,Nn1cn[nH+]c1.Nn1cn[nH+]c1.O=[N+]([O-])[N-]c1nc(-c2n[nH]c(-c3n[nH]c([N-][N+](=O)[O-])n3)c2[N+](=O)[O-])n[nH]1,-67.20%,-34.40%,54.90%,8143,25.9,40,360,240.3,1511.2,1.716,175.9
,"4-Nitro-5-(5-amino-1,2,4-triazol-3-yl)-1H-pyrazole",,Nc1nc(-c2n[nH]cc2[N+](=O)[O-])n[nH]1,-86.10%,-45.10%,50.20%,8255,24.6,80,360,212.1,389.2,1.79,281
,"4,5-diamino-3-(4-nitro-1H-pyrazol-3-yl)-4H-1,2,4-triazol-1-ium 1H,1'H-[5,5'-bitetrazole]-1,1'-bis(olate)",,Nc1[nH+]nc(-c2n[nH]cc2[N+](=O)[O-])n1N.Nc1[nH+]nc(-c2n[nH]cc2[N+](=O)[O-])n1N.[O-]n1nnnc1-c1nnnn1[O-],-67.70%,-35.20%,56.90%,8952,30.6,50,360,232.4,1566.2,1.81,261
,"4H-1,2,4-Triazole-3,4-diamine, 5-(4-nitro-1H-pyrazol-3-yl)-, compd. with nitrate (1:1)",,Nc1[nH+]nc(-c2n[nH]cc2[N+](=O)[O-])n1N.O=[N+]([O-])[O-],-49.80%,-20.50%,46.10%,8516,28.6,25,168,225.7,291,1.77,225
,"Bis(3-amino-1,2,4-triazolium) ((4-nitro-1H-pyrazole-3,5-diyl)bis- (1H-1,2,4-triazole-5,3-diyl))bis(nitroamide)",,Nc1nc[nH][nH+]1.Nc1nc[nH][nH+]1.O=[N+]([O-])[N-]c1nc(-c2n[nH]c(-c3n[nH]c([N-][N+](=O)[O-])n3)c2[N+](=O)[O-])n[nH]1,-67.20%,-34.40%,54.90%,8159,26,40,360,229.4,1270.5,1.741,189.7
,"Bis(1,2,4-triazolium) ((4-nitro-1H-pyrazole-3,5-diyl)bis(1H-1,2,4- triazole-5,3-diyl))bis(nitroamide)",,O=[N+]([O-])[N-]c1nc(-c2n[nH]c(-c3n[nH]c([N-][N+](=O)[O-])n3)c2[N+](=O)[O-])n[nH]1.c1nc[nH+][nH]1.c1nc[nH+][nH]1,-68.10%,-33.20%,52.60%,8117,25.7,40,360,234.7,1300.5,1.724,168.5
,"4H-1,2,4-Triazole-3,4-diamine, 5-(4-nitro-1H-pyrazol-3-yl)-, compd. with 4,4′,5,5′-tetranitro-2,2′-bi-1H-imidazole (2:1)",,Nc1[nH+]nc(-c2n[nH]cc2[N+](=O)[O-])n1N.Nc1[nH+]nc(-c2n[nH]cc2[N+](=O)[O-])n1N.O=[N+]([O-])c1nc(-c2nc([N+](=O)[O-])c([N+](=O)[O-])[n-]2)[n-]c1[N+](=O)[O-],-58.80%,-24%,45.70%,8641,30.4,25,240,234.1,1404.5,1.82,174
,"3H-1,2,4-Triazol-3-one, 1,2-dihydro-5-nitro-, compd. with 5-(4-nitro-1H-pyrazol-3-yl)-4H-1,2,4-triazole-3,4-diamine (1:1)",,Nc1[nH+]nc(-c2n[nH]cc2[N+](=O)[O-])n1N.O=c1[n-]c([N+](=O)[O-])n[nH]1,-61.10%,-28.20%,49.40%,8228,25.7,50,360,208.1,346.3,1.76,213
,"5,5′-(4-nitro-1H-pyrazole-3,5-diyl)-bis-(4H-1,2,4- triazole-3,4-diamine)-dinitrate",,Nc1[nH+]nc(-c2n[nH]c(-c3n[nH+]c(N)n3N)c2[N+](=O)[O-])n1N.O=[N+]([O-])[O-].O=[N+]([O-])[O-],-42.50%,-16.60%,48.50%,8266,26.3,40,360,212.2,134.52,1.79,235.2
,"3,3'-(4,4'-dinitro-2H,2'H-[3,3'-bipyrazole]-5,5'-diyl)bis(4,5-diamino-4H-1,2,4-triazol-1-ium) dinitroamide",,Nc1[nH+]nc(-c2n[nH]c(-c3[nH]nc(-c4n[nH+]c(N)n4N)c3[N+](=O)[O-])c2[N+](=O)[O-])n1N.O=[N+]([O-])[N-][N+](=O)[O-].O=[N+]([O-])[N-][N+](=O)[O-],-35.40%,-10.10%,48.70%,8911,35.03,26,360,248.6,1011.1,1.86,205
,"3,3'-(4,4'-dinitro-2H,2'H-[3,3'-bipyrazole]-5,5'-diyl)bis(4,5-diamino-4H-1,2,4-triazol-1-ium) nitrate",,Nc1[nH+]nc(-c2n[nH]c(-c3[nH]nc(-c4n[nH+]c(N)n4N)c3[N+](=O)[O-])c2[N+](=O)[O-])n1N.O=[N+]([O-])[O-].O=[N+]([O-])[O-],-47%,-17.60%,46.30%,8746,32.96,28,320,223.7,559.5,1.87,253
,"3-(1H-Tetrazol-5-yl)-1H-1,2,4-triazol- 5-amine",,Nc1nc(-c2nnn[nH]2)n[nH]1,-84.10%,-52.60%,73.60%,8209,23.3,40,360,189.9,375.1,1.796,328.2
2046568,"5-amino-3-(1,2,4-oxadiazol-3-yl)-1H-1,2,4-triazol-4-ium nitrate",AOAYN,Nc1[nH]nc(-c2noc(N)n2)[nH+]1.O=[N+]([O-])[O-],-48.70%,-20.90%,48.70%,8465,28.4,22,216,216.7,184.88,1.829,238
,"4-Nitro-5-(5-amino-1,2,4-triazol-3-yl)-2H-1,2,3-triazole",,Nc1nc(-c2n[nH]nc2[N+](=O)[O-])n[nH]1,-65.30%,-32.60%,57.10%,8384,27.4,40,360,231.4,520.81,1.762,263.3
,"3-(5-Amino-1H-1,2,4-triazol-3-yl)-4-azido-1,2,5-oxadiazole 2-oxide",,[N-]=[N+]=Nc1no[n+]([O-])c1-c1n[nH]c(N)n1,-57.40%,-26.80%,60.20%,7900,27,5,260,237.6,638.6,1.66,133
1899723,"4,5-diamino-3-(4-amino-1,2,5-oxadiazol-3-yl)-4H-1,2,4-triazol-1-ium nitrate",,Nc1nonc1-c1n[nH+]c(N)n1N.O=[N+]([O-])[O-],-48.90%,-22.80%,51.40%,8883,32.1,26,320,253.6,578.5,1.76,254
1862576,"4-(5-amino-1H-1,2,4-triazol-3-yl)-1,2,5-oxadiazol-3-amine",,Nc1nc(-c2nonc2N)n[nH]1,-90.90%,-52.70%,58.60%,7798,21.5,40,360,192.9,289.13,1.716,245
1899724,"4,5-diamino-3-(4-amino-1,2,5-oxadiazol-3-yl)-4H-1,2,4-triazol-1-ium 3-methyl-5-oxo-4,5-dihydro-1,2,4-triazol-1-ide",,Nc1nonc1-c1n[nH+]c(N)n1N.O=c1[n-]nc([N+](=O)[O-])[nH]1,%,%,%,8654,29.6,40,360,235.1,890.1,1.72,247
2127909,"4-amino-3-(4-amino-1,2,5-oxadiazol-3-yl)-5-hydrazineyl-4H-1,2,4-triazol-1-ium nitrate",,NNc1[nH+]nc(-c2nonc2N)n1N.O=[N+]([O-])[O-],%,%,%,8698,29.5,30,360,249.3,590.6,1.727,192.9
,"Dihydrazium 3-nitramino-4-(5-nitramino-1,2,4-triazol-3-yl)furazanate",,N[NH3+].N[NH3+].O=[N+]([O-])[N-]c1nc(-c2nonc2[N-][N+](=O)[O-])n[nH]1,-42.30%,-22.40%,56.70%,9045,34.9,40,360,250.2,616.05,1.834,208.8
1491227,"3-Nitro-4-(5-nitro-1,2,4-triazol-3-yl)furazan",,O=[N+]([O-])c1nc(-c2nonc2[N+](=O)[O-])n[nH]1,-24.70%,3.50%,43.20%,9152,37.1,23,300,269.4,499.91,1.863,191.2
,"Diammonium 3-nitramino-4-(5-nitramino-1,2,4-triazol-3-yl)furazanate",,O=[N+]([O-])[N-]c1nc(-c2nonc2[N-][N+](=O)[O-])n[nH]1.[NH4+].[NH4+],-41.20%,-19.20%,52.90%,8897,31.9,40,360,227.2,246.19,1.822,204.3
,"4-amino-3-(4-amino-1,2,5-oxadiazol-3-yl)-5-hydrazineyl-4H-1,2,4-triazol-1-ium 5-nitrotetrazol-2-ide",,NNc1[nH+]nc(-c2nonc2N)n1N.O=[N+]([O-])c1nn[n-]n1,-56.40%,-30.70%,62.80%,8328,25.8,30,360,228.2,742.8,1.722,210.7
,"N,N’-Bis(trinitroethyl)-3,5’-dinitramino-4-(1,2,4-triazol-3-yl)furazan",,O=[N+]([O-])N(CC([N+](=O)[O-])([N+](=O)[O-])[N+](=O)[O-])c1nc(-c2nonc2N(CC([N+](=O)[O-])([N+](=O)[O-])[N+](=O)[O-])[N+](=O)[O-])n[nH]1,-4.10%,17.80%,36%,9355,40.1,3,120,270.8,648.95,1.932,91.8
,"4-amino-3-(4-amino-1,2,5-oxadiazol-3-yl)-5-hydrazineyl-4H-1,2,4-triazol-1-ium dinitroamide",,NNc1[nH+]nc(-c2nonc2N)n1N.O=[N+]([O-])[N-][N+](=O)[O-],-36.80%,-15.80%,55.20%,8688,30,30,360,245.4,510.8,1.755,161
,"(Z)-3-(5-azido-1H-1,2,4-triazol-3-yl)-4-((4-(3-azido-1H-1,2,4-triazol-5-yl)-1,2,5-oxadiazol-3-yl)diazenyl)-1,2,5-oxadiazole",,[N-]=[N+]=Nc1n[nH]c(-c2nonc2/N=N\c2nonc2-c2n[nH]c(N=[N+]=[N-])n2)n1,%,%,%,8190,24.9,6,20,241.7,1635.2,1.81,158.8
,"N,N’-Bis(trinitroethyl)-3,5’-diamino-4-(1,2,4-triazol-3-yl)furazan",,O=[N+]([O-])C(CNc1nc(-c2nonc2NCC([N+](=O)[O-])([N+](=O)[O-])[N+](=O)[O-])n[nH]1)([N+](=O)[O-])[N+](=O)[O-],-21.10%,4.90%,36.90%,9087,38.1,8,220,266.4,451.38,1.908,168
,"Ammonium 3-nitro-4-(5-nitramino-1,2,4-triazol-3-yl)furazanate",,O=[N+]([O-])[N-]c1nc(-c2nonc2[N+](=O)[O-])n[nH]1.[NH4+],-34%,-9.30%,48.60%,8716,32.6,40,360,245.2,349.86,1.815,176.3
1493465,"Di(1,2,4-triazolium) 3-nitramino-4-(5-nitramino-1,2,4-triazol-3-yl)- furazanate",,O=[N+]([O-])[N-]c1nc(-c2nonc2[N-][N+](=O)[O-])n[nH]1.c1n[nH+]c[nH]1.c1n[nH+]c[nH]1,-62.70%,-30.40%,53.10%,8341,26.4,40,360,227.9,833.73,1.78,172.5
1495575,"Di(aminoguanidinium) 3-nitramino-4-(5-nitramino-1,2,4-triazol- 3-yl)furazanate",,NNC(N)=[NH2+].NNC(N)=[NH2+].O=[N+]([O-])[N-]c1nc(-c2nonc2[N-][N+](=O)[O-])n[nH]1,-57.20%,-33.60%,58.70%,8455,26.5,40,360,224.6,656.43,1.679,206.8
1493450,"Di(4-amino-1,2,4-triazolium) 3-nitramino-4-(5-nitramino-1,2,4-triazol-3-yl)furazanate",,Nn1cn[nH+]c1.Nn1cn[nH+]c1.O=[N+]([O-])[N-]c1nc(-c2nonc2[N-][N+](=O)[O-])n[nH]1,-62.10%,-32%,56%,8642,29.1,40,360,239,1103.75,1.761,158.3
,"Di(3-amino-1,2,4-triazolium) 3-nitramino-4-(5-nitramino-1,2,4-triazol-3-yl)furazanate",,Nc1n[nH+]c[nH]1.Nc1n[nH+]c[nH]1.O=[N+]([O-])[N-]c1nc(-c2nonc2[N-][N+](=O)[O-])n[nH]1,-62.10%,-32%,56%,8373,26.8,40,360,221.5,804.55,1.752,219.5
,"Hydrazium 3-nitro-4-(5-nitramino-1,2,4-triazol-3-yl)furazanate",,N[NH3+].O=[N+]([O-])[N-]c1nc(-c2nonc2[N+](=O)[O-])n[nH]1,-35%,-11.70%,51.10%,9060,35.8,40,360,255.9,519.39,1.847,178.5
,"Hydroxylammonium 3-nitro-4-(5-nitramino-1,2,4-triazol-3-yl)furazanate",,O=[N+]([O-])[N-]c1nc(-c2nonc2[N+](=O)[O-])n[nH]1.[NH3+]O,-26.20%,-2.90%,45.80%,8954,35.7,40,360,263,402.73,1.844,188.6
1492703,"Diguanidinium 3-nitramino-4-(5-nitramino-1,2,4-triazol-3-yl)furazanate",,NC(N)=[NH2+].NC(N)=[NH2+].O=[N+]([O-])[N-]c1nc(-c2nonc2[N-][N+](=O)[O-])n[nH]1,-57.60%,-32%,56%,7942,22.9,40,360,203.9,249.08,1.659,232.3
,"Didiaminouronium 3-nitramino-4-(5-nitramino-1,2,4-triazol-3-yl)- furazanate",,NNC(=O)N[NH3+].NNC(=O)N[NH3+].O=[N+]([O-])[N-]c1nc(-c2nonc2[N-][N+](=O)[O-])n[nH]1,-45.70%,-23.80%,54.40%,8519,27.7,40,360,235.6,607.27,1.687,193.5
,"Guanidinium 3-nitro-4-(5-nitramino-1,2,4-triazol-3-yl)furazanate",,NC(N)=[NH2+].O=[N+]([O-])[N-]c1nc(-c2nonc2[N+](=O)[O-])n[nH]1,-45.20%,-18.60%,51.10%,7990,24.7,40,360,219,309.89,1.677,184.7
,"4-Amino-1,2,4-triazolium 3-nitro-4-(5-nitramino-1,2,4-triazol-3- yl)furazanate",,Nn1cn[nH+]c1.O=[N+]([O-])[N-]c1nc(-c2nonc2[N+](=O)[O-])n[nH]1,-49.10%,-19.60%,51.50%,8424,28.8,40,360,240.6,719.34,1.748,171.9
,"Diaminouronium 3-nitro-4-(5-nitramino-1,2,4-triazol-3-yl)furazanate",,NNC(=O)N[NH3+].O=[N+]([O-])[N-]c1nc(-c2nonc2[N+](=O)[O-])n[nH]1,-38.50%,-14.40%,50.60%,8256,27,40,360,241.8,468.58,1.676,188
1900160,"4,5-diamino-3-(4-amino-1,2,5-oxadiazol-3-yl)-4H-1,2,4-triazol-1-ium,(Z)-(diazene-1,2-diylbis(1,2,5-oxadiazole-4,3-diyl))bis(nitroamide)",,Nc1nonc1-c1n[nH+]c(N)n1N.Nc1nonc1-c1n[nH+]c(N)n1N.O=[N+]([O-])[N-]c1nonc1/N=N\c1nonc1[N-][N+](=O)[O-],-56.60%,-27.10%,56%,8431,27.9,40,280,229.9,1426.7,1.76,217
1479437,"3-Amino-1,2,4-triazolium 3-nitro-4-(5-nitramino-1,2,4-triazol-3- yl)furazanate",,Nc1n[nH+]c[nH]1.O=[N+]([O-])[N-]c1nc(-c2nonc2[N+](=O)[O-])n[nH]1,-49.10%,-19.60%,51.50%,8151,26.3,40,360,229.1,570.7,1.716,182.2
1494100,"1,2,4-Triazolium 3-nitro-4-(5-nitramino-1,2,4-triazol-3-yl)furazanate",,O=[N+]([O-])[N-]c1nc(-c2nonc2[N+](=O)[O-])n[nH]1.c1n[nH+]c[nH]1,-48.80%,-18%,49.50%,8197,27.1,40,360,236.5,620.12,1.72,184.8
,"4,5-diamino-3-(4-amino-1,2,5-oxadiazol-3-yl)-4H-1,2,4-triazol-1-ium  2,4-dinitroimidazol-1-ide",,Nc1nonc1-c1n[nH+]c(N)n1N.O=[N+]([O-])c1c[n-]c([N+](=O)[O-])n1,-61.10%,-28.20%,49.40%,8518,29,40,360,248.3,899.6,1.74,201
,"4,5-diamino-3-(4-amino-1,2,5-oxadiazol-3-yl)-4H-1,2,4-triazol-1-ium,2H,2'H-[3,3'-bi(1,2,4-triazole)]-5,5'-diylbis(nitroamide)",,Nc1nonc1-c1n[nH+]c(N)n1N.Nc1nonc1-c1n[nH+]c(N)n1N.O=[N+]([O-])[N-]c1n[nH]c(-c2nc([N-][N+](=O)[O-])n[nH]2)n1,-67%,-36.10%,58.70%,8523,27.9,40,360,238.7,1811.7,1.73,251
,"Aminoguanidinium 3-nitro-4-(5-nitramino-1,2,4-triazol-3-yl)furazanate",,NNC(N)=[NH2+].O=[N+]([O-])[N-]c1nc(-c2nonc2[N+](=O)[O-])n[nH]1,-45.50%,-20.20%,53.10%,8187,25.8,40,360,231.7,502.18,1.67,183.7
,"(E)-1,2-bis(5-(4-nitro-1,2,5-oxadiazol-3-yl)-1H-1,2,4-triazol-3-yl) diazene",,O=[N+]([O-])c1nonc1-c1n[nH]c(/N=N\c2nc(-c3nonc3[N+](=O)[O-])n[nH]2)n1,-45.10%,-12.30%,50.20%,8802,32.56,40,360,260.4,1302.98,1.8,295
,"3-(4-nitro-1,2,5-oxadiazol- 3-yl)-1H-1,2,4-triazol-5-amine",,Nc1nc(-c2nonc2[N+](=O)[O-])n[nH]1,-52.80%,-20.30%,49.70%,8134,26.44,40,360,247.4,517.78,1.68,220
,"4,5-diamino-3-(4-amino-1,2,5-oxadiazol-3-yl)-4H-1,2,4-triazol-1-ium,[2,2'-bi(1,3,4-oxadiazole)]-5,5'-diylbis(nitroamide)",,Nc1nonc1-c1n[nH+]c(N)n1N.Nc1nonc1-c1n[nH+]c(N)n1N.O=[N+]([O-])[N-]c1nnc(-c2nnc([N-][N+](=O)[O-])o2)o1,-59.10%,-28.30%,54%,8139,25.2,40,360,206.6,752.5,1.77,201
,"1H-1,2,4-Triazol-5-amine, 3,3′-[1,2-diazenediylbis(1,2,5-oxadiazole-4,3-diyl)]bis- (ACI)",DNAzF,Nc1nc(-c2nonc2/N=N\c2nonc2-c2n[nH]c(N)n2)n[nH]1,-82.40%,-43.60%,59.40%,8458,26.2,40,360,214.3,920.8,1.79,309
,"1-((1H-Tetrazol-5-yl)methyl)-3-nitro-1H-1,2,4-triazol-5-amine",,Nc1nc([N+](=O)[O-])nn1Cc1nnn[nH]1,-64.40%,-34.10%,59.70%,8631,29.03,40,360,241.6,651.8,1.75,242
,"1,2-Bis(1-((1H-tetrazol-5-yl)methyl)-5-nitro-1H-1,2,4-triazol-3- yl)diazene",,O=[N+]([O-])c1nc(N=Nc2nc([N+](=O)[O-])nn2Cc2nnn[nH]2)n(Cc2nnn[nH]2)n1,-57.40%,-26.80%,60.20%,8311,27.11,40,360,238.5,1292.8,1.74,171
984869,"1H-1,2,4-Triazol-5-amine, 1,1′-(1,2-ethanediyl)bis[N,3-dinitro-, compd. with hydroxylamine (1:2)",,O=[N+]([O-])[N-]c1nc([N+](=O)[O-])nn1CCn1nc([N+](=O)[O-])nc1[N-][N+](=O)[O-].[NH3+]O.[NH3+]O,-29.10%,-7.30%,44.50%,8966,35.4,10,360,257.2,356.6,1.83,186
,"1,1′-(1,2-Ethanediyl)bis[N,3-dinitro-1H-1,2,4-triazol-5-amine]",,O=[N+]([O-])Nc1nc([N+](=O)[O-])nn1CCn1nc([N+](=O)[O-])nc1N[N+](=O)[O-],-29.90%,-4.30%,44.90%,8816,343,10,160,254.9,516.38,1.84,107
,"Guanidine, compd. with 1,1′-(1,2-ethanediyl)bis[N,3-dinitro-1H-1,2,4-triazol-5-amine] (2:1)",,NC(N)=[NH2+].NC(N)=[NH2+].O=[N+]([O-])[N-]c1nc([N+](=O)[O-])nn1CCn1nc([N+](=O)[O-])nc1[N-][N+](=O)[O-],-52%,-26%,51.20%,8008,23.7,40,360,209.8,256.01,1.67,212
986206,"1H-1,2,4-Triazol-5-amine, 1,1′-(1,2-ethanediyl)bis[N,3-dinitro-, ammonium salt (1:2)",,O=[N+]([O-])[N-]c1nc([N+](=O)[O-])nn1CCn1nc([N+](=O)[O-])nc1[N-][N+](=O)[O-].[NH4+].[NH4+],-39.20%,-15.70%,48%,8554,29.5,35,360,232.7,257.2,1.75,196
,"4H-1,2,4-Triazol-4-amine, compd. with 1,1′-(1,2-ethanediyl)bis[N,3-dinitro-1H-1,2,4-triazol-5-amine] (2:1)",,Nn1cn[nH+]c1.Nn1cn[nH+]c1.O=[N+]([O-])[N-]c1nc([N+](=O)[O-])nn1CCn1nc([N+](=O)[O-])nc1[N-][N+](=O)[O-],-56.10%,-26.60%,51.60%,8177,25.8,40,360,232.4,1014.19,1.68,190
,"Hydrazinecarboximidamide, compd. with 1,1′-(1,2-ethanediyl)bis[N,3-dinitro-1H-1,2,4-triazol-5-amine] (2:1)",,NNC(N)=[NH2+].NNC(N)=[NH2+].O=[N+]([O-])[N-]c1nc([N+](=O)[O-])nn1CCn1nc([N+](=O)[O-])nc1[N-][N+](=O)[O-],-52.10%,-27.60%,53.60%,8036,23.7,40,360,218.5,506.69,1.64,244
987761,"1H-1,2,4-Triazole-3,5-diamine, compd. with 1,1′-(1,2-ethanediyl)bis[N,3-dinitro-1H-1,2,4-triazol-5-amine] (2:1)",,Nc1n[nH+]c(N)[nH]1.Nc1n[nH+]c(N)[nH]1.O=[N+]([O-])[N-]c1nc([N+](=O)[O-])nn1CCn1nc([N+](=O)[O-])nc1[N-][N+](=O)[O-],-55.90%,-28%,53.80%,8373,26.8,40,360,214.3,681.13,1.74,193
,"1H-1,2,4-Triazol-5-amine, 1,1′-(1,2-ethanediyl)bis[N,3-dinitro-, compd. with hydrazine (1:2)",,N[NH3+].N[NH3+].O=[N+]([O-])[N-]c1nc([N+](=O)[O-])nn1CCn1nc([N+](=O)[O-])nc1[N-][N+](=O)[O-],-40.20%,-18.30%,51.10%,8703,30.1,10,160,246.4,578.53,1.73,195
,"1-[2-(5-Amino-3-nitro-1H-1,2,4-triazol-1-yl)ethyl]-5-nitro-1H-1,2,4-triazol-3-amine",,Nc1nc([N+](=O)[O-])nn1CCn1nc([N+](=O)[O-])nc1N,-67.60%,-33.80%,49.30%,8069,24.5,40,360,209.7,315.46,1.72,307
,"Carbonimidic dihydrazide, compd. with 1,1′-(1,2-ethanediyl)bis[N,3-dinitro-1H-1,2,4-triazol-5-amine] (2:1)",,NNC(=[NH2+])NN.NNC(=[NH2+])NN.O=[N+]([O-])[N-]c1nc([N+](=O)[O-])nn1CCn1nc([N+](=O)[O-])nc1[N-][N+](=O)[O-],-52.10%,-29%,55.80%,8439,26.5,40,360,225.7,740.2,1.68,203
,"1,2-Bis(5-azido-3-nitro-1H-1,2,4-triazol-1-  yl) ethane",,[N-]=[N+]=Nc1nc([N+](=O)[O-])nn1CCn1nc([N+](=O)[O-])nc1N=[N+]=[N-],-47.60%,-19%,58.30%,7979,24.8,40,360,243.7,981.8,1.65,166
,"1H-Tetrazole-1,5-diamine, compd. with 1,1′-(1,2-ethanediyl)bis[N,3-dinitro-1H-1,2,4-triazol-5-amine] (2:1)",,Nc1n[nH+]nn1N.Nc1n[nH+]nn1N.O=[N+]([O-])[N-]c1nc([N+](=O)[O-])nn1CCn1nc([N+](=O)[O-])nc1[N-][N+](=O)[O-],-41.80%,-19.50%,58.50%,8618,30.8,40,360,231.7,1039.59,1.76,163
,"4H-1,2,4-Triazole-3,4,5-triamine, compd. with 1,1′-(1,2-ethanediyl)bis[N,3-dinitro-1H-1,2,4-triazol-5-amine] (2:1)",,Nc1n[nH+]c(N)n1N.Nc1n[nH+]c(N)n1N.O=[N+]([O-])[N-]c1nc([N+](=O)[O-])nn1CCn1nc([N+](=O)[O-])nc1[N-][N+](=O)[O-],-55.80%,-29.20%,55.80%,8242,25.5,40,360,222.3,939.76,1.7,244
,"Carbonohydrazonic dihydrazide, compd. with 1,1′-(1,2-ethanediyl)bis[N,3-dinitro-1H-1,2,4-triazol-5-amine] (2:1)",,NNC(NN)=[NH+]N.NNC(NN)=[NH+]N.O=[N+]([O-])[N-]c1nc([N+](=O)[O-])nn1CCn1nc([N+](=O)[O-])nc1[N-][N+](=O)[O-],-52.20%,-30.20%,57.70%,8528,27.1,40,360,230.9,943.52,1.67,250
,"(N-(7-amino-2-nitro-[1,2,4]triazolo[1,5-a][1,3,5]  triazin-5-yl)nitramide",,Nc1nc(N[N+](=O)[O-])nc2nc([N+](=O)[O-])nn12,-36.50%,-10%,52.30%,8535,29.7,20,360,243.4,502.45,1.754,150
,"5-amino-3-azido-6-nitro-1,2,4-triazine 1-oxide",,[N-]=[N+]=Nc1nc(N)c([N+](=O)[O-])[n+]([O-])n1,-32.30%,-8.10%,56.50%,8635,30.72,,,246,468.6,1.807,
2004612,"3-azido-5-amino-6-nitro-1,2,4-triazine",AANT,[N-]=[N+]=Nc1nnc([N+](=O)[O-])c(N)n1,-43.90%,-17.60%,61.50%,8310,28.88,7,120,236.6,494.3,1.752,162
,"5-amino-3-azido-6-nitro-1,2,4-triazine 2-oxide",,[N-]=[N+]=Nc1nc(N)c([N+](=O)[O-])n[n+]1[O-],-32.30%,-8.10%,56.50%,8738,31.78,,,247.3,478.6,1.828,
,"5-amino-3-azido-6-nitro-1,2,4-triazine 4-oxide",,[N-]=[N+]=Nc1nnc([N+](=O)[O-])c(N)[n+]1[O-],-32.30%,-8.10%,56.50%,8680,31.09,,,251.1,508.1,1.801,
2142356,"5,7-diamino-2,3,6-trinitropyrazolo[1,5-a] pyrimidine",,Nc1nc2c([N+](=O)[O-])c([N+](=O)[O-])nn2c(N)c1[N+](=O)[O-],-45%,-11.30%,39.40%,8751,32.5,60,240,217.2,164.8,1.94,265
1017630,"3-Nitro-1-(2H-tetrazol-5-yl)-1H-1,2,4-triazol-5-amine",HANTT,Nc1nc([N+](=O)[O-])nn1-c1nn[nH]n1,-44.60%,-20.30%,63.90%,8316,28.8,40,360,229.9,487.2,1.77,246
,"Dihydroxylammonium 2,5-dinitramide-7-amino-[1,2,4]triazolo[1,5-a][1,3,5]triazine",,Nc1nc([N-][N+](=O)[O-])nc2nc([N-][N+](=O)[O-])nn12.[NH3+]O.[NH3+]O,-34.80%,-14.90%,52.10%,9088,34.1,40,360,259.6,528.8,1.79,199
,"Dihydrazinium 2,5-dinitramide-7-amino-[1,2,4]triazolo[1,5-a] [1,3,5]triazine",,N[NH3+].N[NH3+].Nc1nc([N-][N+](=O)[O-])nc2nc([N-][N+](=O)[O-])nn12,-50%,-30%,61.20%,9313,33.9,40,360,245.3,754.6,1.78,194
,"Di(aminoguanidinium) 2,5-dinitramide-7-amino-[1,2,4]triazolo[1,5-a][1,3,5]triazine",,N[NH+]=C(N)N.N[NH+]=C(N)N.Nc1nc([N-][N+](=O)[O-])nc2nc([N-][N+](=O)[O-])nn12,-63.30%,-39.60%,62.30%,8500,26.3,40,360,225.2,797.6,1.67,209
1584074,"2,5-Dinitramide-7-amino-[1,2,4]triazolo[1,5-a][1,3,5]triazine",,Nc1nc(N[N+](=O)[O-])nc2nc(N[N+](=O)[O-])nn12,-37.50%,-12.50%,54.70%,8787,34.2,40,360,242.5,544.9,1.84,189
,"Diguanidinium 2,5-dinitramide-7-amino-[1,2,4]triazolo[1,5-a] [1,3,5]triazine",,NC(N)=[NH2+].NC(N)=[NH2+].Nc1nc([N-][N+](=O)[O-])nc2nc([N-][N+](=O)[O-])nn12,%,%,%,7824,21.5,40,360,204.7,396.5,1.61,197
,"Di(3-amino-1,2,4-triazolium) 2,5-dinitramide-7-amino-[1,2,4] triazolo[1,5-a][1,3,5]triazine",,Nc1n[nH]c[nH+]1.Nc1n[nH]c[nH+]1.Nc1nc([N-][N+](=O)[O-])nc2nc([N-][N+](=O)[O-])nn12,-67.90%,-37.70%,59.40%,7823,22.1,40,360,225.5,1002.3,1.6,221
1580294,"Diammonium 2,5-dinitramide-7-amino-[1,2,4]triazolo[1,5-a] [1,3,5]triazine",,Nc1nc([N-][N+](=O)[O-])nc2nc([N-][N+](=O)[O-])nn12.[NH4+].[NH4+],-49.60%,-27.60%,57.90%,8791,29.7,40,360,222.8,386.1,1.77,165
,"Di(diaminoguanidinium) 2,5-dinitramide-7-amino-[1,2,4] triazolo[1,5-a][1,3,5]triazine",,NN/C(N)=[NH+]/N.NN/C(N)=[NH+]/N.Nc1nc([N-][N+](=O)[O-])nc2nc([N-][N+](=O)[O-])nn12,-62.60%,-40.50%,64.50%,8440,25.6,40,360,224.1,854.8,1.64,176
,"Di(4-amino-1,2,4-triazolium) 2,5-dinitramide-7-amino-[1,2,4] triazolo[1,5-a][1,3,5]triazine",,Nc1nc([N-][N+](=O)[O-])nc2nc([N-][N+](=O)[O-])nn12.Nn1cn[nH+]c1.Nn1cn[nH+]c1,-67.90%,-37.70%,59.40%,8445,27,40,360,239.5,1245.3,1.7,170
,"Di(triaminoguanidinium) 2,5-dinitramide-7-amino-[1,2,4] triazolo[1,5-a][1,3,5]triazine",,NNC(NN)=[NH+]N.NNC(NN)=[NH+]N.Nc1nc([N-][N+](=O)[O-])nc2nc([N-][N+](=O)[O-])nn12,-62%,-41.30%,66.30%,8546,26.4,40,360,232.1,1085,1.63,196
,"(5,7-diamino-3,6-dinitropyrazolo[1,5-a]pyrimidin-2-yl)(nitro)amide",,Nc1nc2c([N+](=O)[O-])c([N-][N+](=O)[O-])nn2c(N)c1[N+](=O)[O-].[NH3+]O,-43.30%,-14.40%,42.10%,8814,34,60,360,232.8,236.7,1.87,216
,"N5 -(3-amino-4-nitro-1H-pyrazol-5-yl)-3,6- dinitropyrazolo[1,5-a]pyrimidine-5,7-diamine",,Nc1n[nH]c(Nc2nc3c([N+](=O)[O-])cnn3c(N)c2[N+](=O)[O-])c1[N+](=O)[O-],-67.90%,-28.50%,42.20%,8206,26.6,40,360,214.1,444.9,1.8,316.5
2142355,"2,5,7-triamino-3,6-dinitropyrazolo[1,5-a] pyrimidine",,Nc1nc2c([N+](=O)[O-])c(N)nn2c(N)c1[N+](=O)[O-],-69.20%,-31.50%,44.10%,8359,26.5,60,360,194.4,101.6,1.87,364
,"N5 -(3- amino-1H-1,2,4-triazol-5-yl)-3,6-dinitropyrazolo[1,5-a]pyrimidine- 5,7-diamine",,Nc1n[nH]c(Nc2nc3c([N+](=O)[O-])cnn3c(N)c2[N+](=O)[O-])n1,-77.20%,-37.40%,47.90%,8183,25.2,40,360,206.4,474.6,1.79,343.9
2171410,"(5,7-diamino-3,6-dinitropyrazolo[1,5-a]pyrimidin-2-yl)(nitro)amide",,Nc1nc2c([N+](=O)[O-])c([N-][N+](=O)[O-])nn2c(N)c1[N+](=O)[O-].[NH4+],-50.60%,-20.20%,44.30%,8687,31.3,60,360,220.3,245.2,1.85,218.1
2007915,"3,6-dinitropyrazolo[1,5-a]pyrimidine-5,7-diamine",,Nc1nc2c([N+](=O)[O-])cnn2c(N)c1[N+](=O)[O-],-70.20%,-30.10%,41%,8338,30.7,40,360,222.5,332.9,1.88,325
2171409,"N-(5,7-diamino-3,6-dinitropyrazolo[1,5-a]pyrimidin-2-yl)nitramide",,Nc1nc2c([N+](=O)[O-])c(N[N+](=O)[O-])nn2c(N)c1[N+](=O)[O-],-45.50%,-13.40%,42.10%,8953,35.3,60,360,216.4,188.7,1.96,223
2033557,"5-Amino-3-nitro[1,2,3]triazolo[1,5-b][1,2,4]triazine-6-carbonitrile",,N#Cc1nn2nnc([N+](=O)[O-])c2nc1N,-69.90%,-31%,54.30%,8344,27.38,15,360,229.7,624.54,1.8,196
,"8-Nitropyrazolo[1,5-a]-1,3,5-triazine-2,4,7-triamine,with ammonium,monohydrate(1:1:1)",,Nc1nc(N)n2nc([N-][N+](=O)[O-])c([N+](=O)[O-])c2n1.O.[NH4+],-55.10%,-27.60%,48.20%,8977,32.1,40,360,232.4,386.2,1.81,218
,"8-Nitropyrazolo[1,5-a]-1,3,5-triazine-2,4,7-triamine,with diaminoguanidine, monohydrate (1:1:1)",,NNC(=[NH2+])NN.Nc1nc(N)n2nc([N-][N+](=O)[O-])c([N+](=O)[O-])c2n1.O,-61.80%,-35.30%,54.10%,9062,31.7,40,360,227.1,557.5,1.8,190
,"N7,8-Dinitropyrazolo[1,5-a]-1,3,5-triazine-2,4,7-triamine",,Nc1nc(N)n2nc(N[N+](=O)[O-])c([N+](=O)[O-])c2n1,-53.30%,-21.90%,49.40%,8713,31.9,40,360,216.5,314.6,1.89,248
,"8-Nitropyrazolo[1,5-a]-1,3,5-triazine-2,4,7-triamine,with triaminoguanidine monohydrate (1:1:1)",,NNC(NN)=[NH+]N.Nc1nc(N)n2nc([N-][N+](=O)[O-])c([N+](=O)[O-])c2n1.O,-61.50%,-36%,55.70%,8221,24.6,40,360,233,690,1.6,223
1997519,"3-Nitro-6-(2H-tetrazol-5-yl)[1,2,3]triazolo[1,5-b][1,2,4]triazin-5-amine",,Nc1nc2c([N+](=O)[O-])nnn2nc1-c1nnn[nH]1,-61%,-28.90%,61.80%,8423,27.29,5,360,230.4,764.89,1.77,240
2013573,"6-Azido-3-nitro[1,2,3]triazolo[1,5-b][1,2,4]triazin-5-amine",,[N-]=[N+]=Nc1nn2nnc([N+](=O)[O-])c2nc1N,-50.40%,-21.60%,63%,8912,32.27,2,10,245.3,781.9,1.83,166
2262722,"5,7-diamino-2-nitro-1,2,4-triazolo[1,5-a]-1,3,5-triazine",NTTD,Nc1nc(N)n2nc([N+](=O)[O-])nc2n1,-65.30%,-32.60%,57.10%,7636,20.95,60,360,187.3,181.53,1.805,347
138299,"(E)-6,6'-(diazene-1,2-diyl)bis(1,2,4,5-tetrazin-3-amine)",,Nc1nnc(/N=N/c2nnc(N)nn2)nn1,-72.70%,-43.60%,76.30%,7400,24.1,,,225.1,862,1.78,251
2057284,"3,5-diamino-6-nitro-1,2,4-triazine-2-oxide",DANTX,Nc1nc(N)[n+]([O-])nc1[N+](=O)[O-],-46.50%,-18.60%,48.80%,7938,24.2,40,144,210.5,102.1,1.747,190
2057283,"3,5-Diamino-6-nitro-1,2,4-triazine",DANT,Nc1nnc([N+](=O)[O-])c(N)n1,-61.50%,-30.70%,53.80%,7896,22.91,40,160,199.3,134.1,1.778,225
1480143,"hydroxylammonium 3-[(5-amino-2H-tetrazol- 2-yl)methyl]-5-nitramino-1,2,4-triazolate",,Nc1nnn(Cc2n[nH]c([N-][N+](=O)[O-])n2)n1.[NH3+]O,-58.60%,-34%,59.40%,8248,25,15,240,237.1,597.9,1.612,193
,"3-[(5-amino-2H-tetrazol-2-yl)methyl]-5- nitramino-1,2,4-triazole",,Nc1nnn(Cc2n[nH]c(N[N+](=O)[O-])n2)n1,-63.70%,-35.40%,61.90%,8213,25.2,18,360,215.7,462.8,1.718,218
1501927,"Diguanidinium 5,5’-diamino-4,4’-dinitramino-3,3’-bi-1,2,4-triazolate",,NC(N)=[NH2+].NC(N)=[NH2+].Nc1nnc(-c2nnc(N)n2[N-][N+](=O)[O-])n1[N-][N+](=O)[O-],%,%,%,8662,25.9,40,360,208.8,516.8,1.656,266
1501924,"5,5’-Diamino-4,4’-dinitramino-3,3’-bi-1,2,4-triazole",,Nc1nnc(-c2nnc(N)n2N[N+](=O)[O-])n1N[N+](=O)[O-],-39.10%,-16.80%,58.70%,8846,31.2,9,120,246.6,691.9,1.756,259
1501926,"Diammonium 5,5’-diamino-4,4’-dinitramino-3,3’-bi-1,2,4-triazolate",,Nc1nnc(-c2nnc(N)n2[N-][N+](=O)[O-])n1[N-][N+](=O)[O-].[NH4+].[NH4+],-50%,-30%,61.20%,8883,28.4,4,324,227.7,524.5,1.67,278
1501925,"Dihydroxylammonium 5,5’-diamino-4,4’-dinitramino-3,3’-bi- 1,2,4-triazolate",,Nc1nnc(-c2nnc(N)n2[N-][N+](=O)[O-])n1[N-][N+](=O)[O-].[NH3+]O.[NH3+]O,-36.30%,-18.20%,55.60%,9313,34,8,288,259.9,654.5,1.763,210
1501928,"4,4’,5,5’-Tetraamino- 3,3’-bi-1,2,4-triazolium 5,5’-diamino- 4,4’-dinitramino-3,3’-bi-1,2,4-triazolate",,Nc1n[nH+]c(-c2n[nH+]c(N)n2N)n1N.Nc1nnc(-c2nnc(N)n2[N-][N+](=O)[O-])n1[N-][N+](=O)[O-],-63%,-36.50%,63.90%,9191,31,35,360,212.2,922.9,1.816,296
1501929,"Di-(3,6,7-triamino-[1,2,4]triazolo[4,3-b][1,2,4]triazolium) 5,5’- diamino-4,4’-dinitramino-3,3’-bi-1,2,4-triazolate",,Nc1nn2c(N)[nH+]nc2n1N.Nc1nn2c(N)[nH+]nc2n1N.Nc1nnc(-c2nnc(N)n2[N-][N+](=O)[O-])n1[N-][N+](=O)[O-],-67.30%,-40.40%,65.90%,8977,29,30,360,229.3,1674,1.71,200
,"Dihydrazinium 5,5’-diamino-4,4’-dinitramino-3,3’-bi-1,2,4-triazolate",,N[NH3+].N[NH3+].Nc1nnc(-c2nnc(N)n2[N-][N+](=O)[O-])n1[N-][N+](=O)[O-],-50.20%,-32%,64%,9497,33,9,240,242.8,821.5,1.71,220
,"3,5-diamino-4H-pyrazol-4-one oxime",,NC1=NN=C(N)C1=NO.NN=C(NN)NN,-93.40%,-65.70%,66.60%,9208,31.2,20,324,166.7,19.2,1.73,212.9
,"Guanidinium-3-amino-5-picrylamino-1,2,4-triazole",,N[C+](N)N.Nc1nnc([N-]c2c([N+](=O)[O-])cc([N+](=O)[O-])cc2[N+](=O)[O-])[nH]1,-75.80%,-36.80%,41.70%,7209,18.5,40,360,199.4,154.8,1.59,205
,"aminoguanidinium-3-amino-5-picrylamino-1,2,4-triazole",,NN[C+](N)N.Nc1nnc([N-]c2c([N+](=O)[O-])cc([N+](=O)[O-])cc2[N+](=O)[O-])[nH]1,-74.90%,-37.50%,43.70%,7657,21.4,40,360,204.6,260.6,1.66,145
,"3-amino-5-(picrylamino)-1,2,4-triazole",APATO,Nc1nnc(Nc2c([N+](=O)[O-])cc([N+](=O)[O-])cc2[N+](=O)[O-])[nH]1,-67.10%,-25.80%,36.10%,8178,27.8,25,360,205.5,147.4,1.85,261
,"triethylammonium-3-amino-5-picrylamino-1,2,4-triazole",,CC[NH+](CC)CC.Nc1nnc([N-]c2c([N+](=O)[O-])cc([N+](=O)[O-])cc2[N+](=O)[O-])[nH]1,-126.40%,-72%,30.60%,6802,15.1,40,360,191,25.9,1.5,266
,Di（1，2，4⁃triazolium） 5，5′⁃dinitroamino⁃2，2′⁃bi （1，3，4⁃oxadiazolate）,,O=[N+]([O-])[N-]c1nnc(-c2nnc([N-][N+](=O)[O-])o2)o1.c1n[nH]c[nH+]1.c1n[nH]c[nH+]1,-56.50%,-24.20%,49.50%,7886,23.9,26,280,207.3,382.29,1.727,188.4
1538698,"[2,2′-Bi-1,3,4-oxadiazole]-5,5′-diamine, N5,N5′-dinitro-, compd. with hydroxylamine (1:2)",,O=[N+]([O-])[N-]c1nnc(-c2nnc([N-][N+](=O)[O-])o2)o1.[NH3+]O.[NH3+]O,-19.70%,0%,43.20%,9186,34.1,4,120,255.6,70.2,1.92,160
,"2,2’-diamino-5,5’-bi(1-oxa-3,4-diazole)",,Nc1nnc(-c2nnc(N)o2)o1,-76.10%,-38.10%,50%,,,40,360,181.8,77.4,1.93,310
,"Guanidine, compd. with N5,N5′-dinitro[2,2′-bi-1,3,4-oxadiazole]-5,5′-diamine (2:1)",,NC(N)=[NH2+].NC(N)=[NH2+].O=[N+]([O-])[N-]c1nnc(-c2nnc([N-][N+](=O)[O-])o2)o1,-51%,-25.50%,52.10%,8027,24.8,40,360,194.2,59.9,1.79,260
,Hydrazinium 5，5′⁃dinitroamino⁃2，2′⁃bi（1，3，4⁃ oxadiazolate）,,N[NH3+].N[NH3+].O=[N+]([O-])[N-]c1nnc(-c2nnc([N-][N+](=O)[O-])o2)o1,-34.80%,-14.90%,52.10%,9012,34.1,10,160,226.8,113.4,1.937,151.3
,Amino（hydrazinyl）methaniminium 5，5′⁃dinitroami⁃ no⁃2，2′⁃bi（1，3，4⁃oxadiazolate）,,NNC(N)=[NH2+].NNC(N)=[NH2+].O=[N+]([O-])[N-]c1nnc(-c2nnc([N-][N+](=O)[O-])o2)o1,-51.20%,-27.60%,55.10%,8100,24.1,24,240,203.7,155.16,1.692,188.6
,"5-Amino-1H-1,2,4-triazole-3-carbohydrazide N,N′-([2,2′-bi (1,3,4-oxadiazole)]-5,5′-diyl)dinitramide",,Nc1nc(C(=O)N[NH3+])n[nH]1.O=[N+]([O-])[N-]c1nnc(-c2nnc(N[N+](=O)[O-])o2)o1,-44%,-16%,49%,7943,24,10,168,212.3,286.5,1.69,159
1538696,"[2,2′-Bi-1,3,4-oxadiazole]-5,5′-diamine, N5,N5′-dinitro-, ammonium salt (1:2)",,O=[N+]([O-])[N-]c1nnc(-c2nnc([N-][N+](=O)[O-])o2)o1.[NH4+].[NH4+],-32.90%,-11%,47.90%,9225,34.9,10,360,217.5,71.8,1.95,197
,"4,5-bis(4,5-diamine-1,2,4-triazole-1-ium-3-yl)–2H-1,2,3-triazole  N,N’-([2,2′ -bi(1,2,4-oxadiazole)]-5,5′ -diyl)dinitramide",,Nc1[nH+]nc(-c2n[nH]nc2-c2n[nH+]c(N)n2N)n1N.O=[N+]([O-])[N-]c1nnc(-c2nnc([N-][N+](=O)[O-])o2)o1,-59.80%,-29.20%,56.40%,7555,20.8,37,360,199.4,600.81,1.73,187
,Didiaminouronium 5，5′⁃dinitroamino⁃2，2′⁃bi（1，3， 4⁃oxadiazolate）,,NNC(=O)N[NH3+].NNC(=O)N[NH3+].O=[N+]([O-])[N-]c1nnc(-c2nnc([N-][N+](=O)[O-])o2)o1,-40.20%,-18.30%,51.10%,8147,25.2,26,360,218.1,106.21,1.683,155.9
,"3,6,7-triamino-7H-[1,2,4]triazolo[4,3-b][1,2,4]triazol-2-ium [2,2'-bi(1,3,4-oxadiazole)]-5,5'-diylbis(nitroamide)",,Nc1nn2c(N)[nH+]nc2n1N.Nc1nn2c(N)[nH+]nc2n1N.O=[N+]([O-])[N-]c1nnc(-c2nnc([N-][N+](=O)[O-])o2)o1,-59.30%,-31.10%,59.30%,8305,26,25,360,228.5,1313.6,1.76,268
,Di（4⁃amino⁃1，2，4⁃triazolium） 5，5′⁃dinitroami⁃ no⁃2，2′⁃bi（1，3，4⁃oxadiazolate）,,Nn1cn[nH+]c1.Nn1cn[nH+]c1.O=[N+]([O-])[N-]c1nnc(-c2nnc([N-][N+](=O)[O-])o2)o1,-56.30%,-26.30%,52.50%,8181,25.8,22,360,217.3,602.68,1.739,181.7
,Di（3⁃amino⁃1，2，4⁃triazolium） 5，5′⁃dinitroami⁃ no⁃2，2′⁃bi（1，3，4⁃oxadiazolate）,,Nc1n[nH]c[nH+]1.Nc1n[nH]c[nH+]1.O=[N+]([O-])[N-]c1nnc(-c2nnc([N-][N+](=O)[O-])o2)o1,-56.30%,-26.30%,52.50%,7984,24,25,360,199.8,303.4,1.751,219.6
1419915,"3-Nitroamino-4-(5-amino-1,3,4-oxadiazol-2-yl)furazan monohydrate",,Nc1[nH+]nc(-c2nonc2[N-][N+](=O)[O-])o1.O,-38.10%,-10.40%,42.40%,8227,28,15,120,245.6,238.2,1.77,132
,"1-Amino-1,2,3-triazolium 3-nitroamino-4-(5-amino-1,3,4-oxadiazol-2-yl)furazan",,Nc1nnc(-c2nonc2[N-][N+](=O)[O-])o1.Nn1cc[nH+]n1,-61.90%,-29.60%,51.80%,7832,23.1,28,360,242.4,762.9,1.59,162
,"3-Amino-1,2,4-triazolium 3-nitroamino-4-(5-amino-1,3,4-oxadiazol-2-yl)furazan",,Nc1n[nH+]c[nH]1.Nc1nnc(-c2nonc2[N-][N+](=O)[O-])o1,-61.90%,-29.60%,51.80%,8251,26.4,25,360,225,553.3,1.74,249
,"Ammonium 3-nitroamino-4-(5-amino-1,3,4-oxadiazol-2-yl)furazan",,Nc1nnc(-c2nonc2[N-][N+](=O)[O-])o1.[NH4+],-48.70%,-20.90%,48.70%,8381,27.9,25,240,233.9,342.2,1.72,237
1419914,"3-amino-4-(5-amino-1,3,4-oxadiazol-2-yl)furazan",,Nc1nnc(-c2nonc2N)o1,%,%,%,7493,20.4,40,360,196.9,185.3,1.68,246
1419916,"Hydroxylammonium 3-nitroamino-4-(5-amino-1,3,4-oxadiazol-2-yl)furazan monohydrate",,Nc1nnc(-c2nonc2[N-][N+](=O)[O-])o1.O.[NH3+]O,-36.30%,-12.10%,42.40%,8598,31,18,160,269.7,392.4,1.74,178
,"ammonium (5-(4-amino-2-oxido-1,2,5-oxadiazol-3-yl)-1,3,4-oxadiazol-2-yl)(nitro)amide",,Nc1no[n+]([O-])c1-c1nnc([N-][N+](=O)[O-])o1.[NH4+],-39%,-13%,45.50%,8810,33.1,20,220,287.6,743.41,1.72,149
,"Hydrazinium 3-nitroamino-4-(5-amino-1,3,4-oxadiazol-2-yl)furazan monohydrate",,N[NH3+].Nc1nnc(-c2nonc2[N-][N+](=O)[O-])o1.O,-45.60%,-21.30%,47.90%,8482,28.3,20,240,260.9,496.1,1.69,208
,"3,5-Diamino-1,2,4-triazolium 3-nitroamino-4-(5-amino-1,3,4-oxadiazol-2-yl)furazan",,Nc1n[nH+]c(N)[nH]1.Nc1nnc(-c2nonc2[N-][N+](=O)[O-])o1,-61.50%,-30.70%,53.80%,7701,21.7,20,240,220.8,539.1,1.61,244
1851331,"N,N'-((diazene-1,2-diylbis(1,3,4-oxadiazole-5,2-diyl))bis(1,2,5-oxadiazole-4,3-diyl))dinitramide",,O=[N+]([O-])Nc1nonc1-c1nnc(N=Nc2nnc(-c3nonc3N[N+](=O)[O-])o2)o1,-34.10%,-3.80%,46.40%,8409,29.3,3,48,242.5,786.1,1.767,248
,"5-Amino-tetrazolium 3-nitroamino-4-(5-amino-1,3,4-oxadiazol- 2-yl)furazan",,Nc1[nH]nn[nH+]1.Nc1nnc(-c2nonc2[N-][N+](=O)[O-])o1,-48.30%,-21.50%,56.30%,8702,30.9,12,160,240.9,721.7,1.79,185
,"3,4-Diamino-1,2,4-triazolium 3-nitroamino-4-(5-amino-1,3,4-oxadiazol-2-yl)furazan",,Nc1n[nH+]cn1N.Nc1nnc(-c2nonc2[N-][N+](=O)[O-])o1,-61.50%,-30.70%,53.80%,8226,25.9,25,360,230.6,660.2,1.7,228
,"4-Amino-1,2,4-triazolium 3-nitroamino-4-(5-amino-1,3,4-oxadiazol-2-yl)furazan",,Nc1nnc(-c2nonc2[N-][N+](=O)[O-])o1.Nn1cn[nH+]c1,-61.90%,-29.60%,51.80%,8711,30.6,30,360,236.4,688.8,1.81,206
,"(Z)-5,5'-(diazene-1,2-diylbis(1,2,5-oxadiazole-4,3-diyl))bis(1,3,4-oxadiazol-2-amine)",DIAzF,Nc1nnc(-c2nonc2/N=N\c2nonc2-c2nnc(N)o2)o1,-67.40%,-28.90%,50.60%,8323,27.3,80,360,216.5,684.1,1.83,233
2154307,"[1,2,5]oxadiazolo[3,4-e]bis([1,2,4]triazolo)[4,3-a:3',4'-c]pyrazine5,10-diamine",,Nc1nnc2c3nnc(N)n3c3nonc3n12,-89.60%,-48.20%,60.30%,7980,23.7,40,360,217.2,761.6,1.753,238
1554453,1-((1H-Tetrazol-5-yl)methyl)-1H-tetrazol-5-amine,,Nc1nnnn1Cc1nnn[nH]1,-81.40%,-52.70%,75.40%,7780,20.9,40,360,212.8,534.7,1.61,217
,"N,N'-bis(1-((1H-tetrazol-5-yl)methyl)-1H-tetrazol-5-yl)methanediamine",,C(Nc1nnnn1Cc1nnn[nH]1)Nc1nnnn1Cc1nnn[nH]1,-87.80%,-55.40%,72.80%,8324,24.76,40,360,240.9,1563.5,1.66,208
,1-((1H-Tetrazol-5-yl)methyl)-5-amino-1H-tetrazol-4-ium nitrate,,Nc1[nH+]nnn1Cc1nnn[nH]1.O=[N+]([O-])[O-],-41.70%,-20.90%,60.80%,8857,31.2,28,240,233.3,449.5,1.79,156
2027401,"N-(3-Amino-4H-1,2,4-triazole-4-yl)-5-(nitroamino)-4H-1,2,4-triazole-3- formamide",,Nc1nncn1NC(=O)c1nnc(N[N+](=O)[O-])[nH]1,-62.90%,-31.50%,55.10%,7794,22.3,40,320,203.1,310.8,1.76,244.6
1480145,"dihydrazinium 3-[(5-nitramino-1H-tetrazol-1- yl)methyl]-5-nitramino-1,2,4-triazolate",,N[NH3+].N[NH3+].O=[N+]([O-])[N-]c1nc(Cn2nnnc2[N-][N+](=O)[O-])n[nH]1,-50.10%,-31%,62.60%,9052,31.2,18,360,248.5,850.1,1.71,199
,"3-[(5-amino-1H-tetrazol-1-yl)methyl]-5- nitramino-1,2,4-triazole",,Nc1nnnn1Cc1n[nH]c(N[N+](=O)[O-])n1,-63.70%,-35.40%,61.90%,8187,24.9,15,240,217.2,476.2,1.708,204
,"hydroxylammonium 3-[(5-amino-1H-tetrazol- 1-yl)methyl]-5-nitramino- 1,2,4-triazolate",,Nc1nnnn1Cc1n[nH]c([N-][N+](=O)[O-])n1.[NH3+]O,-58.60%,-34%,59.40%,8737,29,16,240,239.3,621,1.71,193
,"3-[(5-nitramino-1H-tetrazol-1-yl)methyl]-5- nitramino-1,2,4-triazole",,O=[N+]([O-])Nc1nc(Cn2nnnc2N[N+](=O)[O-])n[nH]1,-38.40%,-14.80%,56.80%,8750,31.8,10,160,212.2,285,1.811,159
1480144,"dihydroxylammonium 3-[(5-nitramino-1H-tetrazol-1-yl)methyl]- 5-nitramino-1,2,4-triazolate",,O=[N+]([O-])[N-]c1nc(Cn2nnnc2[N-][N+](=O)[O-])n[nH]1.[NH3+]O.[NH3+]O,-35.60%,-16.60%,54%,8997,32.7,18,360,263.4,643.5,1.74,167
,"diammonium 3-[(5-nitramino-1H-tetrazol-1- yl)methyl]-5-nitramino-1,2,4-triazolate",,O=[N+]([O-])[N-]c1nc(Cn2nnnc2[N-][N+](=O)[O-])n[nH]1.[NH4+].[NH4+],-49.80%,-28.80%,59.60%,8362,25.8,22,360,232.1,539.4,1.634,187
,1-(2-(3-Nitro-1H-pyrazol-1-yl)ethyl)-1H-tetrazol-5-amine,,Nc1nnnn1CCn1ccc([N+](=O)[O-])n1,-99.90%,-57.10%,50%,7072,16.8,40,360,200.9,355.8,1.53,254
,"Hydrazinium 4-(2-(5-amino-1H-tetrazol-1-yl)ethyl)-6-nitro-3- oxido-4H-pyrazolo [4,3-d][1,2,3]triazol-1-ide",,N[NH3+].Nc1nnnn1CCn1nc([N+](=O)[O-])c2[n-]n[n+]([O-])c21,-74.10%,-43.40%,58.10%,8361,25.7,32,240,236.1,841.3,1.66,147
1504585,"1-(2-(5-Azido-3,4-dinitro-1H-pyrazol-1-yl)ethyl)-1H-tetrazol-5- amine",,[N-]=[N+]=Nc1c([N+](=O)[O-])c([N+](=O)[O-])nn1CCn1nnnc1N,-56.70%,-25.80%,54.20%,8186,26.3,11,120,234.4,727.2,1.71,166
,"1-(2-(5-Amino-3,4-dinitro-1H-pyrazol-1-yl)ethyl)-1H-tetrazol- 5-amine",,Nc1nnnn1CCn1nc([N+](=O)[O-])c([N+](=O)[O-])c1N,-67.60%,-33.80%,49.30%,7883,23,40,360,214.2,369,1.68,239
,"1-(2-(3,4-Dinitro-1H-pyrazol-1-yl)ethyl)-1H-tetrazol-5-amine",,Nc1nnnn1CCn1cc([N+](=O)[O-])c([N+](=O)[O-])n1,-68.40%,-32.70%,46.80%,7516,20.6,40,360,219.4,394.7,1.59,232
,"1-(2-(3-Nitro-1H-1,2,4-triazol-1-yl)ethyl)-1H-tetrazol-5-amine",,Nc1nnnn1CCn1cnc([N+](=O)[O-])n1,-81.70%,-46.20%,56%,7395,18.8,40,360,205.2,382.8,1.58,255
,"1-(2-(5-Amino-3-nitro-1H-1,2,4-triazol-1-yl)ethyl)-1H-tetrazol- 5-amine",,Nc1nnnn1CCn1nc([N+](=O)[O-])nc1N,-79.90%,-46.60%,58.30%,7807,21.6,40,360,200.4,359.4,1.66,277
,1-(2-(5-Nitro-2H-tetrazol-2-yl)ethyl)-1H-tetrazol-5-amine,,Nc1nnnn1CCn1nnc([N+](=O)[O-])n1,-63.70%,-35.40%,61.90%,8279,25.6,40,360,226.6,559.8,1.7,234
,"1-(2-(3,5-Diazido-4-nitro-1H-pyrazol-1-yl)ethyl)-1H-tetrazol-5- amine",,[N-]=[N+]=Nc1nn(CCn2nnnc2N)c(N=[N+]=[N-])c1[N+](=O)[O-],-67.90%,-36.60%,64%,7917,23.1,3,80,237.3,1057.8,1.63,127
,"1,1'-(ethane-1,2-diyl)bis(1H-tetrazol-5-amine)",,Nc1nnnn1CCn1nnnc1N,-97.90%,-65.20%,71.40%,7719,19.9,40,360,203.1,536.6,1.57,274
,"1,1’-(Ethane-1,2-diyl)bis(N-(2’,2’,2’-trinitroethyl)-tetrazol-5-amine)",,O=[N+]([O-])C(CNc1nnnn1CCn1nnnc1NCC([N+](=O)[O-])([N+](=O)[O-])[N+](=O)[O-])([N+](=O)[O-])[N+](=O)[O-],-27.60%,-3.10%,42.90%,8460,32.1,23,,252.2,420,1.79,183
2056890,"3,8-dinitro-[1,2,4]triazolo[4,3-b]pyridazine-6,7-diamine",TAMBIO,Nc1nn2c([N+](=O)[O-])nnc2c([N+](=O)[O-])c1N,-53.30%,-20%,46.60%,8994,34.1,20,360,225.6,348,1.93,234
2154305,"[1,2,4]triazolo[4′,3′:1,5]- [1,2,4]triazolo[3,4-f][1,2,4]triazolo[1,5-d][1,2,4]triazine- 2,5,10-triamine",,Nc1nc2c3nn4c(N)nnc4n3nc(N)n2n1,-97.50%,-58.50%,68.20%,8262,24.6,40,360,209.1,834.4,1.776,307
,"2,5,10-triamino-[1,2,4]triazolo[4',3':1,5][1,2,4]triazolo[3,4-f][1,2,4]triazolo[1,5-d][1,2,4]triazin-9-ium nitrate",,Nc1nc2c3nn4c(N)[nH+]nc4n3nc(N)n2n1.O=[N+]([O-])[O-],-64.70%,-33.60%,58.90%,8631,30.5,17,252,240.6,941.6,1.813,177
2250271,"3,6,7-triamino-7H-[1,2,4]triazolo[4,3-b][1,2,4]triazol-1-ium (3E,3'E)-3,3'-bis(nitroimino)-3H,3'H-[4,4'-bi(1,2,4-triazole)]-2,2'-diide",,Nc1nn2c(N)n[nH+]c2n1N.Nc1nn2c(N)n[nH+]c2n1N.O=[N+]([O-])/N=c1\[n-]ncn1-n1cn[n-]/c1=N\[N+](=O)[O-],-68%,-39.70%,64.50%,8725,27.49,10,360,270,1691,1.73,242
2060940,"3,6-Diamino-1H-[1,2,4]triazolo[4,3-b][1,2,4]triazole",DATT,Nc1nc2[nH]nc(N)n2n1,-97.80%,-63.30%,70.40%,7923,20.8,40,360,169,220.7,1.75,277
,"3,6,7-triamino-7H-[1,2,4]triazolo[4,3-b][1,2,4]triazol-1-ium 4-oxo-3,4-dihydropyrazolo[3,4-d][1,2,3]triazin-6-ide",,Nc1nn2c(N)n[nH+]c2n1N.O=c1[nH]nnc2n[n-]cc12,-96.10%,-57.70%,62.50%,7546,20,40,360,207.5,780,1.65,190
,"3,6,7-Triamino-7H-[1,2,4]triazole[4,3-b][1,2,4]triazol-1-ium ANTP",,Nc1c([N+](=O)[O-])c([N+](=O)[O-])nn1-c1nnn[n-]1.Nc1nn2c(N)n[nH+]c2n1N,-58.70%,-30.40%,60.20%,8562,28.6,40,360,248,1275.2,1.72,270
,"3,6,7-triamino-7H-[1,2,4]triazolo[4,3-b][1,2,4]triazol-1-ium, 7,8-dinitro-2-oxido-4-oxo-4H-pyrazolo[5,1-d][1,2,3,5]tetrazin-6-ide",,Nc1nn2c(N)n[nH+]c2n1N.O=c1n[n+]([O-])nc2c([N+](=O)[O-])c([N+](=O)[O-])[n-]n12,-46.30%,-18.10%,52.90%,8485,29.4,15,360,228.9,698,1.8,232
,"3,4-bis(3,8-dinitropyrazolo[5,1-c][1,2,4]triazin- 4-amino-7-yl)-1,2,5-oxadiazole 2-oxide",OTF,Nc1c([N+](=O)[O-])nnc2c([N+](=O)[O-])c(C3=C[NH+]([O-])ON3c3nn4c(N)c([N+](=O)[O-])nnc4c3[N+](=O)[O-])nn12,-50.90%,-15%,41.90%,9109,41,25,240,257.2,1422.4,1.9,310
1841834,"3,8-Dinitropyrazolo[5,1-c][1,2,4]triazine-4,7-diamine",DNPTDA,Nc1nn2c(N)c([N+](=O)[O-])nnc2c1[N+](=O)[O-],-53.30%,-20%,46.60%,8727,32.6,60,360,223.2,344,1.9,355
2073483,"4,7-diamino-8-nitropyrazolo[5,1-c][1,2,4]triazine-3-carbonitrile",,N#Cc1nnc2c([N+](=O)[O-])c(N)nn2c1N,-87.20%,-43.60%,50.90%,7891,22.7,60,360,212.5,341.1,1.794,370
2076255,"8-nitro-3-(1H-tetrazol-5-yl)pyrazolo[5,1-c][1,2,4]triazine-4,7-diamine",,Nc1nn2c(N)c(-c3nnn[nH]3)nnc2c1[N+](=O)[O-],-76%,-39.50%,58.50%,8657,27.82,60,360,197.29,480.4,1.872,335
,"3-nitro-[1,2,3]triazolo[1,5-b][1,2,4]triazine-5,6-diamine",,Nc1nc2c([N+](=O)[O-])nnn2nc1N,-65.30%,-32.60%,57.10%,8623,28.36,30,360,217.9,415.8,1.81,256
1975679,"8-nitrotetrazolo[1,5-b]pyridazine-6,7-diamine",,Nc1nn2nnnc2c([N+](=O)[O-])c1N,-65.30%,-32.60%,57.10%,8434,27.7,40,360,221.9,446.5,1.8,290
1947090,"6,8-di-amino-7-nitrotetrazolo[1,5-b]pyridazine",,Nc1nn2nnnc2c(N)c1[N+](=O)[O-],-65.30%,-32.60%,57.10%,8899,30.3,40,360,215.6,398,1.869,287
2221778,"6-(2-(8-amino-7-nitrotetrazolo[1,5-b]pyridazin-6-yl)hydrazinyl)tetrazolo[1,5-b]pyridazine-7,8-diamine",,Nc1c([N+](=O)[O-])c(NNc2nn3nnnc3c(N)c2[N+](=O)[O-])nn2nnnc12,-61.50%,-28.70%,57.40%,9064,35.2,16,360,219.4,1079,1.87,292
2045539,"hydrogen peroxide, 7-nitrotetrazolo[1,5-b]pyridazine-6,8-diamine",,Nc1nn2nnnc2c(N)c1[N+](=O)[O-].Nc1nn2nnnc2c(N)c1[N+](=O)[O-].OO,-56.30%,-26.30%,52.50%,9051,33.1,12,128,256,550.3,1.82,173
2221779,"(E)-6-((8-amino-7-nitrotetrazolo[1,5-b]pyridazin-6-yl)diazenyl)tetrazolo[1,5-b]pyridazine-7,8-diamine",,Nc1c([N+](=O)[O-])c(/N=N/c2nn3nnnc3c(N)c2[N+](=O)[O-])nn2nnnc12,-57.70%,-24.70%,57.70%,8429,27.8,4,160,229.5,1235,1.77,260
,"N-(7-amino-bis([1,2,4]triazolo) [1,5-b:5′,1′-f][1,2,4,5]tetrazin-2-yl)nitramide",,Nc1nc2nnc3nc(N[N+](=O)[O-])nn3n2n1,-50.60%,-23.60%,64.90%,8940,38,10,,260.1,762,1.871,178
,"7-nitrobis([1,2,4]triazolo)[1,5-b:5′,1′-f][1,2,4,5]tetrazin-2-amine",,Nc1nc2nnc3nc([N+](=O)[O-])nn3n2n1,-50.40%,-21.60%,63%,8930,38.1,45,,240.7,735,1.892,357
,"5,50 -(4-nitro-1H-pyrazole-3,5-diyl)bis(1H-1,2,4- triazol-3-amine)",,Nc1n[nH]c(-c2n[nH]c(-c3nc(N)n[nH]3)c2[N+](=O)[O-])n1,-89.50%,-49.10%,55.60%,8024,23.1,40,360,201,555,1.77,353.6
2115947,"5-amino-4-(4-amino-1,2,5-oxadiazol-3-yl)-2,4-dihydro-3H-1,2,4-triazol-3-one",,Nc1nonc1-n1c(N)n[nH]c1=O,-74.30%,-39.30%,53.50%,8338,23.64,18,240,183.2,94.32,1.81,244
1852952,"4,4',5,5'-tetranitro-2H,2'H-3,3'-bipyrazole hydrate",,O.O=[N+]([O-])c1n[nH]c(-c2[nH]nc([N+](=O)[O-])c2[N+](=O)[O-])c1[N+](=O)[O-],-24.10%,4.80%,33.70%,8556,32.3,30,360,248.8,42.7,1.84,243
2115946,"4-Tetrazolylamino-5-amino-2,4-dihydro-3H-1,2,4-triazol-3-one",,Nc1n[nH]c(=O)n1Nc1nnn[nH]1,-65.50%,-39.30%,68.80%,9034,28.56,12,180,202.4,362.81,1.8,228
1413469,"5-(5-amino-2H-1,2,3-triazol-4-yl)-1H-tetrazole",,Nc1n[nH]nc1-c1nnn[nH]1,-84.10%,-52.60%,73.60%,8397,23.7,10,360,205.2,460,1.66,241
1008869,"N-[5-(1H-Tetrazol-5-yl)-2H-1,2,3-triazol-4-yl]-4-nitro-1,2,5-oxadiazol-3-amine",HTANFT,O=[N+]([O-])c1nonc1Nc1n[nH]nc1-c1nnn[nH]1,-51.30%,-21.10%,58.10%,8501,31.2,25,128,244.5,824,1.8,236
,"5-(5-nitro-2H-1,2,3-triazol-4-yl)-1H-tetrazole",,O=[N+]([O-])c1n[nH]nc1-c1nnn[nH]1,-43.90%,-17.60%,61.50%,8251,26.3,4,108,239.4,516,1.69,188
,"5,5'-(hydrazine-1,2-diylbis(1,2,5-oxadiazole-4,3-diyl))bis(1,2,4-oxadiazol-3-amine)",,Nc1noc(-c2nonc2NNc2nonc2-c2nc(N)no2)n1,-71.80%,-33.50%,50.30%,7547,21.6,40,360,225.7,780.67,1.652,213
1862578,"5-(4-amino-1,2,5-oxadiazol-3-yl)-1,2,4-oxadiazol-3-amine",,Nc1noc(-c2nonc2N)n1,-76.10%,-38.10%,50%,7495,20.4,40,360,197.1,186.62,1.68,249
,"[3-amino-4-(5-nitromethyl-1,3,4-  oxadiazol-2-yl)furazan]",,Nc1nonc1-c1nnc(C[N+](=O)[O-])o1,-60.30%,-22.60%,39.60%,7770,24.2,30,360,226,272.95,1.728,184.7
,"1,2,5-Oxadiazol-3-amine, 4,4′-[1,2-diazenediylbis[1,2,5-oxadiazole-4,3-diyl(1-oxido-2,1-diazenediyl)]]bis[N-nitro-, compd. with hydrazinium (1:2)",,N[NH3+].N[NH3+].O=[N+]([O-])[N-]c1nonc1/[N+]([O-])=N/c1nonc1N=Nc1nonc1/N=[N+](\[O-])c1nonc1[N-][N+](=O)[O-],-30.60%,-8.40%,53.60%,9065,35,14,120,280,1791.2,1.78,175
,"1,2,5-Oxadiazol-3-amine, 4,4′-[1,2-diazenediylbis[1,2,5-oxadiazole-4,3-diyl(1-oxido-2,1-diazenediyl)]]bis[N-nitro-, compd. with hydroxylamine (1:2)",,O=[N+]([O-])[N-]c1nonc1/[N+]([O-])=N/c1nonc1N=Nc1nonc1/N=[N+](\[O-])c1nonc1[N-][N+](=O)[O-].[NH3+]O.[NH3+]O,-22.20%,0%,48.60%,9256,38,15,120,285,1600.2,1.83,124
,"1,2,5-Oxadiazol-3-amine, 4,4′-[1,2-diazenediylbis[1,2,5-oxadiazole-4,3-diyl(1-oxido-2,1-diazenediyl)]]bis[N-nitro-, compd. with 1H-1,2,4-Triazol-5-amine (1:2)",,O=[N+]([O-])[N-]c1nonc1/[N+]([O-])=N/c1nonc1N=Nc1nonc1/N=[N+](\[O-])c1nonc1[N-][N+](=O)[O-].[NH3+]c1ncn[nH]1.[NH3+]c1ncn[nH]1,-44.80%,-16.50%,53.70%,8768,31.8,21,160,255,1949.1,1.78,151
1469685,"1,2,5-Oxadiazol-3-amine, 4,4′-[1,2-diazenediylbis[1,2,5-oxadiazole-4,3-diyl(1-oxido-2,1-diazenediyl)]]bis[N-nitro-, compd. with ammonium (1:2)",,O=[N+]([O-])[N-]c1nonc1/[N+]([O-])=N/c1nonc1N=Nc1nonc1/N=[N+](\[O-])c1nonc1[N-][N+](=O)[O-].[NH4+].[NH4+],-29.40%,-5.90%,51.40%,8893,33.5,15,120,275,1507.7,1.75,154
1469644,Bis(4-nitraminofurazanyl-3-azoxy)azofurazan,,O=[N+]([O-])Nc1nonc1/[N+]([O-])=N/c1nonc1N=Nc1nonc1/N=[N+](\[O-])c1nonc1N[N+](=O)[O-],-22%,3.10%,49.40%,9541,40.5,2,10,283,1623.4,1.88,120
1477928,"1,2,5-Oxadiazol-3-amine, 4,4′-[1,2-diazenediylbis[1,2,5-oxadiazole-4,3-diyl(1-oxido-2,1-diazenediyl)]]bis[N-nitro-, compd. with guanidine (1:2)",,NC(N)=[NH2+].NC(N)=[NH2+].O=[N+]([O-])[N-]c1nonc1/[N+]([O-])=N/c1nonc1N=Nc1nonc1/N=[N+](\[O-])c1nonc1[N-][N+](=O)[O-],-40.70%,-15.30%,53.50%,8716,31,26,240,249,1464.5,1.75,209
,"1,2,5-Oxadiazol-3-amine, 4,4′-[1,2-diazenediylbis[1,2,5-oxadiazole-4,3-diyl(1-oxido-2,1-diazenediyl)]]bis[N-nitro-, compd. with triaminoguanidine (1:2)",,NNC(NN)=[NH+]N.NNC(NN)=[NH+]N.O=[N+]([O-])[N-]c1nonc1/[N+]([O-])=N/c1nonc1N=Nc1nonc1/N=[N+](\[O-])c1nonc1[N-][N+](=O)[O-],-42.30%,-20%,58.50%,9015,32.2,15,120,264,2217.8,1.75,209
,"1,2,5-Oxadiazol-3-amine, 4,4′-[1,2-diazenediylbis[1,2,5-oxadiazole-4,3-diyl(1-oxido-2,1-diazenediyl)]]bis[N-nitro-, compd. with 4H-1,2,4-triazol-4-amine (1:2)",,O=[N+]([O-])[N-]c1nonc1/[N+]([O-])=N/c1nonc1N=Nc1nonc1/N=[N+](\[O-])c1nonc1[N-][N+](=O)[O-].[NH3+]n1cnnc1.[NH3+]n1cnnc1,-44.80%,-16.50%,53.70%,8649,30.5,17,120,265,2242.5,1.72,181
,"1,2,5-Oxadiazol-3-amine, 4,4′-[1,2-diazenediylbis[1,2,5-oxadiazole-4,3-diyl(1-oxido-2,1-diazenediyl)]]bis[N-nitro-, compd. with aminoguanidine (1:2)",,NNC(N)=[NH2+].NNC(N)=[NH2+].O=[N+]([O-])[N-]c1nonc1/[N+]([O-])=N/c1nonc1N=Nc1nonc1/N=[N+](\[O-])c1nonc1[N-][N+](=O)[O-],-41.30%,-17%,55.30%,8584,29.1,22,240,254,1688.3,1.71,195
1477926,"1,2,5-Oxadiazol-3-amine, 4,4′-[1,2-diazenediylbis[1,2,5-oxadiazole-4,3-diyl(1-oxido-2,1-diazenediyl)]]bis[N-nitro-, compd. with 1H-1,2,4-Triazole-3,5-diamine (1:2)",,Nc1nc([NH3+])n[nH]1.Nc1nc([NH3+])n[nH]1.O=[N+]([O-])[N-]c1nonc1/[N+]([O-])=N/c1nonc1N=Nc1nonc1/N=[N+](\[O-])c1nonc1[N-][N+](=O)[O-],-45.20%,-18.10%,55.30%,8890,32.4,25,240,250,1913.7,1.8,189
,"1,2,5-Oxadiazol-3-amine, 4,4′-[1,2-diazenediylbis[1,2,5-oxadiazole-4,3-diyl(1-oxido-2,1-diazenediyl)]]bis[N-nitro-, compd. with diaminoguanidine (1:2)",,NNC(=[NH2+])NN.NNC(=[NH2+])NN.O=[N+]([O-])[N-]c1nonc1/[N+]([O-])=N/c1nonc1N=Nc1nonc1/N=[N+](\[O-])c1nonc1[N-][N+](=O)[O-],-41.80%,-18.60%,56.90%,8803,30.7,19,160,258,1904.3,1.73,203
,"(Z)-1,2-bis(4-((2,2,2-trinitroethyl)amino)-1,2,5-oxadiazol-3-yl)diazene 1-oxide",,O=[N+]([O-])C(CNc1nonc1/N=[N+](\[O-])c1nonc1NCC([N+](=O)[O-])([N+](=O)[O-])[N+](=O)[O-])([N+](=O)[O-])[N+](=O)[O-],-11.90%,11.90%,36.40%,9041,36.7,8,130,277.7,758.89,1.84,166
,"(E)-4,4'-(diazene-1,2-diyl)bis(N-(2,2,2-trinitroethyl)-1,2,5-oxadiazol-3-amine)",,O=[N+]([O-])C(CNc1nonc1/N=N/c1nonc1NCC([N+](=O)[O-])([N+](=O)[O-])[N+](=O)[O-])([N+](=O)[O-])[N+](=O)[O-],-15.30%,9.20%,37.50%,8900,35.4,7,111,277.4,783.33,1.82,223
134715,"3,3′-Diamino-4,4′-azoxyfurazan",,Nc1nonc1/N=[N+](\[O-])c1nonc1N,-52.80%,-22.60%,52.80%,8316,27.5,7,360,233,443,1.745,229
,"(1Z,1'Z)-1,1'-(((Z)-1-oxidodiazene-1,2-diyl)bis(1,2,5-oxadiazole-4,3-diyl))bis(2-nitrodiazene 1-oxide)",,O=[N+]([O-])/N=[N+](\[O-])c1nonc1/N=[N+](\[O-])c1nonc1/[N+]([O-])=N/[N+](=O)[O-],4.40%,22.20%,46.70%,8690,33.2,,,281.7,1228,1.71,95
,"(1Z,1'Z)-1,1'-(((E)-diazene-1,2-diyl)bis(1,2,5-oxadiazole-4,3-diyl))bis(2-nitrodiazene 1-oxide)",,O=[N+]([O-])/N=[N+](\[O-])c1nonc1/N=N/c1nonc1/[N+]([O-])=N/[N+](=O)[O-],0%,18.60%,48.80%,9400,43.4,,,286.9,1284,1.87,83
1507206,Dinitrodiazenofuroxan,DNAF,O=[N+]([O-])c1no[n+]([O-])c1/N=N/c1c([N+](=O)[O-])no[n+]1[O-],0%,22.20%,38.90%,9700,46.7,,,274.2,668.06,1.94,
749457,"3,4:7,8:11,12:15,16-Tetrafurazano-1,2,5,6,910,13,14- octaazacyclohexadeca-1,3,5,7,9,11,13,15-octane-1,10-dioxide",DOATF,[O-][N+]1=Nc2nonc2/N=N/c2nonc2/N=[N+](\[O-])c2nonc2/N=N/c2nonc21,-38.40%,-7.70%,53.80%,8200,29.2,2.8,47,,,1.761,212
,"3,4-Bis(40 -nitrofuroxano-30 )furoxan",,O=[N+]([O-])c1no[n+]([O-])c1-c1no[n+]([O-])c1-c1c([N+](=O)[O-])no[n+]1[O-],-9.30%,18.60%,32.50%,9503,40.8,3,40,273,579.2,1.914,145
2012931,4-(4-aminofurazan-3-yl)-3-(4-nitrofurazan-3-yl)furoxan,ANFF-43,Nc1nonc1-c1no[n+]([O-])c1-c1nonc1[N+](=O)[O-],-39.70%,-5.70%,39.70%,7868,27,40,360,254.9,583.9,1.7,255.6
1968922,"4,4''-dinitro-[3,3':4',3''-ter(1,2,5-oxadiazole)] 2'-oxide",BNFF,O=[N+]([O-])c1nonc1-c1no[n+]([O-])c1-c1nonc1[N+](=O)[O-],-20.50%,10.30%,35.90%,9043,35.5,14,360,273.4,602.38,1.875,231
1958391,"3,3’-Bis[5-nitroxymethyl-1,2,4-oxadiazol-3-yl]-4,4’- azofuroxan",,O=[N+]([O-])OCc1nc(-c2nonc2N=Nc2nonc2-c2noc(CO[N+](=O)[O-])n2)no1,-42.50%,-7.10%,37.20%,8081,27.4,35,360,241.6,650.7,1.78,200
2077868,"4-(5-(3,4-dinitro-1H-pyrazol-5-yl)-1,2,4-oxadiazol-3-yl)-1,2,5-oxadiazol-3-amine",,Nc1nonc1-c1noc(-c2[nH]nc([N+](=O)[O-])c2[N+](=O)[O-])n1,-49.20%,-12.90%,40.80%,8609,32.24,28,320,245.3,636,1.84,215
2048721,"3-Amino-4-(5-methyleneazide-1,2,4-oxadiazol-3-yl)furazan",,[N-]=[N+]=NCc1nc(-c2nonc2N)no1,-76.90%,-38.40%,53.80%,7471,20.99,20,160,236.1,651.34,1.656,182.9
,"bis(5-nitramino-1,2,4-triazol-3-methyl)-azofurazan",,O=[N+]([O-])Nc1n[nH]c(Cc2nonc2/N=N\c2nonc2Cc2nc(N[N+](=O)[O-])n[nH]2)n1,-64.20%,-28.60%,50%,8125,26,31,300,241,1206.2,1.704,196.3
,"N-(5-((4-amino-1,2,5-oxadiazol-3-yl)methyl)-1H-1,2,4-triazol-3-yl)nitramide",,Nc1nonc1Cc1nc(N[N+](=O)[O-])n[nH]1,-70.70%,-35.40%,49.50%,8079,24.9,40,360,226.7,449,1.695,196.8
,"(Z)-4,4'-(diazene-1,2-diyl)bis(3-(6-nitroimidazo[1,2-d][1,2,4]oxadiazol-3-yl)-1,2,5-oxadiazole 2-oxide)",,O=[N+]([O-])c1cn2c(-c3c(/N=N\c4no[n+]([O-])c4-c4noc5nc([N+](=O)[O-])cn45)no[n+]3[O-])noc2n1,-47.80%,-9.60%,39%,8241,28.6,3,84,252.6,1212.7,1.789,158.8
,"4-amino-3-(6-nitroimidazo[1,2-d][1,2,4]oxadiazol-3-yl)-1,2,5-oxadiazole 2-oxide",,Nc1no[n+]([O-])c1-c1noc2nc([N+](=O)[O-])cn12,-53.70%,-15.80%,38.70%,7960,26.1,5,80,231.5,370.7,1.807,163.6
,"4-(6-nitroimidazo[1,2-d][1,2,4]oxadiazol-3-yl)-1,2,5-oxadiazol-3-amine",,Nc1nonc1-c1noc2nc([N+](=O)[O-])cn12,-64.10%,-23.60%,41.30%,7840,25,40,360,231.5,465.3,1.78,189
,"(E)-1,2-bis(4-(6-nitroimidazo[1,2-d][1,2,4]oxadiazol-3-yl)-1,2,5-oxadiazol-3-yl)diazene",,O=[N+]([O-])c1cn2c(-c3nonc3/N=N/c3nonc3-c3noc4nc([N+](=O)[O-])cn34)noc2n1,-57.80%,-17%,41.70%,8008,27.4,28,252,247.1,1293,1.79,174
,"4-nitro-3-(6-nitroimidazo[1,2-d][1,2,4]oxadiazol-3-yl)-1,2,5-oxadiazole 2-oxide",,O=[N+]([O-])c1cn2c(-c3c([N+](=O)[O-])no[n+]3[O-])noc2n1,-31.10%,2.80%,34.60%,8565,31.9,3,84,261.2,454.9,1.81,170.3
,"6-nitro-3-(4-nitro-1,2,5-oxadiazol-3-yl)imidazo[1,2-d][1,2,4]oxadiazole",,O=[N+]([O-])c1cn2c(-c3nonc3[N+](=O)[O-])noc2n1,-38.90%,-3%,36.70%,8690,33.3,12,144,252,495.2,1.87,157.3
2125278,"(Z)-1,2-bis(4-(6-nitro-[1,2,4]triazolo[1,5-d][1,2,4]oxadiazol-3-yl)-1,2,5-oxadiazol-3-yl)diazene",,O=[N+]([O-])c1nc2onc(-c3nonc3N=Nc3nonc3-c3noc4nc([N+](=O)[O-])nn34)n2n1,-40.70%,-6.80%,47.40%,8572,31.9,2,64,257.8,1403.6,1.81,190.8
2125277,"4-(6-nitro-[1,2,4]triazolo[1,5-d][1,2,4]oxadiazol-3-yl)-1,2,5-oxadiazol-3-amine",,Nc1nonc1-c1noc2nc([N+](=O)[O-])nn12,-47%,-13.40%,47%,8004,25.9,15,288,237.4,495,1.76,194.7
,"Di(3,5-Diamino-triazolium) N,N’-(4,4’,5,5’-tetranitro-1H,1’H-[2,2’- biimidazole]-1,1’-diyl)dinitramide",,Nc1n[nH+]c(N)[nH]1.Nc1n[nH+]c(N)[nH]1.O=[N+]([O-])[N-]n1c(-c2nc([N+](=O)[O-])c([N+](=O)[O-])n2[N-][N+](=O)[O-])nc([N+](=O)[O-])c1[N+](=O)[O-],-35.40%,-10.10%,48.70%,8499,30.4,30,240,238,752.5,1.78,113
,"Di(1,5-diamino-tetrazolium) N,N’-(4,4’,5,5’-tetranitro-1H,1’H-[2,2’- biimidazole]-1,1’-diyl)dinitramide",,Nc1n[nH+]nn1N.Nc1n[nH+]nn1N.O=[N+]([O-])[N-]n1c(-c2nc([N+](=O)[O-])c([N+](=O)[O-])n2[N-][N+](=O)[O-])nc([N+](=O)[O-])c1[N+](=O)[O-],-22.70%,-2.50%,53%,8996,35.4,5,60,274.3,1554.08,1.8,133
,"Di[3,6,7-triamino-7H-[1,2,4]triazolo[5,1-c][1,2,4]triazol-2-ium] N,N’-(4,4’,5,5’-tetranitro-1H,1’H-[2,2’-biimidazole]-1,1’-diyl)dinitramide",,Nc1nn2c(N)[nH+]nc2n1N.Nc1nn2c(N)[nH+]nc2n1N.O=[N+]([O-])[N-]n1c(-c2nc([N+](=O)[O-])c([N+](=O)[O-])n2[N-][N+](=O)[O-])nc([N+](=O)[O-])c1[N+](=O)[O-],-40.90%,-15.10%,52.80%,8899,33.8,10,120,240.5,1455.16,1.85,203
1434510,"Di(guanidinium) N,N’-(4,4’,5,5’-tetranitro-1H,1’H-[2,2’-biimidazole]-1,1’-diyl)dinitramide",,NC(N)=[NH2+].NC(N)=[NH2+].O=[N+]([O-])[N-]n1c(-c2nc([N+](=O)[O-])c([N+](=O)[O-])n2[N-][N+](=O)[O-])nc([N+](=O)[O-])c1[N+](=O)[O-],-29%,-5.80%,45.60%,8409,29.5,30,240,243.1,325.86,1.75,158
,"[2,2′-Bi-1H-imidazole]-1,1′-diamine, N1,N1′,4,4′,5,5′-hexanitro-, compd. with hydroxylamine (1:2)",,O=[N+]([O-])[N-]n1c(-c2nc([N+](=O)[O-])c([N+](=O)[O-])n2[N-][N+](=O)[O-])nc([N+](=O)[O-])c1[N+](=O)[O-].[NH3+]O.[NH3+]O,-6.40%,12.80%,39.20%,9169,38.2,6,80,274.1,449,1.85,135
,"Dihydrazinium N,N’-(4,4’,5,5’-tetranitro-1H,1’H-[2,2’-biimidazole]- 1,1’-diyl)dinitramide",,N[NH3+].N[NH3+].O=[N+]([O-])[N-]n1c(-c2nc([N+](=O)[O-])c([N+](=O)[O-])n2[N-][N+](=O)[O-])nc([N+](=O)[O-])c1[N+](=O)[O-],-16.10%,3.20%,45%,8916,35.7,5,80,274.5,662.67,1.79,128
1404847,"[2,2′-Bi-1H-imidazole]-1,1′-diamine, N1,N1′,4,4′,5,5′-hexanitro-",,O=[N+]([O-])Nn1c(-c2nc([N+](=O)[O-])c([N+](=O)[O-])n2N[N+](=O)[O-])nc([N+](=O)[O-])c1[N+](=O)[O-],-3.70%,18.40%,38.70%,9350,40.1,3,40,265,481.1,1.94,116
1501242,"4,4',5,5'-tetranitro-1H,1'H-[2,2'-biimidazole]-1,1'-diamine",DATNBI,Nn1c(-c2nc([N+](=O)[O-])c([N+](=O)[O-])n2N)nc([N+](=O)[O-])c1[N+](=O)[O-],-27.90%,0%,40.70%,9063,36.4,15,240,248.6,309.8,1.93,240
,"Diammonium N,N’-(4,4’,5,5’-tetranitro-1H,1’H-[2,2’-biimidazole]- 1,1’-diyl)dinitramide dihydrate",,O=[N+]([O-])[N-]n1c(-c2nc([N+](=O)[O-])c([N+](=O)[O-])n2[N-][N+](=O)[O-])nc([N+](=O)[O-])c1[N+](=O)[O-].[NH4+].[NH4+],-13.70%,6.80%,41.90%,8715,33.6,8,80,266.7,351.17,1.78,135
,"Di(triaminoguanidinium) N,N’-(4,4’,5,5’-tetranitro-1H,1’H-[2,2’-biimidazole]-1,1’-diyl)dinitramide",,NNC(NN)=[NH+]N.NNC(NN)=[NH+]N.O=[N+]([O-])[N-]n1c(-c2nc([N+](=O)[O-])c([N+](=O)[O-])n2[N-][N+](=O)[O-])nc([N+](=O)[O-])c1[N+](=O)[O-],-32.40%,-12.50%,52.30%,8898,32.8,9,80,257,995.7,1.77,140
,"Di(aminoguanidinium) N,N’-(4,4’,5,5’-tetranitro-1H,1’H-[2,2’-biimidazole]-1,1’-diyl)dinitramide",,N=C(N)N[NH3+].N=C(N)N[NH3+].O=[N+]([O-])[N-]n1c(-c2nc([N+](=O)[O-])c([N+](=O)[O-])n2[N-][N+](=O)[O-])nc([N+](=O)[O-])c1[N+](=O)[O-],-30.20%,-8.20%,48.10%,8786,33,25,160,248.4,553.21,1.81,141
1463785,"2,4-dinitro-1H-imidazole-1,5-diamine",,Nc1c([N+](=O)[O-])nc([N+](=O)[O-])n1N,-34%,-8.50%,44.70%,8806,34,40,360,238,124.5,1.87,190.2
1993335,"4,4',5,5'-tetra-amino-3,3'-azo-bis-1,2,4-triazolium nitrate",,Nc1nnc(/N=N/c2n[nH+]c(N)n2N)n1N.O=[N+]([O-])[O-],-52.90%,-30.60%,63.40%,8585,27.3,40,360,,,1.711,230
1993332,"4,4',5,5'-tetraamino-3,3'-azo-bis-1,2,4-triazole",,Nc1nnc(/N=N/c2nnc(N)n2N)n1N,-85.60%,-57.10%,74.90%,8742,26.9,40,360,,,1.683,302
1993334,"4,4',5,5'-tetra-amino-3,3’-azo-bis-1,2,4-triazolium",,Nc1[nH+]nc(/N=N/c2n[nH+]c(N)n2N)n1N.O=[N+]([O-])[O-].O=[N+]([O-])[O-],-32%,-13.70%,56%,8444,27.4,1,64,,,1.827,224
1993338,"4,4',5,5'-tetra-amino-3,3'-azo-bis-1,2,4-triazolium 5- nitrimino-1,2,3,4-tetrazolate monohydrate",,Nc1nnc(/N=N/c2n[nH+]c(N)n2N)n1N.O.O=[N+]([O-])/N=c1/[n-]nn[nH]1,-55.90%,-34.40%,67.70%,8742,27.8,40,360,,,1.714,220
,"4,4',5,5'-tetra-amino-3,3' -azo-bis-1,2,4-triazolium di-5-nitro-1,2,3,4-tetrazolate",,Nc1[nH+]nc(/N=N/c2n[nH+]c(N)n2N)n1N.O=[N+]([O-])c1nn[n-]n1.O=[N+]([O-])c1nn[n-]n1,-45.80%,-24.70%,67.80%,8340,25.6,40,116,,,1.764,241
,"hydroxylammonium (E)-(diazene-1,2-diylbis(5-amino-4H-1,2,4-triazole-3,4-diyl))bis(nitroamide)",,Nc1nnc(/N=N/c2nnc(N)n2[N-][N+](=O)[O-])n1[N-][N+](=O)[O-].[NH3+]O.[NH3+]O,-33.70%,-16.80%,58.90%,9315,34.5,1,5,246.7,,1.796,146
,"hydrazinium (E)-(diazene-1,2-diylbis(5-amino-4H-1,2,4-triazole-3,4-diyl))bis(nitroamide)",,N[NH3+].N[NH3+].Nc1nnc(/N=N/c2nnc(N)n2[N-][N+](=O)[O-])n1[N-][N+](=O)[O-],-46.50%,-29.60%,66.60%,9664,35.7,1,5,230.8,,1.754,142
,"3,6,7-triamino-7H-[1,2,4]triazolo[4,3-b][1,2,4]triazol-2-ium (E)-(diazene-1,2-diylbis(5-amino-4H-1,2,4-triazole-3,4-diyl))bis(nitroamide)",,Nc1nn2c(N)[nH+]nc2n1N.Nc1nn2c(N)[nH+]nc2n1N.Nc1nnc(/N=N/c2nnc(N)n2[N-][N+](=O)[O-])n1[N-][N+](=O)[O-],-64.30%,-38.60%,67.50%,9452,33.6,40,360,195.9,,1.833,177
,"bis(O-ammoniohydroxylammonium) mono((E)-(diazene-1,2-diylbis(5-amino-4H-1,2,4-triazole-3,4-diyl))bis(nitroamide))",,NO.NO.Nc1nnc(/N=N/c2nnc(N)n2[N-][N+](=O)[O-])n1[N-][N+](=O)[O-].[NH3+]O.[NH3+]O,-32.30%,-17.90%,56.50%,9428,34.6,1,5,247.5,,1.75,150
2092522,"ammonium (E)-(diazene-1,2-diylbis(5-amino-4H-1,2,4-triazole-3,4-diyl))bis(nitroamide)",,Nc1nnc(/N=N/c2nnc(N)n2[N-][N+](=O)[O-])n1[N-][N+](=O)[O-].[NH4+].[NH4+],-45.90%,-27.60%,64.30%,8990,30.1,2,14,214.4,,1.729,176
,"5,5′-(4-nitro-1H-pyrazole-3,5-diyl)-bis-(4H-1,2,4- triazole-3,4-diamine)",,Nc1nnc(-c2n[nH]c(-c3nnc(N)n3N)c2[N+](=O)[O-])n1N,-85.90%,-49.50%,59.20%,8197,24.2,40,360,227.4,922.86,1.73,318.6
,"5,5′-(4-nitro-1H-pyrazole-3,5-diyl)-bis-(4H-1,2,4- triazole-3,4-diamine)-dinitrotetrazolate-2N-oxide",,Nc1nnc(-c2n[nH]c(-c3n[nH+]c(N)n3N)c2[N+](=O)[O-])n1N.O=c1[n-]nc([N+](=O)[O-])[nH]1,-67.70%,-34.80%,54.40%,8008,23.9,40,360,216.9,800.18,1.76,255.6
,"5,5′-(4-nitro-1H-pyrazole-3,5-diyl)-bis-(4H-1,2,4- triazole-3,4-diamine)- dinitramide",,Nc1nnc(-c2n[nH]c(-c3n[nH+]c(N)n3N)c2[N+](=O)[O-])n1N.O=[N+]([O-])[N-][N+](=O)[O-],-50.20%,-23.20%,54.10%,8716,30.3,32,280,248,1040.22,1.79,195.3
,"4,5-di(3,4-diamino-1,2,4-triazol-5-yl)-2H-1,2,3- triazole",TTT,Nc1nnc(-c2n[nH]nc2-c2nnc(N)n2N)n1N,-100.30%,-63.80%,69.10%,7806,20.7,40,360,202.5,763,1.65,290
,"3,3'-(2H-1,2,3-triazole-4,5-diyl)bis(4,5-diamino-4H-1,2,4-triazol-1-ium) 4,4',5,5'-tetranitro-[2,2'-biimidazole]-1,1'-diide",,Nc1[nH+]nc(-c2n[nH]nc2-c2n[nH+]c(N)n2N)n1N.O=[N+]([O-])c1nc(-c2nc([N+](=O)[O-])c([N+](=O)[O-])[n-]2)[n-]c1[N+](=O)[O-],-59.60%,-26.30%,50.90%,7889,23.7,40,360,196.9,457.2,1.77,213
2036212,"3,3'-(2H-1,2,3-triazole-4,5-diyl)bis(4,5-diamino-4H-1,2,4-triazol-1-ium) 1H,1'H-[5,5'-bitetrazole]-1,1'-bis(olate)",,Nc1[nH+]nc(-c2n[nH]nc2-c2n[nH+]c(N)n2N)n1N.O.[O-]n1nnnc1-c1nnnn1[O-],-69.10%,-40.80%,65.10%,7859,21.9,30,360,199.6,770.3,1.68,195
,"3,3'-(2H-1,2,3-triazole-4,5-diyl)bis(4,5-diamino-4H-1,2,4-triazol-1-ium) (E)-((1-oxidodiazene-1,2-diyl)bis(1,2,5-oxadiazole-4,3-diyl))bis(nitroamide)",,Nc1[nH+]nc(-c2n[nH]nc2-c2n[nH+]c(N)n2N)n1N.O.O=[N+]([O-])[N-]c1nonc1/N=[N+](/[O-])c1nonc1[N-][N+](=O)[O-],-50.70%,-23.30%,55.20%,8264,26.6,25,360,221.1,922.4,1.74,244
,"3,3'-(2H-1,2,3-triazole-4,5-diyl)bis(4,5-diamino-4H-1,2,4-triazol-1-ium) (Z)-(diazene-1,2-diylbis(1,2,5-oxadiazole-4,3-diyl))bis(nitroamide)",,Nc1[nH+]nc(-c2n[nH]nc2-c2n[nH+]c(N)n2N)n1N.O=[N+]([O-])[N-]c1nonc1/N=N\c1nonc1[N-][N+](=O)[O-],-56.80%,-27.70%,58.60%,8101,24.8,28,360,209.3,884,1.72,174
,"4,5-di(3,4-diamino-1,2,4-triazol-5- yl)-2H-1,2,3-triazolium 3,4,5-trinitropyrazol-1-ide",TTT-1,Nc1[nH+]nc(-c2n[nH]nc2-c2n[nH+]c(N)n2N)n1N.O=[N+]([O-])c1n[n-]c([N+](=O)[O-])c1[N+](=O)[O-].O=[N+]([O-])c1n[n-]c([N+](=O)[O-])c1[N+](=O)[O-],-41.80%,-13.10%,48.10%,8715,32.6,40,360,267.8,1930.8,1.75,241
,"4,5-bis(4,5-diamine-1,2,4-triazole-1-ium-3-yl)-1,2,3-triazole-2-ide  di(dinitramide)",,Nc1[nH+]nc(-c2n[nH]nc2-c2n[nH+]c(N)n2N)n1N.O=[N+]([O-])[N-][N+](=O)[O-].O=[N+]([O-])[N-][N+](=O)[O-],-31.80%,-11.70%,55.70%,8770,31.2,28,360,265,1132.56,1.73,169
,"4,5-Bis(4,5-diamine-1,2,4-triazole-1-ium-3-yl)–2H-1,2,3-triazole  dinitrate",,Nc1[nH+]nc(-c2n[nH]nc2-c2n[nH+]c(N)n2N)n1N.O=[N+]([O-])[O-].O=[N+]([O-])[O-],-47.30%,-22.60%,53.90%,8187,24.9,30,360,200.6,119.16,1.78,232
,"4,5-bis(4,5-diamine-1,2,4-triazole-1-ium-3-yl)–2H-1,2,3-triazole  bis[3-(5-nitroamino-1,2,4-triazolate)]",,Nc1[nH+]nc(-c2n[nH]nc2-c2n[nH+]c(N)n2N)n1N.O=[N+]([O-])[N-]c1nnc(-c2nnc([N-][N+](=O)[O-])[nH]2)[nH]1,-69.30%,-38.50%,62%,8192,26.3,40,360,223.4,1348.38,1.7,216
,"4,5-bis(4,5-diamine-1,2,4-triazole-1-ium-3-yl)-2H-1,2,3-triazole bis  (3-nitro-1-one-1,2,4-triazolate)",,Nc1[nH+]nc(-c2n[nH]nc2-c2n[nH+]c(N)n2N)n1N.O=c1[n-]c([N+](=O)[O-])n[nH]1.O=c1[n-]c([N+](=O)[O-])n[nH]1,-62.70%,-32.10%,56.20%,7924,22.5,40,360,219.7,989.02,1.67,249
,"4,5-bis(4,5-diamine-1,2,4-triazole-1-ium-3-yl)–2H-1,2,3-triazole  1,1′ -diolate-5,’-bistetrazolate",,Nc1[nH+]nc(-c2n[nH]nc2-c2n[nH+]c(N)n2N)n1N.[O-]n1nnnc1-c1nnnn1[O-],-72%,-42.50%,67.80%,7906,21.7,32,360,204.6,992.96,1.71,212
,"[4-Nitro-(3,4-diamino-1,2,4-triazol-5-yl)-1H-pyrazole]",,Nc1nnc(-c2n[nH]cc2[N+](=O)[O-])n1N,-83.70%,-45.70%,53.30%,9075,30.7,80,360,218.9,474.5,1.87,331
2306698,"5,5'-(4,4'-dinitro-2H,2'H-[3,3'-bipyrazole]-5,5'-diyl)bis(4H-1,2,4-triazole-3,4-diamine)",,Nc1nnc(-c2n[nH]c(-c3[nH]nc(-c4nnc(N)n4N)c3[N+](=O)[O-])c2[N+](=O)[O-])n1N,-80.30%,-42.10%,53.60%,8604,29.31,40,360,242.4,1392.7,1.78,340
1029059,"4,4‘ ,5,5’ -tetraamino-3,3‘-bi-1,2,4-triazolium dinitroformate",,Nc1[nH+]nc(-c2n[nH+]c(N)n2N)n1N.O=[N+]([O-])[C-]([N+](=O)[O-])[N+](=O)[O-].O=[N+]([O-])[C-]([N+](=O)[O-])[N+](=O)[O-],-16.10%,3.20%,45%,8879,34.3,4,160,255,173.4,1.837,94
1029062,"4,4‘ ,5,5’ -tetraamino-3,3‘-bi-1,2,4-triazolium 5,5‘ -bitetrazole-1,1’ -dioxide",,Nc1[nH+]nc(-c2n[nH+]c(N)n2N)n1N.[O-]n1nnnc1-c1nnnn1[O-],-65.50%,-39.30%,68.80%,8081,22.1,40,360,193.3,597.4,1.655,279
1029061,"4,4‘ ,5,5’ -tetraamino-3,3‘-bi-1,2,4-triazolium dinitrate",,Nc1[nH+]nc(-c2n[nH+]c(N)n2N)n1N.O=[N+]([O-])[O-].O=[N+]([O-])[O-],-34.80%,-14.90%,52.10%,8334,26,15,360,204.7,153.2,1.746,275
1029064,"4,4‘ ,5,5’ -tetraamino-3,3‘-bi-1,2,4-triazolium dinitramide",,Nc1[nH+]nc(-c2n[nH+]c(N)n2N)n1N.O=[N+]([O-])[N-][N+](=O)[O-].O=[N+]([O-])[N-][N+](=O)[O-],-19.50%,-3.90%,54.60%,9053,33.8,5,360,247.7,301.5,1.826,200
1029058,"4,4‘ ,5,5’ -tetraamino-3,3‘-bi-1,2,4-triazolium 1,1‘ -dinitramino-5,5’ -bitetrazolate",,Nc1[nH+]nc(-c2n[nH+]c(N)n2N)n1N.O=[N+]([O-])[N-]n1nnnc1-c1nnnn1[N-][N+](=O)[O-],-45.80%,-24.70%,67.80%,8804,28.8,3,10,227.9,1107.7,1.745,223
1029060,"4,4‘ ,5,5’ -tetraamino-3,3‘-bi-1,2,4-triazolium  tetranitrobis-imidazolate",,Nc1[nH+]nc(-c2n[nH+]c(N)n2N)n1N.O=[N+]([O-])c1nc(-c2nc([N+](=O)[O-])c([N+](=O)[O-])[n-]2)[n-]c1[N+](=O)[O-],-53.30%,-21.90%,49.40%,8237,26,40,360,187.3,20.9,1.844,290
,"4, 5, 5’-Triamine-3, 3’-bi-1, 2, 4-Triazolium 5-Amino-4, 5’-Dinitroamino-3, 3’-bi-1, 2, 4-Triazolate",,Nc1[nH]c(-c2n[nH+]c(N)n2N)n[nH+]1.Nc1nnc(-c2nnc([N-][N+](=O)[O-])[nH]2)n1[N-][N+](=O)[O-],-63.70%,-35.40%,61.90%,8177,24,40,360,204.6,728,1.77,224
1029053,"4,4‘ ,5,5’ -tetraamino-3,3‘-bi-1,2,4-triazolium dinitrotetrazolate-2N oxide",,Nc1[nH+]nc(-c2n[nH+]c(N)n2N)n1N.O=[N+]([O-])c1nnn([O-])n1.O=[N+]([O-])c1nnn([O-])n1,-38.40%,-17.50%,61.10%,8857,30.6,6,360,224.5,761.2,1.799,220
2092331,"1H,4'H-[3,3'-bi(1,2,4-triazole)]-4',5,5'-triamine",,Nc1nc(-c2nnc(N)n2N)n[nH]1,-101.60%,-66.20%,69.60%,7681,19.4,40,360,180.5,,1.629,347
2092333,"4',5,5'-triamino-1H,4'H-[3,3'-bi(1,2,4-triazol)]-1'-ium dinitroamide",,Nc1nc(-c2n[nH+]c(N)n2N)n[nH]1.O=[N+]([O-])[N-][N+](=O)[O-],-44.40%,-22.20%,58.30%,8948,31.1,4,360,214.6,,1.837,230
,"3,9-diamino-6,7-dihydro-5H-bis([1,2,4]triazolo)[4,3- e : 3’,4’-g][1,2,4,5]tetrazepine-2,10-diium nitroformate",,Nc1[nH+]nc2n1NCNn1c-2n[nH+]c1N.O=[N+]([O-])[C-]([N+](=O)[O-])[N+](=O)[O-].O=[N+]([O-])[C-]([N+](=O)[O-])[N+](=O)[O-],-21.90%,0%,43.90%,8942,37.38,10,160,271.1,715.5,1.85,141.6
1568412,"3,9-diamino-6,7-dihydro-5H-bis([1,2,4]triazolo)[4,3- e : 3’,4’-g][1,2,4,5]tetrazepine-2,10-diium nitrate",,Nc1[nH+]nc2n1NCNn1c-2n[nH+]c1N.O=[N+]([O-])[O-].O=[N+]([O-])[O-],-43.10%,-19.10%,50.30%,8073,29.63,16,360,223.3,222.8,1.79,203.2
2092339,"4',5,5'-triamino-1H,4'H-[3,3'-bi(1,2,4-triazole)]-1',4-diium nitrate",,Nc1[nH]nc(-c2n[nH+]c(N)n2N)[nH+]1.O=[N+]([O-])[O-].O=[N+]([O-])[O-],-33.90%,-13%,50.10%,8092,24.6,25,360,208.1,,1.773,210
,"4',5,5'-triamino-1H,4'H-[3,3'-bi(1,2,4-triazole)]-1',4-diium (Z)-(diazene-1,2-diylbis(1,2,5-oxadiazole-4,3-diyl))bis(nitroamide)",,Nc1[nH]nc(-c2n[nH+]c(N)n2N)[nH+]1.O.O.O=[N+]([O-])[N-]c1nonc1N=Nc1nonc1[N-][N+](=O)[O-],-46.10%,-20.70%,52.80%,8456,27.3,22,360,277.4,1726.2,1.74,226
2036211,"4H-1,2,4-Triazole-3,4-diamine, 5-(5-amino-1H-1,2,4-triazol-3-yl)-, compd. with 4,5-dinitro-1H-imidazole (1:2)",,Nc1[nH]nc(-c2n[nH+]c(N)n2N)[nH+]1.O.O.O=[N+]([O-])c1nc[n-]c1[N+](=O)[O-].O=[N+]([O-])c1nc[n-]c1[N+](=O)[O-],-52.50%,-22.50%,44.60%,7887,22.9,40,360,202.1,16.3,1.7,178
,"4H-1,2,4-Triazole-3,4-diamine, 5-(5-amino-1H-1,2,4-triazol-3-yl)-, compd. with 2,5-dinitro-1H-imidazole (1:2)",,Nc1[nH]nc(-c2n[nH+]c(N)n2N)[nH+]1.O=[N+]([O-])c1c[n-]c([N+](=O)[O-])n1.O=[N+]([O-])c1c[n-]c([N+](=O)[O-])n1,-56.30%,-24.10%,47.90%,7994,23.6,40,360,209.2,429,1.73,268
,"4H-1,2,4-Triazole-3,4-diamine, 5-(5-amino-1H-1,2,4-triazol-3-yl)-, compd. with 4,4′,5,5′-tetranitro-2,2′-bi-1H-imidazole (1:1)",,Nc1[nH]nc(-c2n[nH+]c(N)n2N)[nH+]1.O=[N+]([O-])c1nc(-c2nc([N+](=O)[O-])c([N+](=O)[O-])[n-]2)[n-]c1[N+](=O)[O-],-53.30%,-21%,48.10%,8252,26,40,360,240.6,1067.8,1.78,282
,"3H-1,2,4-Triazol-3-one, 1,2-dihydro-5-nitro-, compd. with 5-(5-amino-1H-1,2,4-triazol-3-yl)-4H-1,2,4-triazole-3,4-diamine (1:2)",,Nc1[nH]nc(-c2n[nH+]c(N)n2N)[nH+]1.O.O=c1[n-]nc([N+](=O)[O-])[nH]1.O=c1[n-]nc([N+](=O)[O-])[nH]1,-54%,-26.10%,51.80%,7884,22.2,40,360,197.7,126.8,1.71,202
2036213,"4H-1,2,4-Triazole-3,4-diamine, 5-(5-amino-1H-1,2,4-triazol-3-yl)-, compd. with 1,1′-dihydroxy-5,5′-bi-1H-tetrazole (1:1)",,Nc1[nH]nc(-c2n[nH+]c(N)n2N)[nH+]1.[O-]n1nnnc1-c1nnnn1[O-],-66%,-38.70%,67.80%,8519,26.7,30,360,262.9,1602.8,1.74,257
,"4',5,5'-triamino-1H,4'H-[3,3'-bi(1,2,4-triazole)]-1',4-diium (E)-((1-oxidodiazene-1,2-diyl)bis(1,2,5-oxadiazole-4,3-diyl))bis(nitroamide)",,Nc1[nH]nc(-c2n[nH+]c(N)n2N)[nH+]1.O.O.O=[N+]([O-])[N-]c1nonc1/N=[N+](/[O-])c1nonc1[N-][N+](=O)[O-],-41.60%,-16.90%,51.20%,8273,25.8,20,360,264.9,1315.2,1.69,187
,"4H-1,2,4-Triazole-3,4-diamine, 5-(5-amino-1H-1,2,4-triazol-3-yl)-, compd. with 3,4,5-trinitro-1H-pyrazole (1:2)",,Nc1[nH]nc(-c2n[nH+]c(N)n2N)[nH+]1.O=[N+]([O-])c1n[n-]c([N+](=O)[O-])c1[N+](=O)[O-].O=[N+]([O-])c1n[n-]c([N+](=O)[O-])c1[N+](=O)[O-],-34.10%,-6.80%,45.30%,8698,31.3,40,360,259.3,1108.9,1.75,187
1967456,"4, 5, 5’-Triamine-3, 3’-bi-1, 2, 4-Triazolium Dinitrate",,Nc1[nH]c(-c2n[nH+]c(N)n2N)n[nH+]1.O=[N+]([O-])[O-].O=[N+]([O-])[O-],-33.90%,-13%,50.10%,7937,24,30,360,202.9,202,1.76,173
1874758,"4,4',5,5'-tetraamino-4H,4'H-[3,3'-bi(1,2,4-triazol)]-1-ium,pentazol-2-ide",,Nc1nnc(-c2n[nH+]c(N)n2N)n1N.O.O.O.n1nn[n-]n1,-62.30%,-42.30%,65.40%,7741,24.8,,,258.7,1059,1.624,95.4
1589904,"5H-Bis[1,2,4]triazolo[4,3-e:3′,4′-g][1,2,4,5]tetrazepin-3,9-diamine, 6,7-dihydro-, compd. with 1H-pentazole (1:2) (ACI)",,Nc1[nH+]nc2n1NCNn1c-2n[nH+]c1N.n1nn[n-]n1.n1nn[n-]n1,-68.50%,-45.70%,79.90%,7615,23.6,10,120,231.4,1341.2,1.66,100
,"3,4,5-Triamino-1,2,4-triazolium 1-nitramino-2,4- dinitroimidazolate salt",,Nc1n[nH+]c(N)n1N.O=[N+]([O-])[N-]n1cc([N+](=O)[O-])nc1[N+](=O)[O-],-38.50%,-14.40%,50.60%,8370,29.3,13,,238.9,432.5,1.73,194
,"Aminoguanidinium 1-nitramino-2,4-dinitroimidazolate salt",,N[NH+]=C(N)N.O=[N+]([O-])[N-]n1cc([N+](=O)[O-])nc1[N+](=O)[O-],-32.90%,-11%,47.90%,8696,33.1,35,,241.8,194.3,1.82,188
885139,"Guanidinium 1-nitramino-2,4-dinitroimidazolate salt",,NC(N)=[NH2+].O=[N+]([O-])[N-]n1cc([N+](=O)[O-])nc1[N+](=O)[O-],-31.80%,-8.70%,45.50%,8390,30.1,40,,238.6,108,1.77,191
,"Ammonium 1-nitramino-2,4-dinitroimidazolate salt",,O=[N+]([O-])[N-]n1cc([N+](=O)[O-])nc1[N+](=O)[O-].[NH4+],-17%,3.40%,41.70%,8909,37.4,4,,264.1,126.6,1.88,182
,"Diaminoguanidinium 1-nitramino-2,4-dinitroimidazolate salt",,NNC(=[NH2+])NN.O=[N+]([O-])[N-]n1cc([N+](=O)[O-])nc1[N+](=O)[O-],-33.90%,-13%,50.10%,8447,29.5,40,,247.8,317.5,1.7,192
,"Triaminoguanidinium 1-nitramino-2,4-dinitroimidazolate salt",,NNC(NN)=[NH+]N.O=[N+]([O-])[N-]n1cc([N+](=O)[O-])nc1[N+](=O)[O-],-34.80%,-14.90%,52.10%,8920,34.2,15,,251.4,418.6,1.8,193
,"Hydrazinium 1-nitramino-2,4-dinitroimidazolate salt",,N[NH3+].O=[N+]([O-])[N-]n1cc([N+](=O)[O-])nc1[N+](=O)[O-],-19.20%,0%,44.80%,9209,40.5,12,,266,206.8,1.93,183
984053,"1,2-Bis(2,4-dinitro-1 H-imidazol-1-yl)diazene",,O=[N+]([O-])c1cn(N=Nn2cc([N+](=O)[O-])nc2[N+](=O)[O-])c([N+](=O)[O-])n1,-23.40%,4.70%,40.90%,8979,35.6,15,160,265.8,591.9,1.85,258
751371,"1-Nitramino-2,4-dinitroimidazole",NADNI,O=[N+]([O-])Nn1cc([N+](=O)[O-])nc1[N+](=O)[O-],-7.30%,14.70%,38.50%,8684,35.3,2.5,,272.6,278.5,1.8,234
927839,"2,4-Dinitro-N-(2,2,2-trinitroethyl)-1H-imidazol-1-amine",,O=[N+]([O-])c1cn(NCC([N+](=O)[O-])([N+](=O)[O-])[N+](=O)[O-])c([N+](=O)[O-])n1,-9.50%,14.30%,33.30%,8649,35.8,7,,265.1,91.3,1.84,172
,"2,4-Dinitro-1H-imidazol-1-amine",,Nn1cc([N+](=O)[O-])nc1[N+](=O)[O-],-32.40%,-4.60%,40.40%,8174,29.3,40,,244,116.9,1.75,264
1889337,"f 4,6-dinitro-1-(4-amino-1,2,4- triazole-2-yl)-1H-indazole",,Nn1cnnc1-n1ncc2c([N+](=O)[O-])cc([N+](=O)[O-])cc21,-93.70%,-44.10%,38.60%,7394,22,26,223,220.2,605.8,1.68,179
,"[N3 -(1H-tetrazol-1-yl)-4H-1,2,4-triazole-3,4-diamine]",,Nn1cnnc1Nn1cnnn1,-81.40%,-52.70%,75.40%,8789,27.7,40,360,256.8,862.9,1.65,215
,"[N-(4-(1H-tetrazol-1-yl)-4H-1,2,4-triazol-3-yl)-1H-tetrazol-1-amine]",,c1nnnn1Nc1nncn1-n1cnnn1,-72.70%,-43.60%,76.30%,8695,28.4,24,240,249,1256.5,1.71,183
1541074,"N-nitramino-functionalized dipyrazolo-1,3,5-triazinane",,O=[N+]([O-])NN1c2c([N+](=O)[O-])c([N+](=O)[O-])nn2Cn2nc([N+](=O)[O-])c([N+](=O)[O-])c21,-21.90%,6%,38.40%,9226,38.8,3,20,264,521.52,1.94,117
1541075,"2,3,5,6-Tetranitro-4H,9H-dipyrazolo[1,5-a:5′,1′-d][1,3,5]triazin-4-amine",,NN1c2c([N+](=O)[O-])c([N+](=O)[O-])nn2Cn2nc([N+](=O)[O-])c([N+](=O)[O-])c21,-35.90%,-4.50%,39.30%,8356,29.6,15,160,239.3,341.92,1.79,242
,"4H,9H-Dipyrazolo[1,5-a:5′,1′-d][1,3,5]triazin-4-amine, N,2,3,5,6-pentanitro-, compd. with hydroxylamine (1:1) (ZCI)",,O=[N+]([O-])[N-]N1c2c([N+](=O)[O-])c([N+](=O)[O-])nn2Cn2nc([N+](=O)[O-])c([N+](=O)[O-])c21.[NH3+]O,-22.10%,3.70%,38.70%,9034,37.1,10,80,270.4,573.14,1.87,138
1463786,"5-nitro-2H-1,2,3-triazole-2,4-diamine",,Nc1nn(N)nc1[N+](=O)[O-],-44.40%,-22.20%,58.30%,8511,28,26,240,227,229.3,1.73,212.1
,"(E)-1,2-bis(4,5'-dinitro-2'H-[2,4'-bi(1,2,3-triazol)]-2'-yl)diazene",,O=[N+]([O-])c1cnn(-c2nn(N=Nn3nc(-n4ncc([N+](=O)[O-])n4)c([N+](=O)[O-])n3)nc2[N+](=O)[O-])n1,-30.10%,-3.30%,52.70%,8860,33.43,7,72,267.6,1494.4,1.8,205
,"1-Amino-3,6-dinitropyrazolo[4,3-c]pyrazole",,Nn1nc([N+](=O)[O-])c2[nH]nc([N+](=O)[O-])c21,-41.30%,-11.30%,46%,7934,27.9,14,280,,,1.74,178
1477653,"N1,N4,3,6-Tetranitropyrazolo[4,3-c]pyrazole-1,4-diamine",,O=[N+]([O-])Nn1nc([N+](=O)[O-])c2c1c([N+](=O)[O-])nn2N[N+](=O)[O-],-5%,15.10%,44%,9507,41.8,2,20,274,595.2,1.93,128
,"1,4-Dihydro-1,3,4,6-tetranitropyrazolo[4,3-c]pyrazole",,O=[N+]([O-])c1nn([N+](=O)[O-])c2c([N+](=O)[O-])nn([N+](=O)[O-])c12,0%,22.20%,38.90%,9460,40.9,3,20,269,550.9,1.95,145
,"Hydrazinecarboximidamide, compd. with N1,N4,3,6-tetranitropyrazolo[4,3-c]pyrazole-1,4-diamine (2:1)",,NC(N)=N[NH3+].NC(N)=N[NH3+].O=[N+]([O-])[N-]n1nc([N+](=O)[O-])c2c1c([N+](=O)[O-])nn2[N-][N+](=O)[O-],-37.70%,-17.20%,54%,8612,29.3,30,360,247,692.9,1.71,153
,"Guanidine, compd. with N1,N4,3,6-tetranitropyrazolo[4,3-c]pyrazole-1,4-diamine (2:1)",,N=C(N)[NH3+].N=C(N)[NH3+].O=[N+]([O-])[N-]n1nc([N+](=O)[O-])c2c1c([N+](=O)[O-])nn2[N-][N+](=O)[O-],-36.70%,-14.70%,51.30%,8295,26.9,35,360,239,454.7,1.68,190
1477655,"Pyrazolo[4,3-c]pyrazole-1,4-diamine, N1,N4,3,6-tetranitro-, compd. with hydroxylamine (1:2)",,O=[N+]([O-])[N-]n1nc([N+](=O)[O-])c2c1c([N+](=O)[O-])nn2[N-][N+](=O)[O-].[NH3+]O.[NH3+]O,-8.30%,8.30%,43.70%,9495,41.3,7,120,282,531.2,1.88,170
1477654,"Pyrazolo[4,3-c]pyrazole-1,4-diamine, N1,N4,3,6-tetranitro-, compd. with Ammonium  (1:2)",,O=[N+]([O-])[N-]n1nc([N+](=O)[O-])c2c1c([N+](=O)[O-])nn2[N-][N+](=O)[O-].[NH4+].[NH4+],-18.20%,0%,47.70%,8977,35.9,10,120,270,423.1,1.81,181
1434787,"3,6-Dinitropyrazolo[4,3-c]pyrazole-1,4-diamine",LLM-119,Nn1nc([N+](=O)[O-])c2c1c([N+](=O)[O-])nn2N,-42.10%,-14%,49.10%,8864,33.9,7,120,246,467,1.84,230
,"Pyrazolo[4,3-c]pyrazole-1,4-diamine, N1,N4,3,6-tetranitro-, compd. with hydrazine (1:2)",,N[NH3+].N[NH3+].O=[N+]([O-])[N-]n1nc([N+](=O)[O-])c2c1c([N+](=O)[O-])nn2[N-][N+](=O)[O-],-20.90%,-4.20%,51.30%,9399,39.5,5,60,280,738.9,1.85,174
,"Pyrazolo[4,3-c]pyrazole-1,4-diamine, N1,N4,3,6-tetranitro-, compd. with 1H-tetrazole-1,5-diamine (1:2)",,Nc1n[nH+]nn1N.Nc1n[nH+]nn1N.O=[N+]([O-])[N-]n1nc([N+](=O)[O-])c2c1c([N+](=O)[O-])nn2[N-][N+](=O)[O-],-27.80%,-9.30%,59.40%,9166,36,5,60,280,1683.3,1.78,163
,"Carbonohydrazonic dihydrazide, compd. with N1,N4,3,6-tetranitropyrazolo[4,3-c]pyrazole-1,4-diamine (2:1)",,NNC(NN)=[NH+]N.NNC(NN)=[NH+]N.O=[N+]([O-])[N-]n1nc([N+](=O)[O-])c2c1c([N+](=O)[O-])nn2[N-][N+](=O)[O-],-39.50%,-21.30%,58.50%,8884,30.8,10,80,258,1144.8,1.7,141
,"7H-1,2,4-Triazolo[4,3-b][1,2,4]triazole-3,6,7-triamine, compd. with N1,N4,3,6-tetranitropyrazolo[4,3-c]pyrazole-1,4-diamine (2:1)",,Nc1nn2c(N)[nH+]nc2n1N.Nc1nn2c(N)[nH+]nc2n1N.O=[N+]([O-])[N-]n1nc([N+](=O)[O-])c2c1c([N+](=O)[O-])nn2[N-][N+](=O)[O-],-48.50%,-23%,58.10%,8993,33.1,10,120,244,1599.5,1.83,203
,"3,50 - dinitro-10 H-[1,30 -bi(1,2,4-triazol)]-20 -amine",,Nn1nc(-n2cnc([N+](=O)[O-])n2)nc1[N+](=O)[O-],-36.50%,-10%,52.30%,8630,31.5,25,240,240.5,475.9,1.81,167
1463787,"4-nitro-1H-1,2,3-triazole-1,5-diamine",,Nc1c([N+](=O)[O-])nnn1N,-44.40%,-22.20%,58.30%,8451,27.4,7,120,229.3,242.2,1.71,193.9
1936737,"1,3,4-Oxadiazol-3(2H)-amine, 5-(dinitromethyl)-2-imino-, ion(1-), conjugate acid (1:1)",,Nn1nc([C-]([N+](=O)[O-])[N+](=O)[O-])oc1=[NH2+],-23.50%,0%,41.20%,8982,35.9,28,128,258.4,139.12,1.87,143
,"N,N0 -Dinitro-N,N0 -bis[3-hydrazino(imino)methyl-furazan-4- yl]ethylenediamine",,N=C(NN)c1nonc1N(CCN(c1nonc1C(=N)NN)[N+](=O)[O-])[N+](=O)[O-],-64%,-32%,49%,7914,23.3,40,360,236.3,797.6,1.6,145
,"N,N0 -Dinitro-N,N0 -bis[3-hydrazino(imino)methyl-furazan-4-yl] methylenediamine",,N=C(NN)c1nonc1N(CN(c1nonc1C(=N)NN)[N+](=O)[O-])[N+](=O)[O-],-53.90%,-24.90%,50.70%,8126,25.3,40,360,241.2,810.7,1.64,138
1831245,"5-Amino-1H-1,2,4-triazole-3-carbohydrazide",,NNC(=O)c1n[nH]c(N)n1,-90.10%,-56.30%,59.10%,8038,20.6,80,360,164.6,9.4,1.7,401
1831247,"5-Amino-1H-1,2,4-triazole-3-carbohydrazide dinitrate",,Nc1[nH]nc(C(=O)N[NH3+])[nH+]1.O=[N+]([O-])[O-].O=[N+]([O-])[O-],-17.90%,0%,41.80%,7902,25.3,80,120,212.2,544.7,1.74,216
,"5-Amino-1H-1,2,4-triazole-3-carbohydrazide bis[3-(5-nitroimino-1,2,4-triazolate)]",,Nc1[nH]nc(C(=O)N[NH3+])[nH+]1.O=[N+]([O-])/N=c1/[n-]c(-c2n[nH]/c(=N\[N+](=O)[O-])[n-]2)n[nH]1,-56.20%,-28.10%,56.20%,9193,33.5,11,120,269.3,1506,1.76,248
,"5-Amino-1H-1,2,4-triazole-3-carbohydrazide 4,4′,5,5′-tetranitrobis-imidazolate",,Nc1[nH]nc(C(=O)N[NH3+])[nH+]1.O=[N+]([O-])c1nc(-c2nc([N+](=O)[O-])c([N+](=O)[O-])[n-]2)[n-]c1[N+](=O)[O-],-45.60%,-14%,43%,8820,33.7,25,252,286.4,1601.5,1.63,204
,"(4,6-Dinitro-1,3-phenylene)bis(hydrazine)",,NNc1cc(NN)c([N+](=O)[O-])cc1[N+](=O)[O-],-84.10%,-42.10%,36.80%,8016,24.1,35,240,211.7,163.93,1.72,258
988403,Bisaminohydroximoylfuroxane,,N/C(=N\O)c1no[n+]([O-])c1/C(N)=N/O,-55.40%,-23.70%,41.60%,8312,28.7,10,240,224.6,159.3,1.75,180
1008515,Tetranitroacetimidic acid,TNAA,O=[N+]([O-])/N=C(\O)C([N+](=O)[O-])([N+](=O)[O-])[N+](=O)[O-],30.10%,43.50%,29.30%,7503,23,19,20,208.6,134.6,1.87,137
1506290,"2,2,2-Trinitroethyl 4,4,4-trinitrobutanoate",TNETB,O=C(CCC([N+](=O)[O-])([N+](=O)[O-])[N+](=O)[O-])OCC([N+](=O)[O-])([N+](=O)[O-])[N+](=O)[O-],-4.10%,20.70%,21.80%,8616,32.4,30,240,258,466,1.83,155
1042137,"1,3-Bis(2,2,2-trinitroethyl)urea, Bis-trinitroethylurea,  N,N ′-bis(β,β,β-trinitroethylurea), hexanitrodiethyl urea,  1,3-Di(2,2,2-trinitroethyl)-urea [Di(2,2,2-trinitroethyl)- Harnstoff",,O=C(NCC([N+](=O)[O-])([N+](=O)[O-])[N+](=O)[O-])NCC([N+](=O)[O-])([N+](=O)[O-])[N+](=O)[O-],0%,20.70%,29%,8917,34.3,3.92,,255.3,360.8,1.85,
1469963,"2,2,2-Bis(trinitroethyl) Oxalate",,O=C(OCC([N+](=O)[O-])([N+](=O)[O-])[N+](=O)[O-])C(=O)OCC([N+](=O)[O-])([N+](=O)[O-])[N+](=O)[O-],7.70%,30.80%,20.20%,,,10,360,293,688,1.84,186
,"3-Trinitromethyl-(1,2,4-oxadiazol-5-one)",,O=c1[nH]c(C([N+](=O)[O-])([N+](=O)[O-])[N+](=O)[O-])no1,10.20%,30.60%,29.80%,8798,33.1,25,324,239,142,1.95,112
1451184,"(6-Oxo-5H-imidazo[4,5-b][1,2,5]oxadiazolo[3,4-e]pyrazine- 5,7(6H)-diyl)bis(methylene)dinitrate",,O=c1n(CO[N+](=O)[O-])c2nc3nonc3nc2n1CO[N+](=O)[O-],-39%,-4.90%,34.10%,8057,27.3,26,240,219.2,7.2,1.79,190
,"1,3,5-tris((2H-tetrazol-5-yl)methyl)-1,3,5-triazinane-2,4,6-trione",,O=c1n(Cc2nn[nH]n2)c(=O)n(Cc2nn[nH]n2)c(=O)n1Cc1nn[nH]n1,-83.10%,-44.80%,56%,7159,17.46,20,360,175.3,309.6,1.769,283.6
,"3,30 -Bis-1,2,4-oxadiazole-5,50 -dione",,O=c1[nH]c(-c2noc(=O)[nH]2)no1,-47%,-9.40%,32.90%,7742,24.5,40,360,187.5,143.55,1.85,148
1487917,"3-(Dinitromethyl)-1,2,4-oxadiazol-5-one",,O=c1[nH]c(C([N+](=O)[O-])[N+](=O)[O-])no1,-8.40%,16.80%,29.50%,8454,31.3,6,40,243,236.91,1.854,76
1424003,"4,5,6,7-Tetranitro-1H-benzimidazol-2(3H)-one",,O=c1[nH]c2c([N+](=O)[O-])c([N+](=O)[O-])c([N+](=O)[O-])c([N+](=O)[O-])c2[nH]1,-30.60%,5.10%,26.70%,8368,30.19,35,360,231.3,132.3,1.87,299
,"3-Amino-1,2,4-triazolium 3-dinitromethanide-1,2,4-triazolone",,Nc1[nH]cn[nH+]1.O=c1[nH]nc([C-]([N+](=O)[O-])[N+](=O)[O-])[nH]1,-49.80%,-20.50%,46.10%,8111,25.9,32,360,203.8,43.9,1.76,150
,"4-Amino-1,2,4-triazolium 3-dinitromethanide-1,2,4-triazolone",,Nn1cn[nH+]c1.O=c1[nH]nc([C-]([N+](=O)[O-])[N+](=O)[O-])[nH]1,-49.80%,-20.50%,46.10%,8182,26.4,32,360,214.8,170.9,1.74,148
1853948,"Aminoguanidinum 3-dinitromethanide-1,2,4-triazolone",,N[NH+]=C(N)N.O=c1[nH]nc([C-]([N+](=O)[O-])[N+](=O)[O-])[nH]1,-45.60%,-21.30%,47.90%,8594,28.9,33,360,221,83,1.77,155
,"3,6,7-Triamino-[1,2,4]triazolo[4,3-b][1,2,4]triazolium 3-dinitromethanide-1,2,4-triazolone",,Nc1nn2c(N)[nH+]nc2n1N.O=c1[nH]nc([C-]([N+](=O)[O-])[N+](=O)[O-])[nH]1,-53.60%,-25.60%,53%,9108,34,35,360,239,729.2,1.86,213
1032921,"3-Dinitromethyl-1,2,4-triazolone",,O=c1[nH]nc(C([N+](=O)[O-])[N+](=O)[O-])[nH]1,-21.20%,4.20%,37%,8597,33.1,,,231.7,136.6,1.906,
1853787,"Guanidinium 3-dinitromethanide-1,2,4-triazolone",,NC(N)=[NH2+].O=c1[nH]nc([C-]([N+](=O)[O-])[N+](=O)[O-])[nH]1,-45.10%,-19.30%,45.10%,7989,24.2,40,360,236.4,194,1.74,178
,"3,5-Diamino-1,2,4-triazolium 3-dinitromethanide-1,2,4-triazolone",,Nc1n[nH+]c(N)[nH]1.O=c1[nH]nc([C-]([N+](=O)[O-])[N+](=O)[O-])[nH]1,-50%,-22.20%,48.60%,8201,26.2,32,360,199.5,8.6,1.78,170
,"Hydrazinium 3-dinitromethanide-1,2,4-triazolone",,N[NH3+].O=c1[nH]nc([C-]([N+](=O)[O-])[N+](=O)[O-])[nH]1,-32.60%,-10.90%,44.30%,9226,37.4,26,240,252.5,128,1.88,184
1853790,"ammonium 3-dinitromethanide-1,2,4-triazolone",,O=c1[nH]nc([C-]([N+](=O)[O-])[N+](=O)[O-])[nH]1.[NH4+],-31.10%,-7.80%,40.80%,9081,37,40,360,263.8,174,1.85,166
1032922,"Hydroxylammonium 3-dinitromethanide-1,2,4-triazolone",,O=c1[nH]nc([C-]([N+](=O)[O-])[N+](=O)[O-])[nH]1.[NH3+]O,-21.60%,0%,37.80%,8946,37.2,,,247,128.3,1.91,
2268205,"5-(trinitromethyl)-2,4- dihydro-3H-1,2,4-triazol-3-one",,O=c1[nH]nc(C([N+](=O)[O-])([N+](=O)[O-])[N+](=O)[O-])[nH]1,0%,20.50%,35.90%,8997,35.01,10,120,251.85,64.47,1.9,80
166510,"3-Nitro-1,2,4-triazole-5-one, Oxynitrotriazole,  Nitrotriazolone",NTO,O=c1[nH]nc([N+](=O)[O-])[nH]1,-24.60%,0%,43.10%,7860,31.1,120,353,211.6,96.7,1.91,234
,"N-(4-(1,2,4-oxadiazol-3-yl)-1,2,5-oxadiazol-3-yl)formamide",,O=CNc1nonc1-c1ncon1,-75.10%,-30.90%,38.70%,6894,16.67,40,260,187.7,55,1.7,136
,"bis([1,2,4]triazolo)[1,5-b:5′,1′-f][1,2,4,5]tetrazine-2,7(1H,8H)-dione",,O=c1nc2nnc3nc(=O)[nH]n3n2[nH]1,-57.70%,-24.70%,57.70%,8360,31.8,45,,191.3,247,1.903,374
1554454,N-(1-((1H-Tetrazol-5-yl)methyl)-1H-tetrazol-5(4H)-ylidene) nitramide,,O=[N+]([O-])/N=c1\[nH]nnn1Cc1nnn[nH]1,-45.30%,-22.60%,66%,8652,29.6,12,160,240.2,615.9,1.76,178
1454189,N-(1-(2-(4-Nitro-1H-pyrazol-1-yl)ethyl)-1H-tetrazol-5(4H)- ylidene)nitramide,,O=[N+]([O-])/N=c1\[nH]nnn1CCn1cc([N+](=O)[O-])cn1,-68.40%,-32.70%,46.80%,7824,23.09,39,360,225.7,463,1.65,136
1558869,"Diammonium 5,5’-dinitromethyl-3,3’-azo-1,2,4-oxadiazolate",,O=[N+]([O-])[C-](c1nc(/N=N/c2noc([C-]([N+](=O)[O-])[N+](=O)[O-])n2)no1)[N+](=O)[O-].[NH4+].[NH4+],-23.50%,0%,41.20%,8348,29.8,12,240,250,126,1.74,173
,"5,5’-dinitromethyl-3,3’-azo-1,2,4-oxadiazole",,O=[N+]([O-])C(c1nc(/N=N/c2noc(C([N+](=O)[O-])[N+](=O)[O-])n2)no1)[N+](=O)[O-],-12.80%,12.80%,37.40%,8764,33.2,6,120,263,332.9,1.805,123
1558870,"Dihydrazinium 5,5’-dinitromethyl-3,3’-azo-1,2,4-oxadiazolate",,N[NH3+].N[NH3+].O=[N+]([O-])[C-](c1nc(/N=N/c2noc([C-]([N+](=O)[O-])[N+](=O)[O-])n2)no1)[N+](=O)[O-],-25.60%,-3.70%,44.70%,8724,33.2,10,240,261,434.9,1.78,166
,"Ammonium dinitro(3-(trinitromethyl)-1H-1,2,4-triazol-5- yl)methanide",,O=[N+]([O-])[C-](c1nc(C([N+](=O)[O-])([N+](=O)[O-])[N+](=O)[O-])n[nH]1)[N+](=O)[O-].[NH4+],-2.40%,16.50%,37.20%,9165,38.3,18,240,262.7,21.3,1.87,112
1510982,"3,6,7-Triamino-7H-[1,2,4]triazolo[4,3-b][1,2,4]triazol-2-ium  dinitro(3-(trinitromethyl)-1H-1,2,4-triazol-5-yl)methanide",,Nc1nn2c(N)[nH+]nc2n1N.O=[N+]([O-])[C-](c1nc(C([N+](=O)[O-])([N+](=O)[O-])[N+](=O)[O-])n[nH]1)[N+](=O)[O-],-26.90%,-3.40%,47%,9016,36.6,20,240,249.7,520.2,1.9,134
,"5-(Dinitromethyl)-3-(trinitromethyl)-1H-1,2,4-triazole",,O=[N+]([O-])C(c1nc(C([N+](=O)[O-])([N+](=O)[O-])[N+](=O)[O-])n[nH]1)[N+](=O)[O-],5%,24.80%,34.80%,9180,38.7,6,120,252.8,56.3,1.97,143
2258253,"6-(dinitro(1-nitro-1H-1,2,4-triazol-3-yl)methyl)-1,3-dinitro-1,2,3,4-tetrahydro-1,3,5-triazine",,O=[N+]([O-])N1CN=C(C(c2ncn([N+](=O)[O-])n2)([N+](=O)[O-])[N+](=O)[O-])N([N+](=O)[O-])C1,-18.40%,6.10%,39.40%,8964,35.7,10,170,265.3,379.2,1.86,99
,"1,2,3,4-Tetrahydro-1,3-dinitro-6-(trinitromethyl)-1,3,5-triazine",,O=[N+]([O-])N1CN=C(C([N+](=O)[O-])([N+](=O)[O-])[N+](=O)[O-])N([N+](=O)[O-])C1,0%,19.70%,34.60%,9112,38.1,6,80,257.8,60.7,1.87,141.2
,"Dihydrazinium 2,5-Bis(dinitromethyl)-1,3,4-oxadiazolate",,N[NH3+].N[NH3+].O=[N+]([O-])[C-](c1nnc([C-]([N+](=O)[O-])[N+](=O)[O-])o1)[N+](=O)[O-],-18.70%,0%,40.90%,8900,36.3,19,80,262,10.27,1.84,190
,"Diguanidinium 2,5-Bis(dinitromethyl)-1,3,4-oxadiazolate",,NC(N)=[NH2+].NC(N)=[NH2+].O=[N+]([O-])[C-](c1nnc([C-]([N+](=O)[O-])[N+](=O)[O-])o1)[N+](=O)[O-],-36.30%,-12.10%,42.40%,8050,25.4,40,360,214,273.41,1.71,235
1531421,"Diammonium 2,5-Bis(dinitromethyl)-1,3,4-oxadiazolate",,O.O=[N+]([O-])[C-](c1nnc([C-]([N+](=O)[O-])[N+](=O)[O-])o1)[N+](=O)[O-].[NH4+].[NH4+],-14.50%,4.80%,33.90%,8326,29.4,10,240,249,297.15,1.75,188
,"Diaminoguanidinium 2,5-Bis(dinitromethyl)-1,3,4-oxadiazolate",,N[NH+]=C(N)N.N[NH+]=C(N)N.O=[N+]([O-])[C-](c1nnc([C-]([N+](=O)[O-])[N+](=O)[O-])o1)[N+](=O)[O-],-37.50%,-15%,46%,8055,24.7,40,360,227,8.53,1.65,145
,"1H-Tetrazole-1,5-diamine 2,5-Bis(dinitromethyl)-1,3,4-oxadiazolate",,Nc1n[nH+]nn1N.Nc1n[nH+]nn1N.O=[N+]([O-])[C-](c1nnc([C-]([N+](=O)[O-])[N+](=O)[O-])o1)[N+](=O)[O-],-26.80%,-6.70%,52.70%,8623,31,11,120,268,990,1.7,142
,"Di(triaminoguanidinium) 2,5-Bis(dinitromethyl)-1,3,4-oxadiazolate",,NNC(NN)=[NH+]N.NNC(NN)=[NH+]N.O=[N+]([O-])[C-](c1nnc([C-]([N+](=O)[O-])[N+](=O)[O-])o1)[N+](=O)[O-],-39.50%,-19.70%,51.80%,8510,27.7,28,240,243,442.56,1.67,178
1531419,"2,5-Bis(dinitromethyl)-1,3,4-oxadiazole",,O=[N+]([O-])C(c1nnc(C([N+](=O)[O-])[N+](=O)[O-])o1)[N+](=O)[O-],0%,23%,30.20%,8967,36.9,3,160,255,55.62,1.91,86
,"Dihydroxylammonium 2,5-Bis(dinitromethyl)-1,3,4-oxadiazolate",,O=[N+]([O-])[C-](c1nnc([C-]([N+](=O)[O-])[N+](=O)[O-])o1)[N+](=O)[O-].[NH3+]O.[NH3+]O,-4.60%,13.90%,32.50%,9266,38.9,20,360,267,199.61,1.89,146
1531422,"Hydroxylammonium Ammonium 2,5-Bis(trinitromethyl)-1,3,4-oxadiazolate",,O=[N+]([O-])[C-](c1nnc([C-]([N+](=O)[O-])[N+](=O)[O-])o1)[N+](=O)[O-].[NH3+]O.[NH4+],-9.80%,9.80%,34.10%,8904,35,18,160,267,259.24,1.86,149
2350606,"3,6,7-triamino-7H-[1,2,4]triazolo[4,3-b][1,2,4]triazol-2-ium (1,3,4-oxadiazole-2,5-diyl)bis(dinitromethanide)",,Nc1nn2c(N)[nH+]nc2n1N.Nc1nn2c(N)[nH+]nc2n1N.O=[N+]([O-])[C-](c1nnc([C-]([N+](=O)[O-])[N+](=O)[O-])o1)[N+](=O)[O-],-49.10%,-21.80%,52.50%,8435,27.9,16,240,226.9,903.9,1.8,225
,"5,50 -bis(trinitromethyl)-2,20 -bi(1,3,4-oxadiazole)",,O=[N+]([O-])C(c1nnc(-c2nnc(C([N+](=O)[O-])([N+](=O)[O-])[N+](=O)[O-])o2)o1)([N+](=O)[O-])[N+](=O)[O-],7.30%,29.30%,32.10%,8764,33.2,10,160,251.5,231,1.9,98.5
,"Carbonic dihydrazide, compd. with 3-(dinitromethyl)-5-methyl-1,2,4-oxadiazole (1:1)",,Cc1nc([C-]([N+](=O)[O-])[N+](=O)[O-])no1.NNC(=O)N[NH3+],-51.80%,-23%,40.30%,8084,24.79,40,240,221,4,1.668,137
1487916,"Diammonium 3-(dinitromethanide)-1,2,4-oxadiazolate-5-one",,O=c1nc([C-]([N+](=O)[O-])[N+](=O)[O-])[n-]o1.[NH4+].[NH4+],-28.60%,-7.10%,37.50%,7937,24.5,13,240,209,477.27,1.709,114
,"1H-1,2,4-Triazol-5-amine, compd. with 3-(dinitromethyl)-5-methyl-1,2,4-oxadiazole (1:1)",,Cc1nc([C-]([N+](=O)[O-])[N+](=O)[O-])no1.[NH3+]c1nc[nH]n1,-64.70%,-29.40%,41.10%,7845,23.33,40,324,212.9,163.3,1.677,108
2018495,"hydrazinium (5-methyl-1,2,4-oxadiazol-3-yl)dinitromethanide",,Cc1nc([C-]([N+](=O)[O-])[N+](=O)[O-])no1.N[NH3+],-50.90%,-21.80%,38.20%,8245,26.64,40,144,235.8,81.2,1.67,166
,"diaminomethaniminium (5-methyl-1,2,4-oxadiazol-3-yl)dinitromethanide",,Cc1nc([C-]([N+](=O)[O-])[N+](=O)[O-])no1.NC(N)=[NH2+],-61.50%,-29.10%,39.60%,7861,22.92,40,144,202.8,98.8,1.68,185
,"amino(hydrazineyl)methaniminium (5-methyl-1,2,4-oxadiazol-3-yl)dinitromethanide",,Cc1nc([C-]([N+](=O)[O-])[N+](=O)[O-])no1.NNC(N)=[NH2+],-61%,-30.50%,42.70%,7920,23.07,40,160,209,1.9,1.653,147
,"ammonium (5-methyl-1,2,4-oxadiazol-3-yl)dinitromethanide",,Cc1nc([C-]([N+](=O)[O-])[N+](=O)[O-])no1.[NH4+],-50.70%,-19.50%,34.10%,8002,25.16,40,240,222.6,71.9,1.674,161
,"dihydrazinylmethaniminium (5-methyl-1,2,4-oxadiazol-3-yl)dinitromethanide",,Cc1nc([C-]([N+](=O)[O-])[N+](=O)[O-])no1.[NH3+]O,-39.80%,-10.90%,31.70%,8239,28.42,40,160,248.1,25.8,1.696,146
1558515,"Ammonium 3-dinitromethyl-1,2,4-oxadiazole",,O=[N+]([O-])[C-](c1ncon1)[N+](=O)[O-].[NH4+],-29.30%,-4.20%,36.60%,8301,29.4,9,120,246.9,29.74,1.74,140
,"Hydrazinium 3-dinitromethyl-1,2,4-oxadiazole",,N[NH3+].O=[N+]([O-])[C-](c1ncon1)[N+](=O)[O-],-31.10%,-7.80%,40.80%,8843,34.3,6,144,257.8,118.82,1.81,132
,"3-Dinitromethyl-1,2,4-oxadiazole",,O=[N+]([O-])C(c1ncon1)[N+](=O)[O-],-18.40%,9.20%,32.20%,8527,32.3,4,84,252.4,20.57,1.85,165
1558514,"Hydroxylammonium 3-dinitromethyl-1,2,4-oxadiazole",,O=[N+]([O-])[C-](c1ncon1)[N+](=O)[O-].[NH3+]O,-19.30%,3.90%,33.80%,8793,35.5,6,128,266.8,16.74,1.84,156
,"Diammonium Bis(2,2’-dinitro)-(1,2,4-oxadiazol-3,5-ate)",,O=[N+]([O-])[C-](c1noc([C-]([N+](=O)[O-])[N+](=O)[O-])n1)[N+](=O)[O-].[NH4+].[NH4+],-15.40%,5.10%,35.90%,,,3,120,,,1.75,130
1028788,oxy-bridged bis(dinitromethyl)furazan,,O=[N+]([O-])C(c1nonc1Oc1nonc1C([N+](=O)[O-])[N+](=O)[O-])[N+](=O)[O-],-8.80%,17.70%,30.90%,8715.3,34.8,2,,263.2,167,1.83,196
,Dihydrazidinium oxy-bridged bis(dinitromethyl)furazan,,N[NH3+].N[NH3+].O=[N+]([O-])[C-](c1nonc1Oc1nonc1[C-]([N+](=O)[O-])[N+](=O)[O-])[N+](=O)[O-],-22.50%,0%,39.40%,9049.6,38,7.5,,268.3,327.1,1.88,199.4
1041566,Diammonium oxy-bridged bis(dinitromethyl)furazan,,O=[N+]([O-])[C-](c1nonc1Oc1nonc1[C-]([N+](=O)[O-])[N+](=O)[O-])[N+](=O)[O-].[NH4+].[NH4+],-20.20%,4%,35.30%,8719.7,34.9,5,,259.3,30,1.81,188.3
,Dihydroxylammonium oxy-bridged bis(dinitromethyl)furazan,,O=[N+]([O-])[C-](c1nonc1Oc1nonc1[C-]([N+](=O)[O-])[N+](=O)[O-])[N+](=O)[O-].[NH3+]O.[NH3+]O,-11.20%,11.20%,32.70%,9072.7,37.8,4.5,,272.7,135,1.85,131.5
1028789,"Bis(guanidnium) 3,30 -bis(dinitromethyl)difurazanyl ether",,N[C+](N)N.N[C+](N)N.O=[N+]([O-])[C-](c1nonc1Oc1nonc1[C-]([N+](=O)[O-])[N+](=O)[O-])[N+](=O)[O-],-36.60%,-10%,40.80%,8055.2,29,32.5,,230.4,25.3,1.74,186.6
,Bis(N-carbamoylguanidinium) oxy-bridged bis(dinitromethyl)- furazan,,NC(=O)N[C+](N)N.NC(=O)N[C+](N)N.O=[N+]([O-])[C-](c1nonc1Oc1nonc1[C-]([N+](=O)[O-])[N+](=O)[O-])[N+](=O)[O-],-39.60%,-11.30%,39.60%,7828.9,27.8,15,,208.3,372.9,1.81,189.3
,Bis(triaminoguanidnium) oxy-bridged bis(dinitromethyl)- furazan,,NN[C+](NN)NN.NN[C+](NN)NN.O=[N+]([O-])[C-](c1nonc1Oc1nonc1[C-]([N+](=O)[O-])[N+](=O)[O-])[N+](=O)[O-],-39.30%,-16.80%,49.10%,8045.8,27.7,4,,249.6,715.9,1.65,191.6
1041345,Bis(guanidylguanidinium) oxy-bridged bis(dinitromethyl)- furazan,,N=C(N)N[C+](N)N.N=C(N)N[C+](N)N.O=[N+]([O-])[C-](c1nonc1Oc1nonc1[C-]([N+](=O)[O-])[N+](=O)[O-])[N+](=O)[O-],-48.20%,-19.80%,44.70%,7582.2,24.9,21,,215.8,192.9,1.69,221.1
,"5,6-Di(trinitroethyl)furazano[3,4-b]pyrazine",,O=[N+]([O-])C(CNc1nc2nonc2nc1NCC([N+](=O)[O-])([N+](=O)[O-])[N+](=O)[O-])([N+](=O)[O-])[N+](=O)[O-],-20.10%,6.70%,35.10%,8409,32.1,7,,254.4,110,1.8,190
941853,"3,4-Bis(N,2,2,2-tetranitroethylamino)-furazan",,O=[N+]([O-])N(CC([N+](=O)[O-])([N+](=O)[O-])[N+](=O)[O-])c1nonc1N(CC([N+](=O)[O-])([N+](=O)[O-])[N+](=O)[O-])[N+](=O)[O-],9.30%,27.90%,32.50%,8618,34.5,2,,263.5,503.5,1.879,127
1044723,"3,4-dinitro-1-(trinitromethyl)-1H-pyrazole",,O=[N+]([O-])c1cn(C([N+](=O)[O-])([N+](=O)[O-])[N+](=O)[O-])nc1[N+](=O)[O-],7.80%,28.70%,31.90%,8668,35.5,8,130,257.89,244,1.906,141
1044725,"3,5-dinitro-1-(trinitromethyl)-1H-pyrazole",,O=[N+]([O-])c1cc([N+](=O)[O-])n(C([N+](=O)[O-])([N+](=O)[O-])[N+](=O)[O-])n1,7.80%,28.70%,31.90%,8733,36.64,9,145,256.3,206,1.937,143
,"bis(3,4-dinitro-1-(trinitromethyl)-1H-pyrazol-5-yl)methanone",,O=C(c1c([N+](=O)[O-])c([N+](=O)[O-])nn1C([N+](=O)[O-])([N+](=O)[O-])[N+](=O)[O-])c1c([N+](=O)[O-])c([N+](=O)[O-])nn1C([N+](=O)[O-])([N+](=O)[O-])[N+](=O)[O-],7.50%,30%,30.60%,9320,40,9,215,254,544.15,2.02,125
1811781,"4,4',5,5'-tetranitro-2'-(trinitromethyl)-1H,2'H-3,3'-bipyrazole",,O=[N+]([O-])c1nn(C([N+](=O)[O-])([N+](=O)[O-])[N+](=O)[O-])c(-c2n[nH]c([N+](=O)[O-])c2[N+](=O)[O-])c1[N+](=O)[O-],-1.70%,22.50%,33.30%,8987,36,5,240,260.4,347.4,1.882,150
1442349,Hydrazinium 1-dinitromethyl-3-nitropyrazole,,N[NH3+].O=[N+]([O-])c1ccn([C-]([N+](=O)[O-])[N+](=O)[O-])n1,-35.30%,-9.60%,39.30%,8560,31.2,26,128,259.9,218.1,1.73,191.2
2352810,"4-methyl-3,5-dinitro-1-(trinitromethyl)-1H-pyrazole",,Cc1c([N+](=O)[O-])nn(C([N+](=O)[O-])([N+](=O)[O-])[N+](=O)[O-])c1[N+](=O)[O-],-7.50%,17.40%,30.50%,8602,31.9,1.5,120,267,123.3,1.79,152
1442344,1-Dinitromethyl-3-nitropyrazole,,O=[N+]([O-])c1ccn(C([N+](=O)[O-])[N+](=O)[O-])n1,-25.80%,3.70%,32.20%,8530,32.1,16,260,266.5,185.8,1.77,135.8
1442347,Hydroxylammonium 1-dinitromethyl-3-nitropyrazole,,O=[N+]([O-])c1ccn([C-]([N+](=O)[O-])[N+](=O)[O-])n1.[NH3+]O,-25.60%,0%,33.60%,8570,32.9,19,144,269,130.1,1.75,179.3
1442353,Guanidinium 1-dinitromethyl-3-nitropyrazole,,NC(N)=[NH2+].O=[N+]([O-])c1ccn([C-]([N+](=O)[O-])[N+](=O)[O-])n1,-46.30%,-17.40%,40.60%,7980,24.8,35,324,221.7,32.9,1.68,194.2
1442352,Ammonium 1-dinitromethyl-3-nitropyrazole,,O=[N+]([O-])c1ccn([C-]([N+](=O)[O-])[N+](=O)[O-])n1.[NH4+],-34.20%,-6.80%,35.90%,8250,28.5,21,192,252.7,84.6,1.7,196.4
2355756,"5-methyl-3,4-dinitro-1-(trinitromethyl)-1H-pyrazole",,Cc1c([N+](=O)[O-])c([N+](=O)[O-])nn1C([N+](=O)[O-])([N+](=O)[O-])[N+](=O)[O-],-7.50%,17.40%,30.50%,8498,31,1.4,120,268,140.3,1.76,148
2206103,"3,3',5,5'-tetranitro-1,1'-bis(trinitromethyl)-1H,1'H-4,4'-bipyrazole",,O=[N+]([O-])c1nn(C([N+](=O)[O-])([N+](=O)[O-])[N+](=O)[O-])c([N+](=O)[O-])c1-c1c([N+](=O)[O-])nn(C([N+](=O)[O-])([N+](=O)[O-])[N+](=O)[O-])c1[N+](=O)[O-],10.50%,31.40%,32%,9149,37.36,13,240,255.5,600.96,1.981,156
2252080,"1H-Pyrazole-4-carboxamide, N,3,5-trinitro-1-(trinitromethyl)-",,O=C(N[N+](=O)[O-])c1c([N+](=O)[O-])nn(C([N+](=O)[O-])([N+](=O)[O-])[N+](=O)[O-])c1[N+](=O)[O-],10.10%,30.40%,31.90%,8817,33.8,7,100,253,231.8,1.91,138
2152132,10.1039/d2ra06149j,,N#[N+][c-]1c([N+](=O)[O-])nn(C([N+](=O)[O-])([N+](=O)[O-])[N+](=O)[O-])c1=O,5.30%,26.30%,36.80%,9023,35.2,3,50,263.5,479.75,1.891,128
1538913,"Diammonium 1,4-bis(dinitromethyl)-3,6-dinitro-1,4-dihydropyrazolo[4,3-c]pyrazole",,O=[N+]([O-])c1nn([C-]([N+](=O)[O-])[N+](=O)[O-])c2c([N+](=O)[O-])nn([C-]([N+](=O)[O-])[N+](=O)[O-])c12.[NH4+].[NH4+],-14.50%,7.30%,38.20%,8677,33.01,3,90,265.9,188.85,1.784,169
1870546,"Dihydrazinium 1,4-bis(dinitromethyl)-3,6-dinitro-1,4-dihydropyrazolo[4,3-c]pyrazole",,N[NH3+].N[NH3+].O=[N+]([O-])c1nn([C-]([N+](=O)[O-])[N+](=O)[O-])c2c([N+](=O)[O-])nn([C-]([N+](=O)[O-])[N+](=O)[O-])c12,-17%,3.40%,41.70%,8984,36.12,5,60,274,497.49,1.813,165
2443054,"Hydrazinium Salt of (4-Amino-5-nitro-2-oxido-7H-pyrazolo- [3,4-d][1,2,3]triazin-7-yl)dinitromethanide",,N[NH3+].Nc1n[n+]([O-])nc2c1c([N+](=O)[O-])nn2[C-]([N+](=O)[O-])[N+](=O)[O-],-31.20%,-7.20%,46.20%,8950,34.2,40,360,244.2,285.34,1.858,191
2443050,"4-Amino-5-nitro-7-(trinitromethyl)-7H-pyrazolo[3,4-d]- [1,2,3]triazine 2-oxide",,Nc1n[n+]([O-])nc2c1c([N+](=O)[O-])nn2C([N+](=O)[O-])([N+](=O)[O-])[N+](=O)[O-],-9.20%,13.90%,40.40%,9039,35.8,1.5,142,256.6,197.7,1.895,156
2165694,1-dinitromethyl-4-diazo-3-nitro-5-oxo-pyrazole,,N#[N+]c1c([N+](=O)[O-])nn(C([N+](=O)[O-])[N+](=O)[O-])c1[O-],-9.30%,15.40%,37.80%,8760,32.9,2,16,263,227.1,1.82,116
2443051,"5-Nitro-4-oxo-7-(trinitromethyl)-4,7-dihydro-3H-pyrazolo- [3,4-d][1,2,3]triazine-2-oxide",,O=c1[nH][n+]([O-])nc2c1c([N+](=O)[O-])nn2C([N+](=O)[O-])([N+](=O)[O-])[N+](=O)[O-],-2.30%,20.70%,36.30%,8924,34.4,4,160,251.4,44.84,1.898,169
,"Dihydroxylammonium 1,4-bis(dinitromethyl)-3,6-dinitro- 1,4-dihydropyrazolo[4,3-c]pyrazole",,O=[N+]([O-])c1nn([C-]([N+](=O)[O-])[N+](=O)[O-])c2c([N+](=O)[O-])nn([C-]([N+](=O)[O-])[N+](=O)[O-])c12.[NH3+]O.[NH3+]O,-6.80%,13.60%,35.60%,9148,37.28,2,20,273.8,288.78,1.855,187
2165695,1-trinitromethyl-4-diazo-3-nitro-5-oxo-pyrazole,,N#[N+]c1c([N+](=O)[O-])nn(C([N+](=O)[O-])([N+](=O)[O-])[N+](=O)[O-])c1[O-],5.30%,26.30%,36.80%,9012,35.2,3,50,258,314.2,1.92,130
,"2-(1-(dinitromethyl)-3-nitro-1H-1,2,4-triazol-5-yl)-6-nitro-3-oxo-2,5-dihydro-3H-[1,2,4]triazolo[4,3-b][1,2,4]triazole 1-oxide",,O=c1n(-c2nc([N+](=O)[O-])nn2C([N+](=O)[O-])[N+](=O)[O-])[n+]([O-])c2nc([N+](=O)[O-])[nH]n12,-11.90%,11.90%,41.80%,9164,37.4,8,180,260.7,418.25,1.91,129
,"monocyclic 1-trinitromethyl-3,5-dinitro-1,2,4-triazole",,O=[N+]([O-])c1nc([N+](=O)[O-])n(C([N+](=O)[O-])([N+](=O)[O-])[N+](=O)[O-])n1,20.80%,36.40%,36.40%,8686,32.1,5,112,237,207.9,1.958,143
,"ammonium 2-(1-(dinitromethaneidyl)-3-nitro-1H-1,2,4-triazol-5-yl)-6-nitro-3-oxo-2,3-dihydro-[1,2,4]triazolo[4,3-b][1,2,4]triazol-7-ide",,O=c1n(-c2nc([N+](=O)[O-])nn2[C-]([N+](=O)[O-])[N+](=O)[O-])nc2nc([N+](=O)[O-])[n-]n12.[NH4+].[NH4+],-26.70%,-3.80%,46.60%,8410,29.2,4,120,241.6,252.12,1.78,175
,"ammonium 2-(1-(dinitromethaneidyl)-3-nitro-1H-1,2,4-triazol-5-yl)-6-nitro-1-oxido-3-oxo-2,3-dihydro-[1,2,4]triazolo[4,3-b][1,2,4]triazol-5-ide",,O=c1n(-c2nc([N+](=O)[O-])nn2[C-]([N+](=O)[O-])[N+](=O)[O-])[n+]([O-])c2nc([N+](=O)[O-])[n-]n12.[NH4+].[NH4+],-22%,0%,44.90%,8727,32.6,10,240,253.1,305.35,1.83,202
1506811,"N-(3-Nitro-1-(trinitromethyl)-1H-1,2,4-triazol-5-yl)nitramide",,O=[N+]([O-])Nc1nc([N+](=O)[O-])nn1C([N+](=O)[O-])([N+](=O)[O-])[N+](=O)[O-],17.30%,32.20%,39%,9033,34.2,4,144,210.9,223.12,1.97,121
1442342,Guanidinium 1-dinitromethyl-3-nitrotriazole,,NC(N)=[NH2+].O=[N+]([O-])c1ncn([C-]([N+](=O)[O-])[N+](=O)[O-])n1,-31.80%,-8.70%,45.50%,8240,27.6,26,196,233,47.9,1.72,188.8
1442343,Ammonium 1-dinitromethyl-3-nitrotriazole,,O=[N+]([O-])c1ncn([C-]([N+](=O)[O-])[N+](=O)[O-])n1.[NH4+],-17%,3.40%,41.70%,8520,31.5,12,160,261.8,99.6,1.74,176.6
1442345,Hydrazinium 1-dinitromethyl-3-nitrotriazole,,N[NH3+].O=[N+]([O-])c1ncn([C-]([N+](=O)[O-])[N+](=O)[O-])n1,-19.20%,0%,44.80%,8740,33.3,9,120,268.2,234.7,1.76,179.2
1442398,Hydroxylammonium 1-dinitromethyl-3-nitrotriazole,,O=[N+]([O-])c1ncn([C-]([N+](=O)[O-])[N+](=O)[O-])n1.[NH3+]O,-9.60%,9.60%,39%,9050,36.7,15,144,272.5,142.5,1.84,182
,1-Dinitromethyl-3-nitrotriazole,,O=[N+]([O-])c1ncn(C([N+](=O)[O-])[N+](=O)[O-])n1,-7.30%,14.70%,38.50%,9050,37,7,252,270,234.8,1.85,130.5
1502834,"5-Amino-tetrazolium N-(3-nitro-1-(trinitromethyl)-1H-1,2,4- triazol-5-yl)nitramidate",,O=[N+]([O-])/N=c1\[n-]c([N+](=O)[O-])nn1C([N+](=O)[O-])([N+](=O)[O-])[N+](=O)[O-].[NH3+]c1nnn[nH]1,0%,15.70%,48%,8910,33,1,20,268.7,627.68,1.77,135
1506810,"Hydroxylammonium N-(3-nitro-1-(trinitromethyl)-1H-1,2,4- triazol-5-yl)nitramidate",,O=[N+]([O-])/N=c1\[n-]c([N+](=O)[O-])nn1C([N+](=O)[O-])([N+](=O)[O-])[N+](=O)[O-].[NH3+]O,13.50%,27%,39.30%,8861,32.8,4,32,253.3,229.17,1.86,126
1502830,"3,5-Diamino-triazolium N-(3-nitro-1-(trinitromethyl)-1H-1,2,4- triazol-5-yl)nitramidate",,Nc1n[nH+]c(N)[nH]1.O=[N+]([O-])/N=c1\[n-]c([N+](=O)[O-])nn1C([N+](=O)[O-])([N+](=O)[O-])[N+](=O)[O-],-11.40%,7.60%,46.40%,8774,32.8,1,24,262,365.47,1.79,131
1506808,"Ammonium N-(3-nitro-1-(trinitromethyl)-1H-1,2,4-triazol-5-yl)- nitramidate",,O=[N+]([O-])/N=c1\[n-]c([N+](=O)[O-])nn1C([N+](=O)[O-])([N+](=O)[O-])[N+](=O)[O-].[NH4+],9.40%,23.50%,41.20%,9039,34.4,2,28,254.6,179.52,1.88,135
,"Aminoguanidinium N-(3-nitro-1-(trinitromethyl)-1H-1,2,4- triazol-5-yl)nitramidate",,NNC(N)=[NH2+].O=[N+]([O-])/N=c1\[n-]c([N+](=O)[O-])nn1C([N+](=O)[O-])([N+](=O)[O-])[N+](=O)[O-],-6%,10.10%,45.80%,8999,34.2,1,36,265.8,248.85,1.81,137
1506809,"Hydrazinium N-(3-nitro-1-(trinitromethyl)-1H-1,2,4-triazol-5-yl)- nitramidate",,N[NH3+].O=[N+]([O-])/N=c1\[n-]c([N+](=O)[O-])nn1C([N+](=O)[O-])([N+](=O)[O-])[N+](=O)[O-],6.80%,20.30%,43.40%,9154,35.3,2,24,263.7,329.97,1.85,134
1529057,"5,5’-Dinitro-3,3’-bis-1,2,4-triazole-2,2’-dinitromethyl",,O=[N+]([O-])c1nc(-c2nc([N+](=O)[O-])nn2C([N+](=O)[O-])[N+](=O)[O-])n(C([N+](=O)[O-])[N+](=O)[O-])n1,-3.70%,18.40%,38.70%,9394,39.7,4,120,262.6,391.12,1.954,166
1502833,"4-Amino-triazolium N-(3-nitro-1-(trinitromethyl)-1H-1,2,4- triazol-5-yl)nitramidate",,Nn1cn[nH+]c1.O=[N+]([O-])/N=c1\[n-]c([N+](=O)[O-])nn1C([N+](=O)[O-])([N+](=O)[O-])[N+](=O)[O-],-9.80%,9.80%,44.70%,8895,34.1,1,28,270.5,525.48,1.79,136
,"Dihydroxylammonium 5,5’-dinitro-3,3’-bis-1,2,4-triazole-2,2’- dinitromethyl",,O=[N+]([O-])c1nc(-c2nc([N+](=O)[O-])nn2[C-]([N+](=O)[O-])[N+](=O)[O-])n([C-]([N+](=O)[O-])[N+](=O)[O-])n1.[NH3+]O.[NH3+]O,-6.40%,12.80%,39.20%,9166,36.9,15,240,277.9,359.69,1.856,173
,"Diaminoguanidinium 5,5’-dinitro-3,3’-bis-1,2,4-triazole-2,2’- dinitromethyl",,N=C(N)N[NH3+].N=C(N)N[NH3+].O=[N+]([O-])c1nc(-c2nc([N+](=O)[O-])nn2[C-]([N+](=O)[O-])[N+](=O)[O-])n([C-]([N+](=O)[O-])[N+](=O)[O-])n1,-30.20%,-8.20%,48.10%,8462,28.9,23,360,244.8,464.04,1.721,192
1529069,"Diammonium 5,5’-dinitro-3,3’-bis-1,2,4-triazole-2,2’-dinitromethyl",,O=[N+]([O-])c1nc(-c2nc([N+](=O)[O-])nn2[C-]([N+](=O)[O-])[N+](=O)[O-])n([C-]([N+](=O)[O-])[N+](=O)[O-])n1.[NH4+].[NH4+],-13.70%,6.80%,41.90%,8625,32.1,11,240,263.8,267.95,1.763,204
,"Dihydrazinium 5,5’-dinitro-3,3’-bis-1,2,4-triazole-2,2’-dinitromethyl",,N[NH3+].N[NH3+].O=[N+]([O-])c1nc(-c2nc([N+](=O)[O-])nn2[C-]([N+](=O)[O-])[N+](=O)[O-])n([C-]([N+](=O)[O-])[N+](=O)[O-])n1,-16.10%,3.20%,45%,8913,34.7,10,120,262,575.56,1.8,228
,"Diguanidunium 5,5’-dinitro-3,3’-bis-1,2,4-triazole-2,2’-dinitromethyl",,NC(N)=[NH2+].NC(N)=[NH2+].O=[N+]([O-])c1nc(-c2nc([N+](=O)[O-])nn2[C-]([N+](=O)[O-])[N+](=O)[O-])n([C-]([N+](=O)[O-])[N+](=O)[O-])n1,-29%,-5.80%,45.60%,8448,29.1,28,360,239.2,238.28,1.756,224
1824048,"2-(trinitromethyl)-2H-1,2,3-triazole-4,5-dicarbonitrile",,N#Cc1nn(C([N+](=O)[O-])([N+](=O)[O-])[N+](=O)[O-])nc1C#N,-23.90%,6%,41.80%,8619,30.8,1.25,32,266.2,564,1.73,142
1442350,Hydrazinium 1-dinitromethyl-3-nitrotetrazole,,N[NH3+].O=[N+]([O-])c1nnn([C-]([N+](=O)[O-])[N+](=O)[O-])n1,-3.20%,9.60%,50.20%,9230,37.1,9,10,273.1,288.9,1.81,138.3
,Hydroxylammonium 1-dinitromethyl-3-nitrotetrazole,,O=[N+]([O-])c1nnn([C-]([N+](=O)[O-])[N+](=O)[O-])n1.[NH3+]O,6.30%,19%,44.40%,9150,36.9,6,18,263.1,202.2,1.87,138.9
,2-Dinitromethyl-5-nitrotetrazole,,O=[N+]([O-])c1nnn(C([N+](=O)[O-])[N+](=O)[O-])n1,11%,25.60%,44.70%,9220,38.5,5,80,256,311.4,1.97,109.3
1442351,Ammonium 1-dinitromethyl-3-nitrotetrazole,,O=[N+]([O-])c1nnn([C-]([N+](=O)[O-])[N+](=O)[O-])n1.[NH4+],0%,13.60%,47.40%,8930,34.2,7,20,264.5,154.4,1.79,145.2
1442346,Guanidinium 1-dinitromethyl-3-nitrotetrazole,,NC(N)=[NH2+].O=[N+]([O-])c1nnn([C-]([N+](=O)[O-])[N+](=O)[O-])n1,-17.30%,0%,50.30%,8510,30.5,12,40,246.6,103.6,1.76,174.2
1442348,"2,2-Dinitro-2-(5-nitrotetrazol-2)ethanol",,O=[N+]([O-])c1nnn(C(CO)([N+](=O)[O-])[N+](=O)[O-])n1,-3.20%,16.10%,39.30%,8730,33,9,160,262.9,98.2,1.79,123.9
1836407,"3,3',5,5'-tetranitro-1H,1'H-4,4'-bipyrazole",,O=[N+]([O-])c1n[nH]c([N+](=O)[O-])c1-c1c([N+](=O)[O-])n[nH]c1[N+](=O)[O-],-25.50%,5.10%,35.70%,8520,31.1,4.5,192,250.5,227.8,1.82,298
1836408,"4,4′-Bi-1H-pyrazole, 3,3′,5,5′-tetranitro-, hydrate (1:1) (ACI)",,O.O=[N+]([O-])c1n[nH]c([N+](=O)[O-])c1-c1c([N+](=O)[O-])n[nH]c1[N+](=O)[O-],-24.10%,4.80%,33.70%,8451,30.7,9,324,245.1,11,1.83,298
1836405,"3,5-Dinitro-4,40 -bipyrazole",,O=[N+]([O-])c1n[nH]c([N+](=O)[O-])c1-c1cn[nH]c1,-71.40%,-28.60%,37.50%,7873,24.9,30,360,228.1,371.7,1.813,302
1836406,"3,3',5-trinitro-1H,1'H-4,4'-bipyrazole",,O=[N+]([O-])c1n[nH]cc1-c1c([N+](=O)[O-])n[nH]c1[N+](=O)[O-],-44.60%,-8.90%,36.40%,8256,28.6,20,360,226.6,224.9,1.855,314
,"Aminoguanidinium salt of 2,6-bis(picrylamino)-3,5-dinitropyri- dine",,NNC(N)=[NH2+].NNC(N)=[NH2+].O=[N+]([O-])c1cc([N+](=O)[O-])c([N-]c2nc([N-]c3c([N+](=O)[O-])cc([N+](=O)[O-])cc3[N+](=O)[O-])c([N+](=O)[O-])cc2[N+](=O)[O-])c([N+](=O)[O-])c1,-65.50%,-26%,34.60%,7682,22.6,40,360,214.9,384.2,1.67,183
,"Hydroxylammonium salt of 2,6-bis(picrylamino)-3,5-dinitropyri- dine",,O=[N+]([O-])c1cc([N+](=O)[O-])c([N-]c2nc([N-]c3c([N+](=O)[O-])cc([N+](=O)[O-])cc3[N+](=O)[O-])c([N+](=O)[O-])cc2[N+](=O)[O-])c([N+](=O)[O-])c1.[NH3+]O.[NH3+]O,-52.40%,-12.80%,26.50%,7910,26.4,5,324,237,382.1,1.71,333
1429065,"Guanidinium salt of 2,6-bis(picrylamino)-3,5-dinitropyridine",,NC(N)=[NH2+].NC(N)=[NH2+].O=[N+]([O-])c1cc([N+](=O)[O-])c([N-]c2nc([N-]c3c([N+](=O)[O-])cc([N+](=O)[O-])cc3[N+](=O)[O-])c([N+](=O)[O-])cc2[N+](=O)[O-])c([N+](=O)[O-])c1,-66%,-24.90%,32.20%,7343,20.3,40,360,209.8,169,1.62,227
,"Triaminoguanidinium salt of 2,6-bis(picrylamino)-3,5-dinitropyri- dine",,NNC(NN)=[NH+]N.NNC(NN)=[NH+]N.O=[N+]([O-])c1cc([N+](=O)[O-])c([N-]c2nc([N-]c3c([N+](=O)[O-])cc([N+](=O)[O-])cc3[N+](=O)[O-])c([N+](=O)[O-])cc2[N+](=O)[O-])c([N+](=O)[O-])c1,-64.60%,-28%,38.80%,7710,22.4,20,360,223.5,799,1.62,233
,"Ammonium salt of 2,6-bis(picrylamino)-3,5-dinitropyridine",,O=[N+]([O-])c1cc([N+](=O)[O-])c([N-]c2nc([N-]c3c([N+](=O)[O-])cc([N+](=O)[O-])cc3[N+](=O)[O-])c([N+](=O)[O-])cc2[N+](=O)[O-])c([N+](=O)[O-])c1.[NH4+].[NH4+],-59.80%,-18.30%,27.80%,7815,24.9,40,360,223.2,273.5,1.72,276
1429070,"2,6-Bis(picrylamino)-3,5-dinitropyridine",PYX,O=[N+]([O-])c1cc([N+](=O)[O-])c(Nc2nc(Nc3c([N+](=O)[O-])cc([N+](=O)[O-])cc3[N+](=O)[O-])c([N+](=O)[O-])cc2[N+](=O)[O-])c([N+](=O)[O-])c1,-55.40%,-11.60%,24.80%,7713,24.5,10,360,214.8,43.7,1.757,360
,"Hydrazinium salt of 2,6-bis(picrylamino)-3,5-dinitropyridine",,N[NH3+].N[NH3+].O=[N+]([O-])c1cc([N+](=O)[O-])c([N-]c2nc([N-]c3c([N+](=O)[O-])cc([N+](=O)[O-])cc3[N+](=O)[O-])c([N+](=O)[O-])cc2[N+](=O)[O-])c([N+](=O)[O-])c1,-59.50%,-19.80%,30.60%,7715,23.8,10,360,230.7,553.9,1.65,205
,"3,5-di(3,5-dinitropyrazol-4-yl)]-4-nitro-1H-pyrazole",,O=[N+]([O-])c1n[nH]c([N+](=O)[O-])c1-c1n[nH]c(-c2c([N+](=O)[O-])n[nH]c2[N+](=O)[O-])c1[N+](=O)[O-],-35.70%,-1.90%,36.20%,8345,29.7,30,360,238.8,387.4,1.85,300
2086096,"3,5-dinitro-1H-pyrazol-4-ol",,O=[N+]([O-])c1n[nH]c([N+](=O)[O-])c1O,-18.40%,9.20%,32.20%,8541,32.25,32,160,228.3,76.8,1.86,172
,"(E)-1,2-bis(5-(3,5-dinitro-1H-pyrazol-4-yl)-1,3,4-oxadiazol-2-yl)diazene",,O=[N+]([O-])c1n[nH]c([N+](=O)[O-])c1-c1nnc(/N=N/c2nnc(-c3c([N+](=O)[O-])n[nH]c3[N+](=O)[O-])o2)o1,-36.80%,-3.30%,41%,8887,34.8,35,324,250.4,935.6,1.88,268
1835062,"3,5-Dinitro-1H-pyrazole",DNP,O=[N+]([O-])c1cc([N+](=O)[O-])[nH]n1,-30.40%,0%,35.40%,8279,28.9,25,360,245.3,73.2,1.78,299
2212340,"(E)-N-(5-(3,5-dinitro-1H-pyrazol-4-yl)-1,3,4-oxadiazol-2(3H)-ylidene)nitramide",,O=[N+]([O-])/N=c1\[nH]nc(-c2c([N+](=O)[O-])n[nH]c2[N+](=O)[O-])o1,-22.40%,5.60%,39.10%,8895,34.9,40,360,264.7,412.1,1.84,180
2248513,"4,4'-(2,5-dinitro-1,4-phenylene)bis(3,5-dinitro-1H-pyrazole)",,O=[N+]([O-])c1cc(-c2c([N+](=O)[O-])n[nH]c2[N+](=O)[O-])c([N+](=O)[O-])cc1-c1c([N+](=O)[O-])n[nH]c1[N+](=O)[O-],-46.60%,-6.70%,29.20%,8304,30.1,40,360,238.3,481.05,1.89,321
1940789,aTRz:DNP (1:1),,O=[N+]([O-])c1cc([N+](=O)[O-])[nH]n1.c1nncn1/N=N/n1cnnc1,-64.60%,-29.80%,52.10%,7718,22.6,13,216,230.7,764.22,1.63,209.9
,"3,5-dinitropyrazole-4-carboxylic acid",CDNP,O=C(O)c1c([N+](=O)[O-])n[nH]c1[N+](=O)[O-],-23.80%,7.90%,27.70%,7881,25.99,40,360,223.7,257.3,1.81,248
,"1,3-bis(3,5-dinitro-1H-pyrazol-4-yl)-4,6-dinitrobenzene",BDPD,O=[N+]([O-])c1cc([N+](=O)[O-])c(-c2c([N+](=O)[O-])n[nH]c2[N+](=O)[O-])cc1-c1c([N+](=O)[O-])n[nH]c1[N+](=O)[O-],-46.60%,-6.70%,29.20%,8278,29.3,40,360,,480.4,1.81,326.2
,"3-(5-(3,5-dinitro-1H-pyrazol-4-yl)-1H-1,2,4-triazol-3-yl)-4-nitro-1,2,5-oxadiazole",,O=[N+]([O-])c1nonc1-c1n[nH]c(-c2c([N+](=O)[O-])n[nH]c2[N+](=O)[O-])n1,-37.90%,-4.70%,41.40%,8200,31,5.5,360,240.1,530,1.79,259
,"hydrazinium 4-(5-(3,5-dinitro-1H-pyrazol-4-yl)-2,4-dinitrophenyl)-3,5-dinitropyrazol-1-ide",,N[NH3+].O=[N+]([O-])c1cc([N+](=O)[O-])c(-c2c([N+](=O)[O-])n[nH]c2[N+](=O)[O-])cc1-c1c([N+](=O)[O-])n[n-]c1[N+](=O)[O-],-50%,-12.50%,32.80%,8100,27.3,40,360,,546.4,1.74,322.4
,"2,5-Bis(3,5-dinitro-1H-pyrazol-4-yl)-1,3,4-oxadiazole",,O=[N+]([O-])c1n[nH]c([N+](=O)[O-])c1-c1nnc(-c2c([N+](=O)[O-])n[nH]c2[N+](=O)[O-])o1,-33.50%,0%,36.60%,8464,30.67,7.5,120,,355.49,1.88,325
,"hydroxylammonium 4-(5-(3,5-dinitro-1H-pyrazol-4-yl)-2,4-dinitrophenyl)-3,5-dinitropyrazol-1-ide",,O=[N+]([O-])c1cc([N+](=O)[O-])c(-c2c([N+](=O)[O-])n[nH]c2[N+](=O)[O-])cc1-c1c([N+](=O)[O-])n[n-]c1[N+](=O)[O-].[NH3+]O,-45.20%,-7.80%,30%,7499,22.8,40,360,,478.5,1.61,319.8
,"(E)-2-(3,5-Dinitro-1H-pyrazole-4-carbonyl)hydrazine-1- carbohydrazonamide",,N/N=C(\N)NNC(=O)c1c([N+](=O)[O-])n[nH]c1[N+](=O)[O-],-49.80%,-20.50%,46.10%,7936,24.21,40,360,,238.72,1.71,286
,"ammonium 4-(5-(3,5-dinitro-1H-pyrazol-4-yl)-2,4-dinitrophenyl)-3,5-dinitropyrazol-1-ide",,O=[N+]([O-])c1cc([N+](=O)[O-])c(-c2c([N+](=O)[O-])n[nH]c2[N+](=O)[O-])cc1-c1c([N+](=O)[O-])n[n-]c1[N+](=O)[O-].[NH4+],-49.90%,-11.30%,31%,8164,28.2,40,360,,423.6,1.78,329
2258335,"N,4-dinitro-5-oxo-1-(trinitromethyl)-2,5-dihydro-1H-pyrazole-3-carboxamide",,O=C(N[N+](=O)[O-])c1[nH]n(C([N+](=O)[O-])([N+](=O)[O-])[N+](=O)[O-])c(=O)c1[N+](=O)[O-],4.40%,26.20%,30.60%,8894,34.2,10,160,255,48.3,1.9,151
2249655,"4,5-dinitro-1-(trinitromethyl)-1H-pyrazole-3-carboxylic acid",,O=C(O)c1nn(C([N+](=O)[O-])([N+](=O)[O-])[N+](=O)[O-])c([N+](=O)[O-])c1[N+](=O)[O-],6.80%,29.60%,27.90%,8775,33.5,8,145,250,2.7,1.92,152
2247999,"1H-Pyrazole-3-carboxamide, N,4,5-trinitro-1-(trinitromethyl)-",,O=C(N[N+](=O)[O-])c1nn(C([N+](=O)[O-])([N+](=O)[O-])[N+](=O)[O-])c([N+](=O)[O-])c1[N+](=O)[O-],10.10%,30.40%,31.90%,8757,33.1,12,240,253,247.9,1.89,146
1567097,1-(4-nitro-1-(trinitromethyl)-1H-pyrazol-3-yl)-1H-tetrazole,,O=[N+]([O-])c1cn(C([N+](=O)[O-])([N+](=O)[O-])[N+](=O)[O-])nc1-n1cnnn1,-14.50%,9.70%,42.40%,8860,34,2.7,290,273,602,1.794,127
1413352,"4,6-dinitrobenzotriazole 1-oxide",,O=[N+]([O-])c1cc([N+](=O)[O-])c2[nH+]nn([O-])c2c1,-60.40%,-17.80%,31.10%,7637,23.3,2,360,224,202,1.69,182
1413351,"5,7-dinitrobenzotriazole",,O=[N+]([O-])c1cc([N+](=O)[O-])c2[nH]nnc2c1,-72.70%,-26.80%,33.50%,7252,19.9,40,360,209.3,179,1.65,291
1848968,"4,4'-dinitro-1H,1'H-[3,3'-bipyrazole]-5,5'-diamine",,Nc1[nH]nc(-c2n[nH]c(N)c2[N+](=O)[O-])c1[N+](=O)[O-],-69.20%,-31.50%,44.10%,7779,23,60,360,204.8,212,1.72,228
1895158,"hydrazinium (4,4'-dinitro-1H,1'H-[3,3'-bipyrazole]-5,5'-diyl)bis(nitroamide)",,N[NH3+].N[NH3+].O=[N+]([O-])[N-]c1[nH]nc(-c2n[nH]c([N-][N+](=O)[O-])c2[N+](=O)[O-])c1[N+](=O)[O-],-39.20%,-15.70%,48%,9118,35.2,10,120,232.2,143.1,1.85,174
,"[3,3′-Bi-1H-pyrazole]-5,5′-diamine, N5,N5′,4,4′-tetranitro-, ammonium salt (1:2)",,O.O.O.O=[N+]([O-])[N-]c1[nH]nc(-c2n[nH]c([N-][N+](=O)[O-])c2[N+](=O)[O-])c1[N+](=O)[O-].[NH4+].[NH4+],-33.30%,-11.10%,38.90%,8262,27.1,20,240,228.4,449.56,1.71,210
,"[3,3′-Bi-1H-pyrazole]-5,5′-diamine, N5,N5′,4,4′-tetranitro-, compd. with hydroxylamine (1:2)",,O.O=[N+]([O-])[N-]c1[nH]nc(-c2n[nH]c([N-][N+](=O)[O-])c2[N+](=O)[O-])c1[N+](=O)[O-].[NH3+]O.[NH3+]O,-26.20%,-3.70%,39.20%,8745,33.8,15,160,89.93,,1.8,183
1852953,"4,4'-dinitro-1H,1'H-3,3'-bipyrazole",,O=[N+]([O-])c1c[nH]nc1-c1n[nH]cc1[N+](=O)[O-],-71.40%,-28.60%,37.50%,8120,26.9,40,360,211.1,221,1.83,365
,"3,50 -Dinitro-20 H-1,30 -bi(1,2,4-triazole)",,O=[N+]([O-])c1n[nH]c(-n2cnc([N+](=O)[O-])n2)n1,-35.40%,-7.10%,49.50%,8364,29,22,160,232.8,361.8,1.78,250
,"5-Amino-1-(3-nitro-1H-1,2,4-triazol-5-yl)-3-nitro-1,2,4-triazole monohydrate",,Nc1nc([N+](=O)[O-])nn1-c1nc([N+](=O)[O-])n[nH]1.O,-34%,-9.30%,48.60%,7867,24.3,40,360,217.8,86.2,1.68,252
1818129,"1,2,10,11-tetranitro-6,7-dihydro-5H-dipyrazolo[1,5-a:5',1'-c][1,4]diazepine",,O=[N+]([O-])c1nn2c(c1[N+](=O)[O-])-c1c([N+](=O)[O-])c([N+](=O)[O-])nn1CCC2,-58.70%,-18.10%,31.60%,7700,24.1,28,360,225.2,280.1,1.677,280
1818132,"2,10-dinitro-6,7-dihydro-5H-bis([1,2,4]triazolo)[1,5-a:5',1'-c][1,4]diazepine",,O=[N+]([O-])c1nc2n(n1)CCCn1nc([N+](=O)[O-])nc1-2,-78.10%,-36.10%,42.10%,7336,19.7,30,360,207.1,307.2,1.634,328
1818128,"1,2,9,10-tetranitro-5,6-dihydrodipyrazolo[1,5-a:5',1'-c]pyrazine",,O=[N+]([O-])c1nn2c(c1[N+](=O)[O-])-c1c([N+](=O)[O-])c([N+](=O)[O-])nn1CC2,-47%,-9.40%,32.90%,8135,28.1,15,360,233.8,326.6,1.762,261
1569362,"1,2,9,10-tetranitrodipyrazolo[1,5-d:5',1'-f][1,2,3,4]tetrazine",,O=[N+]([O-])c1nn2nnn3nc([N+](=O)[O-])c([N+](=O)[O-])c3c2c1[N+](=O)[O-],-18.80%,9.40%,41.20%,,,,,273.7,758.2,1.955,252
1541071,"tetranitro dipyrazolo-1,3,5-triazepane",,O=[N+]([O-])c1nn2c(c1[N+](=O)[O-])Nc1c([N+](=O)[O-])c([N+](=O)[O-])nn1CC2,-47.30%,-11.30%,35.50%,8257,29.2,25,240,228.6,301.9,1.8,307
1818130,"2,9-dinitro-5,6-dihydrobis([1,2,4]triazolo)[1,5-a:5',1'-c]pyrazine",,O=[N+]([O-])c1nc2n(n1)CCn1nc([N+](=O)[O-])nc1-2,-63.50%,-25.40%,44.40%,7838,24.1,22,360,215.3,345.3,1.733,307
,"hydroxylammonium 2,3,5,6-tetranitro-9H-dipyrazolo[1,5-a:5’,1’-d][1,3,5]triazin-4-ide",,O=[N+]([O-])c1nn2c(c1[N+](=O)[O-])[N-]c1c([N+](=O)[O-])c([N+](=O)[O-])nn1C2.[NH3+]O,-34.20%,-4.30%,37.40%,8893,35.9,35,360,254.2,392.9,1.86,221
1541072,"4H,9H-Dipyrazolo[1,5-a:5′,1′-d][1,3,5]triazine, 2,3,5,6-tetranitro-, ammoniate (1:1) (ACI)",,O=[N+]([O-])c1nn2c(c1[N+](=O)[O-])[N-]c1c([N+](=O)[O-])c([N+](=O)[O-])nn1C2.[NH4+],-40.20%,-8.90%,39.10%,8518,31.7,40,360,240.4,347.44,1.82,220
1541073,"2,3,5,6-Tetranitro-4H,9H-dipyrazolo[1,5-a:5′,1′-d][1,3,5]triazine",,O=[N+]([O-])c1nn2c(c1[N+](=O)[O-])Nc1c([N+](=O)[O-])c([N+](=O)[O-])nn1C2,-35.20%,-2.30%,36.90%,8792,34.3,15,240,245.5,375.28,1.895,261
,"hydrazinium 2,3,5,6-tetranitro-9H-dipyrazolo[1,5-a:5’,1’-d][1,3,5]triazin-4- ide",,N[NH3+].O=[N+]([O-])c1nn2c(c1[N+](=O)[O-])[N-]c1c([N+](=O)[O-])c([N+](=O)[O-])nn1C2,-40.70%,-10.70%,41.30%,8690,33.2,25,360,247.2,496.36,1.83,207
,"5,5'-dinitro-2H,2'H-3,3'-bipyrazole",,O=[N+]([O-])c1cc(-c2cc([N+](=O)[O-])n[nH]2)[nH]n1,-71.40%,-28.60%,37.50%,8026,26.2,40,360,212,229.1,1.81,376
,"5,5'-dinitro-2H,2'H-3,3'-bi(1,2,4-triazole)",DNBT,O=[N+]([O-])c1n[nH]c(-c2nc([N+](=O)[O-])n[nH]2)n1,-35.40%,-7.10%,49.50%,8434,29.29,10,360,223.5,285,1.86,256
1940790,aTRz:DNBT (1:1),,O=[N+]([O-])c1n[nH]c(-c2nc([N+](=O)[O-])n[nH]2)n1.c1nncn1/N=N/n1cnnc1,-61.50%,-28.70%,57.40%,7726,22.5,13,240,222.2,920.46,1.63,142.8
1559066,"5-Nitro-4-(5-nitro-1,2,4-triazol-3-yl)-2H-1,2,3-triazole",,O=[N+]([O-])c1n[nH]c(-c2n[nH]nc2[N+](=O)[O-])n1,-35.40%,-7.10%,49.50%,8961,35.2,24,360,255.6,559.59,1.861,210.8
1412792,"2,9-Dinitrobis[1,2,4]triazolo[1,5-d:5′,1′-f][1,2,3,4]tetrazine",,O=[N+]([O-])c1nc2c3nc([N+](=O)[O-])nn3nnn2n1,-25.40%,0%,55.50%,,,5.3,92,265,787,1.907,
2036447,"3-azasydnone-5-nitro-1,2,4-triazole",,O=[N+]([O-])c1n[nH]c(-[n+]2noc([O-])n2)n1,-20.10%,4%,49.20%,8360,28.6,,,247.2,266.82,1.886,
,"Hydrazinium 3-nitro-1,2.4-triazol-5-one",HNTO,N[NH3+].O=c1[n-]c([N+](=O)[O-])n[nH]1,-39.50%,-19.70%,51.80%,,,,,194.6,159,1.65,
,"1-Amino-1,2,4-triazolium 3-Nitro-1,2,4-triazolate-5-one",,Nn1c[nH+]cn1.O=c1[n-]c([N+](=O)[O-])n[nH]1,-59.80%,-29.90%,52.30%,7973,24.8,,,238.3,498.8,1.67,188
,"3-Dinitromethyl-5-nitro-1H-[1,2,4]triazole Hemihydrate",,O=[N+]([O-])c1n[nH]c(C([N+](=O)[O-])[N+](=O)[O-])n1,-7.30%,14.70%,38.50%,9229,9.5,9.5,,243,84.1,1.91,87
729738,"3-Amino-1,2,4-triazolium 3-Nitro-1,2,4-triazolate-5-one",,Nc1[nH]cn[nH+]1.O=c1[n-]c([N+](=O)[O-])n[nH]1,-59.80%,-29.90%,52.30%,8021,24.8,,,223,363.6,1.71,242
2060943,"3,6-Diamino-7H-[1,2,4]triazolo[4,3-b][1,2,4]triazol-2-ium 3- nitro-5-oxo-1,2,4-triazolate",,Nc1nn2c(N)[nH+]nc2[nH]1.O=c1[n-]c([N+](=O)[O-])n[nH]1,-62.40%,-32.70%,57.20%,7912,22.5,40,360,217.7,490.9,1.77,240
,"5-Nitro-3-trinitromethyl-1H-[1,2,4]triazole",,O=[N+]([O-])c1n[nH]c(C([N+](=O)[O-])([N+](=O)[O-])[N+](=O)[O-])n1,9.10%,27.40%,37.30%,8983,35.51,9,,233,123.2,1.94,135
,"5-(5-Amino-1H-1,2,4-triazol-3-yl)-3-nitro-1H-1,2,4-triazole",ANBT,Nc1nc(-c2nc([N+](=O)[O-])n[nH]2)n[nH]1,-65.30%,-32.60%,57.10%,7216,19.4,40,360,198.2,267,1.61,255
1041769,"N3,N6-bis(3-nitro-1H-1,2,4-triazol-5-yl)-1,2,4,5-tetrazine-3,6-diamine",,O=[N+]([O-])c1n[nH]c(Nc2nnc(Nc3nc([N+](=O)[O-])n[nH]3)nn2)n1,-47.60%,-19%,58.30%,,,,,250,741.3,1.87,283.6
,"4-Amino-1,2,4-triazolium 3-Nitro-1,2,4-triazolate-5-one",,Nn1cn[nH+]c1.O=c1[n-]c([N+](=O)[O-])n[nH]1,-59.80%,-29.90%,52.30%,8016,25.1,,,238.2,497.8,1.68,175
1524819,"1,1′-(Ethane-5-yl)bis(3,4-diamino-1,2,4-triazolium) di(3- nitro-1,2,4-triazolate-5-one)",,Nc1nnc(C=Cc2n[nH+]c(N)n2N)n1N.O=c1[n-]c([N+](=O)[O-])n[nH]1,-86.30%,-50%,55.60%,8473,25.2,50,360,225.8,895.5,1.65,276
,"3-Nitro-1H-1,2,4-triazol-4-ium5,5’,5’’,5’’’-(propane-1,1,3,3- tetrayl)tetratetrazol-1-ide",,C(C(c1nnn[n-]1)c1nnn[n-]1)C(c1nnn[n-]1)c1nnn[n-]1.O=[N+]([O-])c1n[nH]c[nH+]1.O=[N+]([O-])c1n[nH]c[nH+]1.O=[N+]([O-])c1n[nH]c[nH+]1.O=[N+]([O-])c1n[nH]c[nH+]1,-62.10%,-31.10%,58%,7530,24.41,,,228.8,1919,1.71,226
935565,"5-(5-Azido-1H-1,2,4-triazol-3-yl)-3-nitro-1H-1,2,4-triazole",AzNBT,[N-]=[N+]=Nc1nc(-c2nc([N+](=O)[O-])n[nH]2)n[nH]1,-50.40%,-21.60%,63%,7823,24.6,8,360,230.2,635,1.68,181
1406854,"3-Hydrazino-4-amino-2H-1,2,4-triazolium 3-nitro-1,2,4-triazolate- 5-one",,NNc1[nH+]ncn1N.O=c1[n-]c([N+](=O)[O-])n[nH]1,-59%,-32.80%,57.30%,7421,23.1,40,,214.6,326.5,1.649,266
,"1-Methyl-5-amino-tetrazolium 3-Nitro-1,2,4-triazolate-5-one",,Cn1nn[nH+]c1N.O=c1[n-]c([N+](=O)[O-])n[nH]1,-59.30%,-31.40%,55%,8010,24.4,,,233.9,502.5,1.65,202
935564,"5-(5-Nitrimino-1,3H-1,2,4-triazol-3-yl)-3-nitro-1H-1,2,4-triazole",NNBT,O=[N+]([O-])/N=c1\[nH]nc(-c2nc([N+](=O)[O-])n[nH]2)[nH]1,-36.50%,-10%,52.30%,7925,26.1,8,360,227.6,360,1.7,150
1446348,"3,5,7-Triamino-7H-s-triazolo[5,1-c]-s-triazolium 3-nitro-1-oxidetriazolate",,Nc1nn2c(N)[nH+]nc2n1N.O=c1[n-]c([N+](=O)[O-])n[nH]1,-61.90%,-33.80%,59.10%,8232,24.2,40,,203.2,353,1.7,256.1
,"hydrazinium (E)-1-(3-nitro-1H-pyrazol-5-yl)-3-(1H-1,2,4-triazol-5-yl)triaz-2-en-1-ide",,N[NH3+].O=[N+]([O-])c1n[nH]c([N-]/N=N/c2ncn[nH]2)n1,-62.50%,-37.50%,65.60%,8598,27,20,,241.6,793.8,1.68,162.1
,"(E)-5-(3-(1H-1,2,4-triazol-5-yl)triaz-1-en-1-yl)-3-nitro-1H-1,2,4-triazole",,O=[N+]([O-])c1n[nH]c(/N=N/Nc2ncn[nH]2)n1,-57.10%,-28.60%,62.50%,8011,24.2,20,,242.9,732.2,1.679,183.5
,"5-nitro-N4-(3-nitro-1H-1,2,4-triazol-5-yl)pyrimidine-2,4,6-triamine",,Nc1nc(N)c([N+](=O)[O-])c(Nc2nc([N+](=O)[O-])n[nH]2)n1,-62.40%,-28.40%,49.60%,8027,24.1,30,360,194.7,175.9,1.861,338.5
,"5-nitro-1',4'-dihydro-2H,5'H-[3,3'-bi(1,2,4-triazol)]-5'-one",,O=c1[nH]nc(-c2nc([N+](=O)[O-])n[nH]2)[nH]1,-52.80%,-20.30%,49.70%,8445,29.5,40,360,219.4,295.9,1.843,185
2225841,"(E)-5,5'-(triaz-1-ene-1,3-diyl)bis(3-nitro-1H-1,2,4-triazole)",,O=[N+]([O-])c1n[nH]c(/N=N/Nc2nc([N+](=O)[O-])n[nH]2)n1,-32.70%,-8.90%,57.20%,9044,34.8,45,,258.1,771.7,1.862,154.6
,"hydroxylammonium (E)-1,3-bis(3-nitro-1H-1,2,4-triazol-5-yl)triaz-2-en-1-ide",,O=[N+]([O-])c1n[nH]c(/N=N/[N-]c2nc([N+](=O)[O-])n[nH]2)n1.[NH3+]O,-31.80%,-10.60%,55.60%,8882,32.6,30,,262.4,719.2,1.785,202.6
,"ammonium (E)-1-(3-nitro-1H-1,2,4-triazol-5-yl)-3-(1H-1,2,4-triazol-5-yl)triaz-2-en-1-ide",,O=[N+]([O-])c1n[nH]c([N-]/N=N/c2ncn[nH]2)n1.[NH4+],-63%,-36.50%,63.90%,8114,23.7,15,,235.6,667.5,1.635,186.4
,"Ammonium 4-nitro-5-(5-nitro-1,2,4-triazol-3-yl)-2H-1,2,3-triazolate",,O=[N+]([O-])c1n[nH]c(-c2n[n-]nc2[N+](=O)[O-])n1.[NH4+],-42.80%,-16.50%,51.80%,8568,30.2,40,360,226.5,333.92,1.804,241.3
,"5-amino-3-hydrazineyl-1H-1,2,4-triazol-4-ium 3-nitro-5-oxo-1,5-dihydro-1,2,4-triazol-4-ide",,NNc1n[nH]c(N)[nH+]1.O=c1[n-]c([N+](=O)[O-])n[nH]1,-59%,-32.80%,57.30%,8348,28.6,40,324,224.4,425.4,1.71,176
,"Hydroxylammonium 4-nitro-5-(5-nitro-1,2,4-triazol-3-yl)-2H- 1,2,3-triazolate",,O=[N+]([O-])c1n[nH]c(-c2n[n-]nc2[N+](=O)[O-])n1.[NH3+]O,-34%,-9.30%,48.60%,8823,33.9,28,320,248.7,385.81,1.832,218.7
,"hydroxylammonium (E)-1-(3-nitro-1H-pyrazol-5-yl)-3-(1H-1,2,4-triazol-5-yl)triaz-2-en-1-ide",,O=[N+]([O-])c1n[nH]c([N-]/N=N/c2ncn[nH]2)n1.[NH3+]O,-52.90%,-28%,59.90%,8345,26.1,15,,244.5,695.3,1.682,187.3
,"Hydrazinium 4-nitro-5-(5-nitro-1,2,4-triazol-3-yl)-2H-1,2,3- triazolate",,N[NH3+].O=[N+]([O-])c1n[nH]c(-c2n[n-]nc2[N+](=O)[O-])n1,-43.40%,-18.60%,54.20%,8966,33.6,36,360,239.8,506,1.837,217
,"bis(3-nitro-1H-1,2,4-triazol- 5-yl)methanone",,O=C(c1nc([N+](=O)[O-])n[nH]1)c1nnc([N+](=O)[O-])[nH]1,-37.80%,-6.30%,44.10%,8476,29.81,40,360,220.9,242.2,1.86,185.2
1125031,"3-Nitro-1,2,4-triazole",,O=[N+]([O-])c1nc[nH]n1,-42.10%,-14%,49.10%,7947,24.81,25,360,226.4,146.57,1.72,217
2233195,"5′ -nitro-3-(1H-tetrazol-5-yl)-2′H-[1,3′ -bi(1,2,4-triazol)]-5-amine",,Nc1nc(-c2nnn[nH]2)nn1-c1nc([N+](=O)[O-])n[nH]1,-60.60%,-30.30%,63.60%,8375,26.8,60,360,227.6,772.01,1.836,361.1
,"5,5'-Dinitro-3,3'-azo-1H-1,2,4-triazole",,O=[N+]([O-])c1n[nH]c(/N=N/c2nc([N+](=O)[O-])n[nH]2)n1,-31.50%,-6.30%,55.10%,8952,34.7,40,360,244,571.79,1.88,289
1434639,"5-(4,5-Dinitro-1H-pyrazol-1-yl)-3-nitro-1H-1,2,4-triazole monohydrate",,O=[N+]([O-])c1n[nH]c(-n2ncc([N+](=O)[O-])c2[N+](=O)[O-])n1,-29.60%,0%,41.50%,8262,29,40,360,228.8,139.6,1.75,330
,"5-Amino-1-(3-nitro-1H-1,2,4-triazol-5-yl)-1H-tetrazole monohydrate",,Nc1nnnn1-c1nc([N+](=O)[O-])n[nH]1.O,-40.90%,-18.60%,58.60%,7852,23,40,360,211.4,223.3,1.65,239
,"5-Amino-3-nitro-1H-1,2,4-triazole",,Nc1nc([N+](=O)[O-])n[nH]1,-43.40%,-18.60%,54.20%,8582,31.5,40,,229.5,201.8,1.819,246
,"1,3-Diazido-2-(azidomethyl)-2-propylammonium 3-Nitro-5-oxo- 1,2,4-triazolide",,O=c1[n-]c([N+](=O)[O-])n[nH]1.[N-]=[N+]=NCC([NH3+])(CN=[N+]=[N-])CN=[N+]=[N-],-68.70%,-39.20%,60.10%,8000,22.91,20,,254.7,1167.6,1.5,172
1836404,"3,3′-Dinitro-4,4′-bi-1H-pyrazole",,O=[N+]([O-])c1n[nH]cc1-c1c[nH]nc1[N+](=O)[O-],-71.40%,-28.60%,37.50%,7528,22.1,30,360,209.1,203.5,1.794,382
1836403,"3-Nitro-4,40 -bipyrazole",,O=[N+]([O-])c1n[nH]cc1-c1cn[nH]c1,-111.60%,-58.10%,39.10%,6506,14.4,40,360,191.2,224.6,1.635,303
,"3,30 -Bis(5-nitro-1,2,3-2H-triazole-4-yl)-4,40 -azo-1,2,4-triazole",,O=[N+]([O-])c1n[nH]nc1-c1nc(/N=N/c2n[nH]c(-c3n[nH]nc3[N+](=O)[O-])n2)n[nH]1,-57.70%,-24.70%,57.70%,8458,29,28,360,238.4,1206.92,1.796,209.5
927358,(4-Nitropryazol-1-yl)-N-[(4-nitropryazol-1-yl)methyl]-N-nitromethanamine,,O=[N+]([O-])c1cnn(CN(Cn2cc([N+](=O)[O-])cn2)[N+](=O)[O-])c1,-71.70%,-30.70%,35.90%,7867,25.1,40,,226,377.2,1.69,262
,"1,1'-dinitro-1H,1'H-3,3'-bipyrazole",,O=[N+]([O-])n1ccc(-c2ccn([N+](=O)[O-])n2)n1,-71.40%,-28.60%,37.50%,8301,28.8,20,240,232.7,413.9,1.81,183
195633,"4,10-Dinitro-2,6,8,12-tetraoxa-4,10-diazaisowurtzitane",TEX,O=[N+]([O-])N1C2OC3OC2N([N+](=O)[O-])C2OC3OC21,-42.70%,-6.10%,21.40%,8182,29.6,23,360,200.4,541,2.008,296.3
197460,"2,4,6,8-Tetranitro-2,4,6,8-tetraazabicyclo[3.3.0] octane",BCHMX,O=[N+]([O-])N1CN([N+](=O)[O-])C2C1N([N+](=O)[O-])CN2[N+](=O)[O-],-16.30%,5.40%,38.10%,9050,37,3,88,266.6,125,1.87,207
,Tetranitroglycolurile,TNGU,O=C1N([N+](=O)[O-])C2C(N1[N+](=O)[O-])N([N+](=O)[O-])C(=O)N2[N+](=O)[O-],5%,24.80%,34.80%,9446,40.2,2.04,54,252.2,41.8,2.04,
673524,"1,3,5,7-tetranitro-1,3,5,7-tetrazocane",HMX,O=[N+]([O-])N1CN([N+](=O)[O-])CN([N+](=O)[O-])CN([N+](=O)[O-])C1,-21.60%,0%,37.80%,9193,37.8,7.4,120,265.1,74,1.91,275
,"2,4,6,8-Tetranitro-2,4,6,8-tetraazabicyclo [3.3.0]octane-3- one",K-55,O=C1N([N+](=O)[O-])C2C(N([N+](=O)[O-])CN2[N+](=O)[O-])N1[N+](=O)[O-],-5.20%,15.60%,36.30%,9183,37.6,,,261.7,23,1.91,
,Tetranitropropane diurea,TNPDU,O=C1N([N+](=O)[O-])C2CC(N1[N+](=O)[O-])N([N+](=O)[O-])C(=O)N2[N+](=O)[O-],-9.50%,14.30%,33.30%,9034,39.38,5.5,80,256.8,81.39,1.93,194
1887531,"1,3,5-Trinitro-1,3,5-triazacyclohexane-2-one",K-6,O=C1N([N+](=O)[O-])CN([N+](=O)[O-])CN1[N+](=O)[O-],-6.80%,13.60%,35.60%,8810,37.98,12.5,,262.3,41.8,1.932,188
2324874,"cyclo-1,3,5-trimethylene-2,4,6-trinitramine",RDX,O=[N+]([O-])N1CN([N+](=O)[O-])CN([N+](=O)[O-])C1,-21.60%,0%,37.80%,8750,34.6,7,120,266.1,66.5,1.82,213
1852956,"2,2',5,5'-tetranitro-2H,2'H-3,3'-bipyrazole",,O=[N+]([O-])c1cc(-c2cc([N+](=O)[O-])nn2[N+](=O)[O-])n([N+](=O)[O-])n1,-25.50%,5.10%,35.70%,8926,35.4,2,60,265.2,444.1,1.855,152
,"3,5-Diamino-triazolium N-(3,4-Dinitro-1H-pyrazol-5-yl)- nitramidate",,Nc1n[nH+]c(N)[nH]1.O=[N+]([O-])[N-]c1[nH]nc([N+](=O)[O-])c1[N+](=O)[O-],-37.80%,-12.60%,48.60%,8629,31.5,30,240,233.6,320.4,1.81,183
1024259,"N-(3,4-Dinitro-1H-pyrazol-5-yl)nitramide",,O=[N+]([O-])Nc1[nH]nc([N+](=O)[O-])c1[N+](=O)[O-],-7.30%,14.70%,38.50%,9430,41.6,4,40,266.1,173.8,1.97,135
,"Aminoguanidinium N-(3,4-Dinitro-1H-pyrazol-5-yl)nitramidate",,NC(N)=N[NH3+].O=[N+]([O-])[N-]c1[nH]nc([N+](=O)[O-])c1[N+](=O)[O-],-32.90%,-11%,47.90%,8745,32.2,24,160,245.1,232.3,1.79,200
,"Guanidinium N-(3,4-Dinitro-1H-pyrazol-5-yl)nitramidate",,NC(N)=[NH2+].O=[N+]([O-])[N-]c1[nH]nc([N+](=O)[O-])c1[N+](=O)[O-],-31.80%,-8.70%,45.50%,8319,28.3,40,360,239.9,122.3,1.72,171
1040462,"Hydrazinium N-(3,4-Dinitro-1H-pyrazol-5-yl)nitramidate",,N[NH3+].O=[N+]([O-])[N-]c1[nH]nc([N+](=O)[O-])c1[N+](=O)[O-],-19.20%,0%,44.80%,9176,38.7,10,120,272.9,293.7,1.86,180
,"Hydroxylammonium N-(3,4-Dinitro-1H-pyrazol-5-yl)nitramidate",,O=[N+]([O-])[N-]c1[nH]nc([N+](=O)[O-])c1[N+](=O)[O-].[NH3+]O,-9.60%,9.60%,39%,9195,38.5,10,80,275.6,193.7,1.86,166
,"1,5-Diamino-tetrazolium N-(3,4-Dinitro-1H-pyrazol-5-yl)- nitramidate",,Nc1n[nH+]nn1N.O=[N+]([O-])[N-]c1[nH]nc([N+](=O)[O-])c1[N+](=O)[O-],-25.10%,-5%,52.80%,9170,37.4,6,60,271.3,720.5,1.84,153
,"4-Amino-triazolium N-(3,4-Dinitro-1H-pyrazol-5-yl)nitramidate",,Nn1cn[nH+]c1.O=[N+]([O-])[N-]c1[nH]nc([N+](=O)[O-])c1[N+](=O)[O-],-37.10%,-10.60%,46.30%,8645,31.9,20,160,252.1,488.9,1.78,177
1024260,"Ammonium N-(3,4-Dinitro-1H-pyrazol-5-yl)nitramidate",,O=[N+]([O-])[N-]c1[nH]nc([N+](=O)[O-])c1[N+](=O)[O-].[NH4+],-17%,3.40%,41.70%,8880,35.6,30,240,265.6,144.2,1.83,195
,"Carbohydrazinium Bis[N-(3,4-dinitro-1H-pyrazol-5-yl)- nitramidate]",,O=[N+]([O-])[N-]c1[nH]nc([N+](=O)[O-])c1[N+](=O)[O-].O=[N+]([O-])[N-]c1[nH]nc([N+](=O)[O-])c1[N+](=O)[O-].[NH3+]NC(=O)N[NH3+],-18.20%,3%,42.60%,8652,32.8,20,120,264.1,416.7,1.77,142
1942572,"4-Azidomethyl-2,6,8,10,12-pentanitro-2,4,6,8,10,12- hexaazaisowurtzitane",,[N-]=[N+]=NCN1C2C3N([N+](=O)[O-])C(C4N([N+](=O)[O-])C1C(N4[N+](=O)[O-])N3[N+](=O)[O-])N2[N+](=O)[O-],-28.60%,-3.60%,43.70%,,,,,265.1,702,1.927,206
,Guanidine salt of TNAE,,NC(N)=[NH2+].NC(N)=[NH2+].NC(N)=[NH2+].NC(N)=[NH2+].O=[N+]([O-])[N-]C([N-][N+](=O)[O-])C([N-][N+](=O)[O-])[N-][N+](=O)[O-],-53.70%,-34.80%,55.30%,10057,42.9,40,360,363.2,3800,1.531,223.7
,diaminoguanidine salt of TNAE,,NNC(=[NH2+])NN.NNC(=[NH2+])NN.NNC(=[NH2+])NN.NNC(=[NH2+])NN.O=[N+]([O-])[N-]C([N-][N+](=O)[O-])C([N-][N+](=O)[O-])[N-][N+](=O)[O-],-53.60%,-38.30%,62.60%,9720,38.1,40,360,360.6,4780.3,1.506,271.7
,hydroxylamine salt of TNAE,,O=[N+]([O-])[N-]C([N-][N+](=O)[O-])C([N-][N+](=O)[O-])[N-][N+](=O)[O-].[NH3+]O.[NH3+]O.[NH3+]O.[NH3+]O,-4%,4%,41.80%,9597,32.7,40,64,393.3,4260.7,1.26,210.7
1938394,"4,10-Bis(azidomethyl)-2,6,8,12-tetranitro-2,4,6,8,10,12-hexaazaisowurtzitane",,[N-]=[N+]=NCN1C2C3N(CN=[N+]=[N-])C4C1N([N+](=O)[O-])C(C(N2[N+](=O)[O-])N3[N+](=O)[O-])N4[N+](=O)[O-],-45.40%,-17.50%,48.90%,,,,,251.2,1010,1.854,179
251401,"2,4,6,8,-10,12-hexanitro-2,4,6,8,10,12-hexaaza-tetracyclo[5.5.0.05,9.03,11]-dodecane",CL-20,O=[N+]([O-])N1C2C3N([N+](=O)[O-])C1C1N([N+](=O)[O-])C(C(N1[N+](=O)[O-])N3[N+](=O)[O-])N2[N+](=O)[O-],-11%,11%,38.30%,9632,44.5,4,48,270.8,377,2.04,215
2121216,"N-[2-(methylnitramino)ethyl]-N-[(2,6,8,10,12-pentanitro-2,4,6,8,10,12- hexaazaisowurtzitan-4-yl)methyl]nitramide",,CN(CCN(CN1C2C3N([N+](=O)[O-])C(C4N([N+](=O)[O-])C1C(N4[N+](=O)[O-])N3[N+](=O)[O-])N2[N+](=O)[O-])[N+](=O)[O-])[N+](=O)[O-],-37.90%,-9.80%,36.90%,8940,35.5,,,252.3,353,1.822,197
,"N-[2-(nitramino)ethyl]-N-[(2,6,8,10,12-pentanitro-2,4,6,8,10,12- hexaazaisowurtzitan-4-yl)methyl]nitramide",,O=[N+]([O-])NCCN(CN1C2C3N([N+](=O)[O-])C(C4N([N+](=O)[O-])C1C(N4[N+](=O)[O-])N3[N+](=O)[O-])N2[N+](=O)[O-])[N+](=O)[O-],-30.30%,-4.30%,37.80%,9070,38.2,,,258.6,357,1.869,208
,"N-[(2,6,8,10,12-pentanitro-2,4,6,8,10,12-hexaazaisowurtzitan-4- yl)methyl]nitramide",,O=[N+]([O-])NCN1C2C3N([N+](=O)[O-])C(C4N([N+](=O)[O-])C1C(N4[N+](=O)[O-])N3[N+](=O)[O-])N2[N+](=O)[O-],-22.30%,1.70%,39%,9160,40,,,265.6,377,1.901,195
,"N,Nʹ,Nʺ,Nʺʹ-Tetranitro-1,1,2,2-ethanetetramine",TNAE,O=[N+]([O-])NC(N[N+](=O)[O-])C(N[N+](=O)[O-])N[N+](=O)[O-],5.90%,17.80%,41.50%,8760,37.6,,,263.6,52.32,1.89,143
,"hydrazinium ethane-1,1,2,2-tetrayltetrakis(nitroamide)",,NN.NN.N[NH3+].N[NH3+].N[NH3+].N[NH3+].O=[N+]([O-])[N-]C([N-][N+](=O)[O-])C([N-][N+](=O)[O-])[N-][N+](=O)[O-],-38.10%,-31.10%,60.60%,9637,32.97,40,360,236.2,92.08,1.64,185
,"hydrazinium ethane-1,1,2,2-tetrayltetrakis(nitroamide)",,N[NH3+].N[NH3+].N[NH3+].N[NH3+].O=[N+]([O-])[N-]C([N-][N+](=O)[O-])C([N-][N+](=O)[O-])[N-][N+](=O)[O-],-28.10%,-20.10%,56.20%,9481,32.49,40,360,240.8,187.43,1.66,120
2111284,"N-methyl-N-[(2,6,8,10,12-pentanitro-2,4,6,8,10,12-hexaazaisowurtzitan-4- yl)methyl]nitramide",,CN(CN1C2C3N([N+](=O)[O-])C(C4N([N+](=O)[O-])C1C(N4[N+](=O)[O-])N3[N+](=O)[O-])N2[N+](=O)[O-])[N+](=O)[O-],-31.60%,-5%,37.80%,9060,37.8,6.1,180,260.2,395,1.848,222
2208928,"N,N0-methylene bridged di-N-nitroso polynitro hexa- azaisowurtzitane",,O=NN1C2C3N(CN4C5C6N(N=O)C7C4N([N+](=O)[O-])C(C(N5[N+](=O)[O-])N6[N+](=O)[O-])N7[N+](=O)[O-])C4C1N([N+](=O)[O-])C(C(N3[N+](=O)[O-])N2[N+](=O)[O-])N4[N+](=O)[O-],-31.30%,-4.20%,40.20%,,,5.3,185,258.1,867,1.845,213
2208926,"N,N0 -methylene-bis(hexaazaisowurtzitane)",,O=[N+]([O-])N1C2NC3C4N(CN5C6C7NC8C5N([N+](=O)[O-])C(C(N7[N+](=O)[O-])N6[N+](=O)[O-])N8[N+](=O)[O-])C2N([N+](=O)[O-])C1C(N3[N+](=O)[O-])N4[N+](=O)[O-],-40.70%,-11.30%,39.50%,,,,,253,865,1.839,202
2208931,"N,N'-methylene bridged pentanitrohexaazaisowurtzitane",,O=[N+]([O-])N1C2C3N([N+](=O)[O-])C1C1N([N+](=O)[O-])C(C(N1[N+](=O)[O-])N3[N+](=O)[O-])N2CN1C2C3N([N+](=O)[O-])C(C4N([N+](=O)[O-])C1C(N4[N+](=O)[O-])N3[N+](=O)[O-])N2[N+](=O)[O-],-26.10%,0%,38.60%,,,4.9,165,264.7,833,1.953,226
2078088,"N,N′-bis[(2,6,8,10,12-pentanitro-2,4,6,8,10,12-hexaazaisowurtzitan-4- yl)methyl]nitramide",,O=[N+]([O-])N(CN1C2C3N([N+](=O)[O-])C(C4N([N+](=O)[O-])C1C(N4[N+](=O)[O-])N3[N+](=O)[O-])N2[N+](=O)[O-])CN1C2C3N([N+](=O)[O-])C(C4N([N+](=O)[O-])C1C(N4[N+](=O)[O-])N3[N+](=O)[O-])N2[N+](=O)[O-],-25.70%,0%,38.50%,9220,40.7,8,150,265.1,865,1.921,223
2208930,"N,N'-methylene bridged bis-N-(2,2,2-tri- nitroethyl) polynitro hexaazaisowurtzitane",,O=[N+]([O-])N1C2C3N(CC([N+](=O)[O-])([N+](=O)[O-])[N+](=O)[O-])C4C(N2CN2C5C6N(CC([N+](=O)[O-])([N+](=O)[O-])[N+](=O)[O-])C7C2N([N+](=O)[O-])C(C(N5[N+](=O)[O-])N6[N+](=O)[O-])N7[N+](=O)[O-])N([N+](=O)[O-])C(C1N3[N+](=O)[O-])N4[N+](=O)[O-],-23.20%,3.10%,35.20%,,,3.2,95,267.1,791,1.881,215
,"N,N0-methylene bridged mono-nitroso derivative",,O=NN1C2C3N(CN4C5C6N([N+](=O)[O-])C(C7N([N+](=O)[O-])C4C(N7[N+](=O)[O-])N6[N+](=O)[O-])N5[N+](=O)[O-])C4C1N([N+](=O)[O-])C(C(N3[N+](=O)[O-])N2[N+](=O)[O-])N4[N+](=O)[O-],-28.60%,-2%,39.40%,,,4.4,160,261.7,854,1.902,210
2208927,bis-N-diazidomethyl derivative,,[N-]=[N+]=NCN1C2C3N(CN4C5C6N(CN=[N+]=[N-])C7C4N([N+](=O)[O-])C(C(N6[N+](=O)[O-])N5[N+](=O)[O-])N7[N+](=O)[O-])C4C1N([N+](=O)[O-])C(C(N2[N+](=O)[O-])N3[N+](=O)[O-])N4[N+](=O)[O-],-45%,-15.60%,44.50%,,,,,250.4,1478,1.749,195
,"4-(2,2,2-trinitroethyl)-2,6,8,10,12-pentanitro-2,4,6,8,10,12-  hexaazaisowurtzitane",,O=[N+]([O-])N1C2C3N([N+](=O)[O-])C1C1N([N+](=O)[O-])C(C(N1[N+](=O)[O-])N3[N+](=O)[O-])N2CC([N+](=O)[O-])([N+](=O)[O-])[N+](=O)[O-],-11.50%,11.50%,35.20%,9170,38.8,5.5,120,279.9,705.6,1.86,212
,tetranitro-di(a-propionoazido)-hexaazaisowurtzitane,,CC(N=[N+]=[N-])C(=O)N1C2C3N(C(=O)C(C)N=[N+]=[N-])C4C1N([N+](=O)[O-])C(C(N2[N+](=O)[O-])N3[N+](=O)[O-])N4[N+](=O)[O-],-62%,-26.60%,41.30%,8330,30.92,,,213.4,370.24,1.76,217
286926,tetranitro-diacetylazido-hexaazaisowurtzitane,,[N-]=[N+]=NCC(=O)N1C2C3N(C(=O)CN=[N+]=[N-])C4C1N([N+](=O)[O-])C(C(N2[N+](=O)[O-])N3[N+](=O)[O-])N4[N+](=O)[O-],-46.70%,-15.60%,43.60%,8570,33.66,,,219.9,408.19,1.84,237.5
,"5,8-Dihydro-2,5,8-trinitro-2H-benzo[1,2-d:3,4-d′:5,6-d′′]tris[1,2,3]triazole",,O=[N+]([O-])n1nc2c3nn([N+](=O)[O-])nc3c3nn([N+](=O)[O-])nc3c2n1,-28.60%,0%,50%,8376,31.2,3,,245,710,1.82,38
,"Aminoguanidinium 3-trinitromethyl-5-nitramino-1,2,4-triazolate",,N=C(N)N[NH3+].O=[N+]([O-])[N-]c1nc(C([N+](=O)[O-])([N+](=O)[O-])[N+](=O)[O-])n[nH]1,-18.20%,0%,47.70%,8439,28.8,2,36,253.5,166,1.67,105
,"3,4,5-Triamino-4H-1,2,4-triazolium 3-trinitromethyl-5-nitramino- 1,2,4-triazolate",,Nc1n[nH+]c(N)n1N.O=[N+]([O-])[N-]c1nc(C([N+](=O)[O-])([N+](=O)[O-])[N+](=O)[O-])n[nH]1,-24.50%,-4.10%,50%,8124,25.9,1,120,278,890,1.61,125
1501785,"3-Trinitromethyl-5-nitramino-1H-1,2,4-triazole",,O=[N+]([O-])Nc1nc(C([N+](=O)[O-])([N+](=O)[O-])[N+](=O)[O-])n[nH]1,5.80%,23%,40.30%,9250,36.9,2,40,260.2,269,1.91,125
,"5,50-Dinitramino-3,30-bi(1,2,4-oxadiazole)",,O=[N+]([O-])Nc1nc(-c2noc(N[N+](=O)[O-])n2)no1,-18.60%,6.20%,43.40%,8388,31.8,8,128,247.4,175.8,1.856,137
,"Bis(3-amino-1,2,4-triazolium) 5,50-dinitramino-3,30-bi(1,2,4- oxadiazole)",,Nc1[nH]cn[nH+]1.Nc1[nH]cn[nH+]1.O=[N+]([O-])[N-]c1nc(-c2noc([N-][N+](=O)[O-])n2)no1,-56.30%,-26.30%,52.50%,7562,25.1,5,240,211.7,508.8,1.762,248
,"Bis(guanidinium) 5,50-dinitramino-3,30-bi(1,2,4-oxadiazole)",,NC(N)=[NH2+].NC(N)=[NH2+].O=[N+]([O-])[N-]c1nc(-c2noc([N-][N+](=O)[O-])n2)no1,-51%,-25.50%,52.10%,7154,21.5,10,360,197.2,3.4,1.651,317
1832728,"Diammonium 5,50-dinitramino-3,30-bi(1,2,4-oxadiazole)",,O=[N+]([O-])[N-]c1nc(-c2noc([N-][N+](=O)[O-])n2)no1.[NH4+].[NH4+],-32.90%,-11%,47.90%,7881,26.9,44,240,224,3,1.729,245
,"Dihydroxylammonium 5,50-dinitramino-3,30-bi(1,2,4- oxadiazole)",,O=[N+]([O-])[N-]c1nc(-c2noc([N-][N+](=O)[O-])n2)no1.[NH3+]O.[NH3+]O,-19.70%,0%,43.20%,8916,36.2,4,192,258.3,110,1.879,190
,"Bis(3,5-diamino-1,2,4-triazolium) 5,50-dinitramino-3,30-bi(1,2,4- oxadiazole)",,Nc1n[nH+]c(N)[nH]1.Nc1n[nH+]c(N)[nH]1.O=[N+]([O-])[N-]c1nc(-c2noc([N-][N+](=O)[O-])n2)no1,-56.10%,-28.10%,55.20%,7553,25.3,5,252,203.3,410,1.796,195
,"3,6,7-triamino-7H-[1,2,4]triazolo[4,3-b][1,2,4]triazol-2-ium [3,3'-bi(1,2,4-oxadiazole)]-5,5'-diylbis(nitroamide)",,Nc1nn2c(N)[nH+]nc2n1N.Nc1nn2c(N)[nH+]nc2n1N.O=[N+]([O-])[N-]c1nc(-c2noc([N-][N+](=O)[O-])n2)no1,-59.30%,-31.10%,59.30%,8185,25.1,25,360,223.5,1200.1,1.75,269
,"Dihydrazinium 5,50-dinitramino-3,30-bi(1,2,4-oxadiazole)",,N[NH3+].N[NH3+].O=[N+]([O-])[N-]c1nc(-c2noc([N-][N+](=O)[O-])n2)no1,-34.80%,-14.90%,52.10%,8421,31.4,3,160,242.4,304.6,1.792,223
,"Bis(aminoguanidinium) 5,50-dinitramino-3,30-bi(1,2,4- oxadiazole)",,NNC(N)=[NH2+].NNC(N)=[NH2+].O=[N+]([O-])[N-]c1nc(-c2noc([N-][N+](=O)[O-])n2)no1,-51.20%,-27.60%,55.10%,7369,22.6,13,360,207.8,230.6,1.628,237
,"Bis(diaminoguanidinium) N,N0-(methylenebis(1,2,4- oxadiazole-3,5-diyl))dinitramide",,NNC(=[NH2+])NN.NNC(=[NH2+])NN.O=[N+]([O-])[N-]c1nc(Cc2noc([N-][N+](=O)[O-])n2)no1,-60.40%,-35.50%,56%,7661,24.9,7.5,128,213.3,429.3,1.676,183
,"Bis(aminoguanidinium) N,N0-(methylenebis(1,2,4-oxadiazole- 3,5-diyl))dinitramide",,NNC(N)=[NH2+].NNC(N)=[NH2+].O=[N+]([O-])[N-]c1nc(Cc2noc([N-][N+](=O)[O-])n2)no1,-60.90%,-34.30%,53.30%,7511,23.4,9,192,204.4,198.9,1.612,199
,"Bis(3,5-diamino-1,2,4-triazolium) N,N0-(methylenebis(1,2,4- oxadiazole-3,5-diyl))dinitramide",,Nc1n[nH+]c(N)[nH]1.Nc1n[nH+]c(N)[nH]1.O=[N+]([O-])[N-]c1nc(Cc2noc([N-][N+](=O)[O-])n2)no1,-64.60%,-34%,53.60%,7291,23,14,168,200.61,389.1,1.728,192
,"Bis(guanidinium) N,N0-(methylenebis(1,2,4-oxadiazole-3,5- diyl))dinitramide",,NC(N)=[NH2+].NC(N)=[NH2+].O=[N+]([O-])[N-]c1nc(Cc2noc([N-][N+](=O)[O-])n2)no1,-61.50%,-32.80%,50.20%,6845,19.1,11,360,195.4,14.8,1.568,195
,"Dihydrazinium N,N0-(methylenebis(1,2,4-oxadiazole-3,5-diyl)) dinitramide",,N[NH3+].N[NH3+].O=[N+]([O-])[N-]c1nc(Cc2noc([N-][N+](=O)[O-])n2)no1,-47.60%,-23.80%,50%,7962,27.1,3,96,230.6,300.5,1.694,148
1877493,"Diammonium N,N0-(methylenebis(1,2,4-oxadiazole-3,5-diyl)) dinitramide",,O=[N+]([O-])[N-]c1nc(Cc2noc([N-][N+](=O)[O-])n2)no1.[NH4+].[NH4+],-47%,-20.90%,45.70%,7775,26.5,8,324,209.81,39.1,1.763,209
2345096,"3,6,7-triamino-7H-[1,2,4]triazolo[4,3-b][1,2,4]triazol-2-ium (1,2,4,5-tetrazine-3,6-diyl)bis(nitroamide)",,Nc1nn2c(N)[nH+]nc2n1N.Nc1nn2c(N)[nH+]nc2n1N.O=[N+]([O-])[N-]c1nnc([N-][N+](=O)[O-])nn1,-59.60%,-34.50%,65.80%,8752,29.2,25,240,245.9,1699.8,1.75,238
1567025,"3,6-dinitramino-1,2,4,5- tetrazine",DNAT,O=[N+]([O-])Nc1nnc(N[N+](=O)[O-])nn1,-7.90%,7.90%,55.40%,,,0.4,12,257.8,272.6,1.915,108.3
,"Guanidine, compd. with 4,4′-(1,4,2,5-dioxadiazine-3,6-diyl)bis[N-nitro-1,2,5-oxadiazol-3-amine] (2:1) (9CI)",,NC(N)=[NH2+].NC(N)=[NH2+].O=[N+]([O-])[N-]c1nonc1C1=NOC(c2nonc2[N-][N+](=O)[O-])=NO1,-48.70%,-20.90%,48.70%,8060,29.5,3.5,144,233,288,1.866,197
,"Bis(3-amino-1,2,4-triazolium) BNOD",,Nc1[nH]cn[nH+]1.Nc1[nH]cn[nH+]1.O=[N+]([O-])[N-]c1nonc1C1=NOC(c2nonc2[N-][N+](=O)[O-])=NO1,-53.30%,-21.90%,49.40%,7754,26.3,1.5,120,227.1,841,1.754,169
1495667,"Diammonium 3,6-bis(4-nitramino-1,2,5-oxadiazol-3-yl)-1,4,2,5-di- oxadiazine",,O=[N+]([O-])[N-]c1nonc1C1=NOC(c2nonc2[N-][N+](=O)[O-])=NO1.[NH4+].[NH4+],-34%,-8.50%,44.70%,8349,31,1.5,96,265,355,1.805,114
,"Hydrazinecarboximidamide, compd. with 4,4′-(1,4,2,5-dioxadiazine-3,6-diyl)bis[N-nitro-1,2,5-oxadiazol-3-amine] (2:1) (9CI)",,NNC(N)=[NH2+].NNC(N)=[NH2+].O=[N+]([O-])[N-]c1nonc1C1=NOC(c2nonc2[N-][N+](=O)[O-])=NO1,-48.90%,-22.80%,51.40%,8052,28.8,3.5,128,239,523,1.804,185
1495669,"4H-1,2,4-Triazol-4-amine, compd. with 4,4′-(1,4,2,5-dioxadiazine-3,6-diyl)bis[N-nitro-1,2,5-oxadiazol-3-amine] (2:1) (9CI)",,Nn1cn[nH+]c1.Nn1cn[nH+]c1.O=[N+]([O-])[N-]c1nonc1C1=NOC(c2nonc2[N-][N+](=O)[O-])=NO1,-53.30%,-21.90%,49.40%,7869,26.8,1.5,144,240.4,1110,1.73,176
,Bis(diaminoguanidinium) BNOD,,NNC(=[NH2+])NN.NNC(=[NH2+])NN.O=[N+]([O-])[N-]c1nonc1C1=NOC(c2nonc2[N-][N+](=O)[O-])=NO1,-49.20%,-24.60%,53.80%,8027,28,1.5,64,230.1,781,1.742,169
1495668,"Dihydroxylammonium 3,6-bis(4-nitramino-1,2,5-oxadiazol-3-yl)- 1,4,2,5-dioxadiazine",,O=[N+]([O-])[N-]c1nonc1C1=NOC(c2nonc2[N-][N+](=O)[O-])=NO1.[NH3+]O.[NH3+]O,-23.50%,0%,41.20%,9095,38.1,1.5,53,282,468,1.914,145
1495666,"4,4′-(1,4,2,5-Dioxadiazine-3,6-diyl)bis[N-nitro-1,2,5-oxadiazol-3-amine]",H2BNOF,O=[N+]([O-])Nc1nonc1C1=NOC(c2nonc2N[N+](=O)[O-])=NO1,-23.40%,4.70%,40.90%,8490,32.2,1,32,265.8,592,1.817,95
,"Dihydrazinium 3,6-bis(4-nitramino-1,2,5-oxadiazol-3-yl)-1,4,2,5- dioxadiazine",,N[NH3+].N[NH3+].O=[N+]([O-])[N-]c1nonc1C1=NOC(c2nonc2[N-][N+](=O)[O-])=NO1,-35.40%,-11.80%,48.20%,8604,33,4.5,72,275,666,1.809,188
,"N,N'-((1,4,2,5-dioxadiazine-3,6-diyl)bis(1,2,5-oxadiazole-4,3-diyl))bis(N-(2,2,2-trinitroethyl)nitramide)",,O=[N+]([O-])N(CC([N+](=O)[O-])([N+](=O)[O-])[N+](=O)[O-])c1nonc1C1=NOC(c2nonc2N(CC([N+](=O)[O-])([N+](=O)[O-])[N+](=O)[O-])[N+](=O)[O-])=NO1,-4.80%,19.20%,33.50%,9600,42.8,3.5,100,277.7,1196.13,1.95,114
962858,"Bis(aminoguanidinium) 3,3′-dinitramino-4,4′-bifurazane",,NNC(N)=[NH2+].NNC(N)=[NH2+].O=[N+]([O-])[N-]c1nonc1-c1nonc1[N-][N+](=O)[O-],-51.20%,-27.60%,55.10%,8228,26.5,10,360,227.91,580,1.68,215
962854,"Bis(guanidinium) 3,3’-dinitramino-4,4’-bifurazane",,NC(N)=[NH2+].NC(N)=[NH2+].O=[N+]([O-])[N-]c1nonc1-c1nonc1[N-][N+](=O)[O-],-51%,-25.50%,52.10%,8225,27.1,40,360,216.5,323,1.769,280
,"4,4’ -dinitramino-[3,3’ -bi(1,2,5-oxadiazole)]-5,5’ -dioxide",,O=[N+]([O-])Nc1c(-c2no[n+]([O-])c2N[N+](=O)[O-])no[n+]1[O-],-5.50%,16.50%,38.60%,9381,40.8,3,20,274.2,461.6,1.91,74.5
962865,"Bis(hydroxylammonium) 3,3’-dinitramino-4,4’-bifurazane",,O=[N+]([O-])[N-]c1nonc1-c1nonc1[N-][N+](=O)[O-].[NH3+]O.[NH3+]O,-19.70%,0%,43.20%,9363,42.5,11,288,277.4,417,1.963,141
,"Bis(triaminoguanidinium) 3,3’-dinitramino-4,4’-bifurazane",,NNC(=[NH2+])NN.NNC(=[NH2+])NN.O=[N+]([O-])[N-]c1nonc1-c1nonc1[N-][N+](=O)[O-],-51.30%,-29.30%,57.80%,8836,33.5,3,360,223.8,584,1.811,203
962853,"3,3’-Dinitramino-4,4’-bifurazane",,O=[N+]([O-])Nc1nonc1-c1nonc1N[N+](=O)[O-],-18.60%,6.20%,43.40%,9086,40.3,1.5,48,274.7,526,1.978,80
962860,"Bis(ammonium) 3,3’-dinitramino-4,4’-bifurazane",,O=[N+]([O-])[N-]c1nonc1-c1nonc1[N-][N+](=O)[O-].[NH4+].[NH4+],-32.90%,-11%,47.90%,8748,33.4,10,324,251.3,306,1.834,230
962857,"Bis(diaminouronium) 3,3’-dinitramino-4,4’-bifurazane",,NNC(=O)N[NH3+].NNC(=O)N[NH3+].O=[N+]([O-])[N-]c1nonc1-c1nonc1[N-][N+](=O)[O-],-40.20%,-18.30%,51.10%,8848,33.3,40,360,248.5,615,1.83,192
962859,"Bis(hydrazinium) 3,3’-dinitramino-4,4’-bifurazane",,N[NH3+].N[NH3+].O=[N+]([O-])[N-]c1nonc1-c1nonc1[N-][N+](=O)[O-],-34.80%,-14.90%,52.10%,9058,35.4,6,120,267.5,637,1.812,230
,"[3,3′-Bi-1,2,5-oxadiazole]-4,4′-diamine, N4,N4′-dinitro-, 5,5′-dioxide, compd. with hydrazine (1:2)",,N[NH3+].N[NH3+].O=[N+]([O-])[N-]c1c(-c2no[n+]([O-])c2[N-][N+](=O)[O-])no[n+]1[O-],-22.60%,-4.50%,47.40%,9355,39.3,15,120,290.3,780.4,1.81,143.1
,"Carbonohydrazonic dihydrazide, compd. with N4,N4′-dinitro[3,3′-bi-1,2,5-oxadiazole]-4,4′-diamine 5,5′-dioxide (2:1)",,NNC(NN)=[NH+]N.NNC(NN)=[NH+]N.O=[N+]([O-])[N-]c1c(-c2no[n+]([O-])c2[N-][N+](=O)[O-])no[n+]1[O-],-41.70%,-22.50%,56.20%,8738,29.5,5,120,267,1204.4,1.64,137.5
,"Guanidine, compd. with N4,N4′-dinitro[3,3′-bi-1,2,5-oxadiazole]-4,4′-diamine 5,5′-dioxide (2:1)",,NC(N)=[NH2+].NC(N)=[NH2+].O=[N+]([O-])[N-]c1c(-c2no[n+]([O-])c2[N-][N+](=O)[O-])no[n+]1[O-],-39.20%,-15.70%,48%,8573,29.8,8,160,245.3,449.4,1.73,168.3
1440222,"[3,3′-Bi-1,2,5-oxadiazole]-4,4′-diamine, N4,N4′-dinitro-, 5,5′-dioxide, ammonium salt (1:2)",,O=[N+]([O-])[N-]c1c(-c2no[n+]([O-])c2[N-][N+](=O)[O-])no[n+]1[O-].[NH4+].[NH4+],-19.70%,0%,43.20%,9066,37.3,30,160,279.7,450,1.81,148
,"[3,3′-Bi-1,2,5-oxadiazole]-4,4′-diamine, N4,N4′-dinitro-, 5,5′-dioxide, compd. with hydroxylamine (1:2)",,O=[N+]([O-])[N-]c1c(-c2no[n+]([O-])c2[N-][N+](=O)[O-])no[n+]1[O-].[NH3+]O.[NH3+]O,-9%,9%,39.30%,9485,41.5,12,120,290.2,568.9,1.86,160
,"Carbonoimidoic dihydrazide, compd. with N4,N4′-dinitro[3,3′-bi-1,2,5-oxadiazole]-4,4′-diamine 5,5′-dioxide (2:1)",,NNC(=[NH2+])NN.NNC(=[NH2+])NN.O=[N+]([O-])[N-]c1c(-c2no[n+]([O-])c2[N-][N+](=O)[O-])no[n+]1[O-],-41%,-20.50%,53.80%,8577,28.4,5,120,260.6,949.2,1.64,113.1
,"Dihydrazinium 3-nitramino-4-(4-nitramino-1,2,5-oxadiazol-3-yl)-furoxanate",,N[NH3+].N[NH3+].O=[N+]([O-])[N-]c1nonc1-c1no[n+]([O-])c1[N-][N+](=O)[O-],-28.40%,-9.50%,49.70%,9351,38.3,6,120,285,772.6,1.806,152
1455896,"Diammonium 3-nitramino-4-(4-nitramino-1,2,5-oxadiazol-3-yl)-furoxanate",,O=[N+]([O-])[N-]c1nonc1-c1no[n+]([O-])c1[N-][N+](=O)[O-].[NH4+].[NH4+],-26%,-5.20%,45.40%,8836,33.9,10,160,273,454.8,1.751,154
1422578,"N3,N4-Dinitro-1,2,5-oxadiazole-3,4-diamine",,O=[N+]([O-])Nc1nonc1N[N+](=O)[O-],0%,16.80%,44.20%,9376,40.5,1,5,271.6,287.02,1.899,99
1426327,"1,2,5-Oxadiazole-3,4-diamine, N3,N4-dinitro-, compd. with hydroxylamine (1:2)",,O=[N+]([O-])[N-]c1nonc1[N-][N+](=O)[O-].[NH3+]O.[NH3+]O,-6.20%,6.20%,43.70%,9579,40.4,5,120,281.2,153.68,1.857,181
,"1,2,5-Oxadiazole-3,4-diamine, N3,N4-dinitro-, compd. with 1H-1,2,4-triazol-5-amine (1:2)",,NC1=NC=N[NH2+]1.NC1=NC=N[NH2+]1.O=[N+]([O-])[N-]c1nonc1[N-][N+](=O)[O-],-53.60%,-26.80%,54.70%,8332,26.5,28,360,229.7,641.25,1.7,122
,"5H-1,2,4-Triazolo[4,3-b][1,2,4]triazole-3,6-diamine, compd. with N,N'-(1,2,5-oxadiazole-3,4-diyl)dinitramide(2:1)",,Nc1nn2c(N)[nH+]nc2[nH]1.Nc1nn2c(N)[nH+]nc2[nH]1.O=[N+]([O-])[N-]c1nonc1[N-][N+](=O)[O-],-58.10%,-30.70%,59.80%,8421,27.1,20,360,231.9,1128.7,1.72,238
,"1,2,5-Oxadiazole-3,4-diamine, N3,N4-dinitro-, compd. with 4H-1,2,4-triazol-4-amine (1:2)",,Nn1cn[nH+]c1.Nn1cn[nH+]c1.O=[N+]([O-])[N-]c1nonc1[N-][N+](=O)[O-],-53.60%,-26.80%,54.70%,8942,32.1,22,240,246.6,888.44,1.787,172
,"Guanidine, compd. with N3,N4-dinitro-1,2,5-oxadiazole-3,4-diamine (2:1)",,NC(N)=[NH2+].NC(N)=[NH2+].O=[N+]([O-])[N-]c1nonc1[N-][N+](=O)[O-],-46.70%,-26%,54.50%,8196,24.6,30,360,215.2,120.21,1.654,282
1422579,"1,2,5-Oxadiazole-3,4-diamine, N3,N4-dinitro-, ammonium salt (1:2)",,O=[N+]([O-])[N-]c1nonc1[N-][N+](=O)[O-].[NH4+].[NH4+],-21.40%,-7.10%,50%,8702,30.3,8,240,253.5,35.86,1.716,191
1422580,"1,2,5-Oxadiazole-3,4-diamine, N3,N4-dinitro-, compd. with hydrazine (1:2)",,N[NH3+].N[NH3+].O=[N+]([O-])[N-]c1nonc1[N-][N+](=O)[O-],-25.20%,-12.60%,55.10%,9849,40.9,12,160,271.1,345.67,1.873,206
1426328,"Hydrazinecarboximidamide, compd. with N3,N4-dinitro-1,2,5-oxadiazole-3,4-diamine (2:1)",,NNC(N)=[NH2+].NNC(N)=[NH2+].O=[N+]([O-])[N-]c1nonc1[N-][N+](=O)[O-],-47.30%,-28.40%,57.90%,8434,26.2,28,360,227.3,351.78,1.645,217
1526401,"Bis{3,7-diamino-7H-[1,2,4]triazolo[4,3-b][1,2,4]triazol-2-ium} 3,4-dinitraminofurazanate",,Nc1[nH+]nc2n(N)cnn12.Nc1[nH+]nc2n(N)cnn12.O=[N+]([O-])[N-]c1nonc1[N-][N+](=O)[O-],-58.10%,-30.70%,59.80%,8715,29.5,8,240,246.6,1411.6,1.742,167
1426329,"Carbonoimidoic dihydrazide, compd. with N3,N4-dinitro-1,2,5-oxadiazole-3,4-diamine (2:1)",,NNC(=[NH2+])NN.NNC(=[NH2+])NN.O=[N+]([O-])[N-]c1nonc1[N-][N+](=O)[O-],-47.80%,-30.40%,60.80%,9100,31.3,25,360,236.3,567.15,1.736,213
1430341,"1,1’-Dinitramino-5,5’-bitetrazole",,O=[N+]([O-])Nn1nnnc1-c1nnnn1N[N+](=O)[O-],-6.20%,6.20%,65.10%,10142,45.6,1,5,284.7,932.1,1.93,107
1492724,"Bis(aminoguanidinium) 1,1’-dinitramino-5,5’-bitetrazolate",,NNC(N)=[NH2+].NNC(N)=[NH2+].O=[N+]([O-])[N-]n1nnnc1-c1nnnn1[N-][N+](=O)[O-],-43.30%,-27.60%,68.90%,8712,28.2,3.9,80,232.1,880,1.69,180
1430339,"Dihydroxylammonium 1,1’-dinitramino-5,5’-bitetrazolate",,O=[N+]([O-])[N-]n1nnnc1-c1nnnn1[N-][N+](=O)[O-].[NH3+]O.[NH3+]O,-9.90%,0%,60.50%,9885,41.8,2,5,285.1,789.8,1.842,155
1430342,"Diammonium 1,1’-dinitramino-5,5’-bitetrazolate",,O=[N+]([O-])[N-]n1nnnc1-c1nnnn1[N-][N+](=O)[O-].[NH4+].[NH4+],-21.90%,-11%,67.10%,9519,36.1,2,5,260.8,647.7,1.795,210
1045067,"di-TATOT 1,1’-dinitramino-5,5’-bitetrazolate",,Nc1nn2c(N)[nH+]nc2n1N.Nc1nn2c(N)[nH+]nc2n1N.O=[N+]([O-])[N-]n1nnnc1-c1nnnn1[N-][N+](=O)[O-],-53.70%,-31.10%,69.20%,9242,32,7.5,108,242,1845.5,1.759,224
1492723,"Bis(guanidinium) 1,1’-dinitramino-5,5’-bitetrazolate",,NC(N)=[NH2+].NC(N)=[NH2+].O=[N+]([O-])[N-]n1nnnc1-c1nnnn1[N-][N+](=O)[O-],-42.50%,-25.50%,67%,8184,24.3,4.9,120,223.9,671.5,1.62,211
1492725,"Bis(diaminoguanidinium) 1,1’-dinitramino-5,5’-bitetrazolate",,NNC(=[NH2+])NN.NNC(=[NH2+])NN.O=[N+]([O-])[N-]n1nnnc1-c1nnnn1[N-][N+](=O)[O-],-44%,-29.30%,70.60%,8711,28,3.9,96,243.9,1171.9,1.64,205
1492726,"Bis(triaminoguanidinium) 1,1’-dinitramino-5,5’-bitetrazolate dehydrate",,NNC(NN)=[NH+]N.NNC(NN)=[NH+]N.O=[N+]([O-])[N-]n1nnnc1-c1nnnn1[N-][N+](=O)[O-],-44.60%,-30.90%,72%,8851,29,3.9,144,249.4,1377.9,1.64,181
1492728,"Bis(3,4-diamino-1,2,4-triazolium) 1,1’-dinitramino-5,5’-bitetrazolate",,Nc1[nH+]ncn1N.Nc1[nH+]ncn1N.O=[N+]([O-])[N-]n1nnnc1-c1nnnn1[N-][N+](=O)[O-],-49.10%,-28.10%,67.50%,8835,30.2,4.9,96,240.9,1324.3,1.75,183
1492729,"Ethylenediammonium 1,1’-dinitramino-5,5’-bitetrazolate monohydrate",,O=[N+]([O-])[N-]n1nnnc1-c1nnnn1[N-][N+](=O)[O-].[NH3+]CC[NH3+],-45.30%,-25.10%,61.60%,8648,28.6,3.9,96,216.8,407,1.76,209
1492727,"Bis(diaminouronium) 1,1’-dinitramino-5,5’-bitetrazolate",,NNC(=O)N[NH3+].NNC(=O)N[NH3+].O=[N+]([O-])[N-]n1nnnc1-c1nnnn1[N-][N+](=O)[O-],-32.90%,-18.30%,63.90%,9053,32.3,2.5,40,244.6,773.6,1.77,185
1054610,"1,5-di(nitramino)tetrazole",,O=[N+]([O-])/N=c1\[nH]nnn1N[N+](=O)[O-],8.40%,16.80%,58.90%,9967,43.4,1,5,269.3,486.3,1.93,110
1935554,"((1r,2r,3r,4r)-cyclobutane-1,2,3,4-tetrayl)tetrakis(methylene) tetranitrate",,O=[N+]([O-])OC[C@H]1[C@H](CO[N+](=O)[O-])[C@@H](CO[N+](=O)[O-])[C@@H]1CO[N+](=O)[O-],-44.90%,-9%,15.70%,7544,22.9,6.2,240,238.7,535.9,1.605,199.7
1935553,"((1R,2R,3S,4S)-cyclobutane-1,2,3,4-tetrayl)tetrakis(methylene) tetranitrate",,O=[N+]([O-])OC[C@H]1[C@H](CO[N+](=O)[O-])[C@H](CO[N+](=O)[O-])[C@H]1CO[N+](=O)[O-],-44.90%,-9%,15.70%,7438,24.5,6.2,240,240.5,510.1,1.64,198.5
1935555,"((1s,2s,3s,4s)-cyclobutane-1,2,3,4-tetrayl)tetrakis(methylene) tetranitrate",,O=[N+]([O-])OC[C@H]1[C@@H](CO[N+](=O)[O-])[C@@H](CO[N+](=O)[O-])[C@H]1CO[N+](=O)[O-],-44.90%,-9%,15.70%,7504,24.5,6.2,240,242.5,480.8,1.66,194.3
,"1,2,3,4-Cyclobutanetetramethanol, 1,2,3,4-tetrakis(hydrogen nitrate), (1α,2α,3α,4β)- (ACI)",,O=[N+]([O-])OC[C@H]1[C@H](CO[N+](=O)[O-])[C@@H](CO[N+](=O)[O-])[C@H]1CO[N+](=O)[O-],-44.90%,-9%,15.70%,7577,24.5,9,360,240.4,512,1.543,186.8
1935556,"cyclobutane-1,1,2,2-tetrayltetrakis(methylene) tetranitrate",,O=[N+]([O-])OCC1(CO[N+](=O)[O-])CCC1(CO[N+](=O)[O-])CO[N+](=O)[O-],-44.90%,-9%,15.70%,7604,24.6,4.7,360,243.6,465.5,1.683,192.8
1231270,"2,2-bis((nitrooxy)methyl)propane-1,3-diyl dinitrate",PETN,O=[N+]([O-])OCC(CO[N+](=O)[O-])(CO[N+](=O)[O-])CO[N+](=O)[O-],-10.10%,15.20%,17.70%,8471,31.3,3.5,54,265.9,484,1.778,180
,"Biisoxazoletetrakis(methyl nitrate), ((3,3’-bi-1,  2-oxazole)-4,4‘,5,5’-tetrayl)tetrakis(methylene)  tetranitrate",BITN,O=[N+]([O-])OCc1onc(-c2noc(CO[N+](=O)[O-])c2CO[N+](=O)[O-])c1CO[N+](=O)[O-],-36.70%,0%,19.30%,7837,27.1,30,60,239.6,395,1.786,193.7
1819160,"[3,3'-bi(1,2,4-oxadiazole)]-5,5'-diylbis(methylene) dinitrate",BOM,O=[N+]([O-])OCc1nc(-c2noc(CO[N+](=O)[O-])n2)no1,-33.30%,0%,29.20%,8092.01,28.11,8.6,282,,79.4,1.823,203.4
1451183,"(4H,8H-Bis([1,2,5]oxadiazolo)[3,4-b:30 ,40 -e]pyrazine-4,8-diyl) bis(methylene)dinitrate",,O=[N+]([O-])OCN1c2nonc2N(CO[N+](=O)[O-])c2nonc21,-30.40%,0%,35.40%,8669,33.4,18,240,255,276.6,1.84,196
868752,"5-nitro-2-nitratomethyl-1,2,3,4-tetrazole",,O=[N+]([O-])OCn1nnc([N+](=O)[O-])n1,0%,16.80%,44.20%,9260,37.92,4.1,,267.6,228.07,1.801,170.8
1451185,"(5,50 -dinitro-2H,20 H-[3,30 -bi(1,2,4-triazole)]-2,20 -diyl)bis(methylene)dinitrate",,O=[N+]([O-])OCn1nc([N+](=O)[O-])nc1-c1nc([N+](=O)[O-])nn1CO[N+](=O)[O-],-17%,8.50%,37.20%,8639,32.7,6,60,254.1,113.6,1.83,176
1506285,"4,4,4-Trinitrobutanoic acid",,O=C(O)CCC([N+](=O)[O-])([N+](=O)[O-])[N+](=O)[O-],-17.90%,10.80%,18.80%,7624,24.6,40,324,241,506,1.67,176
703781,"4,5-dihydro-1-(2-hydroxyethyl)-5-nitroimino-1H-tetrazole",,O=[N+]([O-])/N=c1\[nH]nnn1CCO,-55.10%,-27.60%,48.20%,8465,28.23,20,,236.2,258.7,1.722,158
,ON1C2=C(N(O)N=C2[N+]([O-])=O)C([N+]([O-])=O)=N1,,O=[N+]([O-])c1nn(O)c2c([N+](=O)[O-])nn(O)c12,-20.90%,7%,36.50%,8838,36.5,16,300,266.3,269,1.9,296
934363,"Dihydroxylammonium 3,3′-dinitro-5,5′-bis-1,2,4-triazole- 1,1-diolate",MAD-X1,O=[N+]([O-])c1nc(-c2nc([N+](=O)[O-])nn2[O-])n([O-])n1.[NH3+]O.[NH3+]O,-19.70%,0%,43.20%,9087,39,40,360,265,213,1.9,217
934361,"Diammonium 3,3′-dinitro-5,5′-bis-1,2,4-triazole-1,1-diolat",,O=[N+]([O-])c1nc(-c2nc([N+](=O)[O-])nn2[O-])n([O-])n1.[NH4+].[NH4+],-32.90%,-11%,47.90%,8388,29.7,40,360,233.8,104,1.76,257
934360,"3,3′-Dinitro-5,5′-bis-1H-1,2,4-triazole-1,1′-diol",,O=[N+]([O-])c1nc(-c2nc([N+](=O)[O-])nn2O)n(O)n1,-18.60%,6.20%,43.40%,8729,36.2,10,360,257,290,1.92,191
934365,"Di(aminoguanidinium) 3,3′-dinitro-5,5′-bis-1,2,4-triazole- 1,1-diolate",,N[NH+]=C(N)N.N[NH+]=C(N)N.O=[N+]([O-])c1nc(-c2nc([N+](=O)[O-])nn2[O-])n([O-])n1,-51.20%,-27.60%,55.10%,8268,27.2,35,360,213.8,339,1.72,246
934362,"Dihydrazinium 3,3′-dinitro-5,5′-bis-1,2,4-triazole-1,1-diolate",,N[NH3+].N[NH3+].O=[N+]([O-])c1nc(-c2nc([N+](=O)[O-])nn2[O-])n([O-])n1,-34.80%,-14.90%,52.10%,8915,34.2,15,324,250.9,413,1.8,228
934366,"Di(triaminoguanidinium) 3,3′-dinitro-5,5′-bis-1,2,4-triazole- 1,1-diolate",,NNC(NN)=[NH+]N.NNC(NN)=[NH+]N.O=[N+]([O-])c1nc(-c2nc([N+](=O)[O-])nn2[O-])n([O-])n1,-51.50%,-30.90%,60%,8919,32.8,40,360,231.7,812,1.78,207
934364,"Diguanidinium 3,3′-dinitro-5,5′-bis-1,2,4-triazole-1,1-dio- late",,NC(N)=[NH2+].NC(N)=[NH2+].O=[N+]([O-])c1nc(-c2nc([N+](=O)[O-])nn2[O-])n([O-])n1,-51%,-25.50%,52.10%,8102,26.3,40,360,202.9,98,1.75,329
966802,5-(1H-Tetrazolyl)-1-hydroxytetrazole,,On1nnnc1-c1nnn[nH]1,-41.50%,-20.80%,72.70%,8843,31.4,40,240,256.8,636.6,1.762,192
,"Guanidinium 4,5-bis(1-hydroxytetrazol-5-yl)-2H-1,2,3-triazolate",,NC(N)=[NH2+].NC(N)=[NH2+].[O-]n1nnnc1-c1n[nH]nc1-c1nnnn1[O-],-74.30%,-47.30%,67%,7659,18.6,40,360,181.6,331,1.56,244
1419921,"4,5-bis(1-hydroxytetrazol-5-yl)-2H-1,2,3-triazole",,On1nnnc1-c1n[nH]nc1-c1nnnn1O,-50.60%,-23.60%,64.90%,8277,26,1,240,244.9,823,1.67,246
1419891,"hydroxylammonium  4,5-bis(1-hydroxytetrazol-5-yl)-2H-1,2,3-triazolate",,[NH3+]O.[NH3+]O.[O-]n1nnnc1-c1n[nH]nc1-c1nnnn1[O-],-44.90%,-23.70%,60%,8561,27,7,360,245.7,722,1.63,182
,"amino-guanidinium 4,5-bis(1-hydroxytetrazol-5-yl)-2H-1,2,3-triazolate",,N[NH+]=C(N)N.N[NH+]=C(N)N.[O-]n1nnnc1-c1n[nH]nc1-c1nnnn1[O-],-72.70%,-47.80%,69%,8836,26.6,40,360,217.7,928,1.63,215
1419887,"ammonium 4,5-bis(1-hydroxytetrazol-5-yl)-2H-1,2,3-triazolate",,[NH4+].[NH4+].[O-]n1nnnc1-c1n[nH]nc1-c1nnnn1[O-],-61.90%,-38.30%,67.10%,8991,28.8,10,360,227,682,1.736,241
,"Hydroxylammonium 5-(l,2,4-oxadiazolyl-3-yl)-1-hydroxytetrazole",,[NH3+]O.[O-]n1nnnc1-c1ncon1,-47%,-21.40%,52.40%,8913,32.7,8,96,243,372,1.79,141
1558528,"5-(1,2,4-Oxadiazolyl-3-yl)-1-hydroxytetrazole",,On1nnnc1-c1ncon1,-51.90%,-20.80%,54.50%,8037,25,6,72,232.8,363,1.69,143
,"Hydrazinium 5-(l,2,4-oxadiazolyl-3-yl)-1-hydroxytetrazole",,N[NH3+].[O-]n1nnnc1-c1ncon1,-60.20%,-34.40%,60.20%,8929,30.4,8,108,239.1,478,1.71,152
1558529,"Ammonium 5-(l,2,4-oxadiazolyl-3-yl)-1-hydroxytetrazole",,[NH4+].[O-]n1nnnc1-c1ncon1,-60.80%,-32.70%,57.30%,8576,28,10,120,223.3,322,1.72,174
1566334,"Ammonium 5,5'-(1,2,4-oxadiazole-3,5-diyl)bis(1H-tetrazol-1-olate)",,[NH4+].[NH4+].[O-]n1nnnc1-c1noc(-c2nnnn2[O-])n1,-52.90%,-29.40%,61.70%,,,43.4,,,,,271
,"3-Amino-6-(4-nitro-3,5-dimethylpyrazol-l-yl)-1,2,4,5-tetrazine-2,4-di-N-oxide",,Cc1nn(-c2n[n+]([O-])c(N)[n+]([O-])n2)c(C)c1[N+](=O)[O-],-83.50%,-41.80%,41.80%,7521,20.5,19,360,211.9,328.3,1.64,211
,"3-Amino-6-(3,5-dimethylpyrazol-l-yl)-1,2,4,5-tetrazine-2,4-di-N-oxide",,Cc1cc(C)n(-c2n[n+]([O-])c(N)[n+]([O-])n2)n1,-118.30%,-68.10%,43.90%,6954,15.9,35,360,198.9,347.6,1.52,242
,Dihydrazinium 3-nitroamino-4-(tetrazol-1-olate) furazanate,,N[NH3+].N[NH3+].O=[N+]([O-])[N-]c1nonc1-c1nnnn1[O-],-40.30%,-23%,60.40%,9094,32.1,18,240,257.4,631.1,1.72,254
1915165,5-(4-Azidofurazan-3-yl)-1-hydroxytetrazole,,[N-]=[N+]=Nc1nonc1-c1nnnn1O,-36.90%,-12.30%,64.60%,8784,31.8,3,20,266.3,820.9,1.751,154
,Di(aminoguanidinium) 3-nitroamino-4-(tetrazol-1-olate) furazanate,,NNC(N)=[NH2+].NNC(N)=[NH2+].O=[N+]([O-])[N-]c1nonc1-c1nnnn1[O-],-57.40%,-35.30%,61.80%,8755,28.8,40,360,220.3,570.6,1.74,251
1042956,"Diammonium 3,3’-bis(tetrazol-1-olate)-4,4’-azofurazan",,[NH4+].[NH4+].[O-]n1nnnc1-c1nonc1N=Nc1nonc1-c1nnnn1[O-],-52.10%,-26.10%,60.80%,8456,27.7,17,160,241.4,1026.1,1.71,266
,Di(triaminoguanidinium) 3-nitroamino-4-(tetrazol-1-olate) furazanate,,NNC(NN)=[NH+]N.NNC(NN)=[NH+]N.O=[N+]([O-])[N-]c1nonc1-c1nnnn1[O-],-56.80%,-37.90%,66.30%,9033,30.4,35,360,240.2,1063.2,1.69,209
1915166,Ammonium 5-(4-azidofurazan-3-yl)-1-hydroxytetrazolate,,[N-]=[N+]=Nc1nonc1-c1nnnn1[O-].[NH4+],-45.30%,-22.60%,66%,8687,29.9,15,120,258,779.9,1.712,207.7
1042955,Diammonium 3-nitroamino-4-(tetrazol-1-olate) furazanate,,O=[N+]([O-])[N-]c1nonc1-c1nnnn1[O-].[NH4+].[NH4+],-38.70%,-19.30%,56.40%,8645,28.9,15,160,208.6,43.3,1.74,250
,Dihydroxylammonium 3-nitroamino-4-(tetrazol-1-olate) furazanate,,O=[N+]([O-])[N-]c1nonc1-c1nnnn1[O-].[NH3+]O.[NH3+]O,-22.80%,-5.70%,50%,9323,38.3,14,160,271.3,398.9,1.84,204
,Diguanidinium 3-nitroamino-4-(tetrazol-1-olate) furazanate,,NC(N)=[NH2+].NC(N)=[NH2+].O=[N+]([O-])[N-]c1nonc1-c1nnnn1[O-],-57.80%,-33.70%,59%,8289,25.1,35,360,208.7,336.9,1.7,269
,"Diguanidinium 3,3’-bis(tetrazol-1-olate)-4,4’-azofurazan",,NC(N)=[NH2+].NC(N)=[NH2+].[O-]n1nnnc1-c1nonc1N=Nc1nonc1-c1nnnn1[O-],-63.70%,-35.40%,61.90%,8043,23.7,28,360,226.3,1115.4,1.65,291
1444341,"1,2,5-Oxadiazol-3-amine, 4-(1-hydroxy-1H-tetrazol-5-yl)-, ammonium salt (1:1)",,Nc1nonc1-c1nnnn1[O-].[NH4+],-60.20%,-34.40%,60.20%,8436,26.6,50,360,229.8,407.65,1.688,
1410667,"1,2,5-Oxadiazol-3-amine, 4-(1-hydroxy-1H-tetrazol-5-yl)-, compd. with hydrazine (1:1)",,N[NH3+].Nc1nonc1-c1nnnn1[O-],-59.70%,-35.80%,62.60%,8759,29,46,360,243.4,561.21,1.695,
,"Hydrazinecarboximidamide, compd. with 4-(1-hydroxy-1H-tetrazol-5-yl)-1,2,5-oxadiazol-3-amine (1:1)",,N[NH+]=C(N)N.Nc1nonc1-c1nnnn1[O-],-69.10%,-42.80%,63.30%,8173,23.6,50,360,217.7,488.81,1.642,
,"1,2,5-Oxadiazol-3-amine, 4-(1-hydroxy-1H-tetrazol-5-yl)-, compd. with 4H-1,2,4-triazol-4-amine (1:1)",,Nc1nonc1-c1nnnn1[O-].Nn1cn[nH+]c1,-72.70%,-41.10%,60.80%,8600,28,50,360,234.8,762.1,1.748,
1410527,hydroxylammonium 4-amino-furazan-3-yl tetrazol-1-olate,,Nc1nonc1-c1nnnn1[O-].[NH3+]O,-47.50%,-23.70%,55.40%,9100,33.4,50,360,247,454.79,1.803,213
1410528,"Carbonoimidoic dihydrazide, compd. with 4-(1-hydroxy-1H-tetrazol-5-yl)-1,2,5-oxadiazol-3-amine (1:1)",,NN/C(N)=[NH+]\N.Nc1nonc1-c1nnnn1[O-],-68.20%,-43.40%,65.10%,8580,26.7,50,360,224.5,593.88,1.689,
,"1,2,5-Oxadiazol-3-amine, 4-(1-hydroxy-1H-tetrazol-5-yl)-, compd. with 1H-1,2,4-triazol-5-amine (1:1)",,Nc1[nH]cn[nH+]1.Nc1nonc1-c1nnnn1[O-],-72.70%,-41.10%,60.80%,8363,26.1,50,360,221.5,625.38,1.736,
1410645,5-(4-amino-furazan-3-yl)-1-hydroxytetrazole,,Nc1nonc1-c1nnnn1O,-52%,-23.70%,58%,8601,30,37,360,238,441.35,1.79,189
1915167,Hydroxylammonium 5-(4-azidofurazan-3-yl)-1-hydroxytetrazolate,,[N-]=[N+]=Nc1nonc1-c1nnnn1[O-].[NH3+]O,-35.10%,-14%,61.40%,9201,36,10,120,278.1,877.9,1.789,171.4
,amino(ureido)methaniminium 4-amino-furazan-3-yl tetrazol-1-olate,,NC(=[NH2+])NC(N)=O.Nc1nonc1-c1nnnn1[O-],-67.80%,-38.30%,56.80%,8303,25.3,50,360,197.8,235.94,1.77,
,"Carbonohydrazonic dihydrazide, compd. with 4-(1-hydroxy-1H-tetrazol-5-yl)-1,2,5-oxadiazol-3-amine (1:1)",,NNC(NN)=[NH+]N.Nc1nonc1-c1nnnn1[O-],-67.30%,-43.90%,66.60%,8859,29,45,360,231.7,713.1,1.71,
1915168,Hydrazinium 5-(4-azidofurazan-3-yl)-1-hydroxytetrazolate,,N[NH3+].[N-]=[N+]=Nc1nonc1-c1nnnn1[O-],-45.80%,-24.70%,67.80%,8596,28.4,7,80,267.5,938.2,1.638,186.4
1944737,hydrazinium dis(4-amino-furazan-3-yl-tetrazol-1-olate),,Nc1nonc1-c1nnnn1[O-].Nc1nonc1-c1nnnn1[O-].[NH3+][NH3+],-56.20%,-30.20%,60.50%,9071,31.1,35,360,198.6,372.2,1.805,270
,"3,6,7-triamino-7H-[1,2,4]triazolo[4,3-b][1,2,4]triazol-2-ium (E)-(3-(nitroimino)-2,3-dihydro-7H-[1,2,4]triazolo[4,3-b][1,2,4]triazole-6,7-diyl)bis(nitroamide)",,Nc1nn2c(N)[nH+]nc2n1N.Nc1nn2c(N)[nH+]nc2n1N.O=[N+]([O-])/N=c1\[nH]nc2n([N-][N+](=O)[O-])c([N-][N+](=O)[O-])nn12,-52.20%,-28.10%,63.30%,9401,39.3,7,216,239,1625.3,1.83,179
,"3,6,7-triamino-7H-[1,2,4]triazolo[4,3-b][1,2,4]triazol-2-ium 6,7-diamino-3-methyl-7H-[1,2,4]triazolo[4,3-b][1,2,4]triazol-2-ium (4-(3-(dinitromethanidyl)-1H-1,2,4-triazol-5-yl)-1,2,5-oxadiazol-3-yl)(nitro)amide",,Nc1nn2c(N)[nH+]nc2n1N.Nc1nn2c(N)[nH+]nc2n1N.O=[N+]([O-])[N-]c1nonc1-c1nc([C-]([N+](=O)[O-])[N+](=O)[O-])n[nH]1,-59.10%,-30.20%,57.40%,8358,26.8,32,360,228.4,1338.6,1.73,188
2094116,"3,6,7-Triamino-7H-[1,2,4]triazolo[4,3-b][1,2,4]triazol-2-ium 5-(trinitromethyl)tetrazol-1-ide",,Nc1nn2c(N)[nH+]nc2n1N.O=[N+]([O-])C(c1nnn[n-]1)([N+](=O)[O-])[N+](=O)[O-],-32.20%,-10.70%,56.30%,8500,31.6,1.8,40,244.8,683,1.728,136
,"Di(3,6,7-triamino-7H-[1,2,4]triazolo[5,1-c][1,2,4]triazol-2-ium)-4,4',5,5'-tetranitro-3,3'-bipyrazolate",,Nc1nn2c(N)[nH+]nc2n1N.Nc1nn2c(N)[nH+]nc2n1N.O=[N+]([O-])c1n[n-]c(-c2[n-]nc([N+](=O)[O-])c2[N+](=O)[O-])c1[N+](=O)[O-],-59.10%,-28.30%,54%,8542,28.9,18,360,227.7,1269.7,1.795,250
1941414,"(E)-7,7'-(diazene-1,2-diyl)bis(3,6-diamino-7H-[1,2,4]triazolo[4,3-b][1,2,4]triazol-2-ium)",,Nc1nn2c(N)[nH+]nc2n1/N=N/n1c(N)nn2c(N)[nH+]nc12.O=[N+]([O-])[O-].O=[N+]([O-])[O-],-40.90%,-18.60%,58.60%,8677,36.1,40,360,212.7,468.7,1.781,275
,"3,6,7-triamino-7H-[1,2,4]triazolo[4,3-b][1,2,4]triazol-2-ium 5-amino-4-nitro-3-oxo-2,3-dihydropyrazol-1-ide",,Nc1[n-][nH]c(=O)c1[N+](=O)[O-].Nc1nn2c(N)[nH+]nc2n1N,-75.10%,-42.90%,56.30%,8394,26.06,40,360,204.1,403.4,1.77,226
,"3,6,7-Triamino-7H-[1,2,4]triazolo[5,1-c][1,2,4]triazol-2-ium dinitroamide",,Nc1nn2c(N)[nH+]nc2n1N.O=[N+]([O-])[N-][N+](=O)[O-],-33.70%,-15.30%,59%,9090,33.9,6,160,246.3,463.3,1.82,199
1045073,"3,6,7-Triamino-7H-[1,2,4]triazolo[5,1-c][1,2,4]triazol-2-ium nitrate",TATOT nitrate,Nc1nn2c(N)[nH+]nc2n1N.O=[N+]([O-])[O-],-47.90%,-25.80%,58%,9005,30.2,40,360,218.9,261.5,1.779,280
1045065,"di-TATOT 5,5’-azotetrazole-1,1’-dioxide",,Nc1nn2c(N)[nH+]nc2n1N.Nc1nn2c(N)[nH+]nc2n1N.[O-]n1nnnc1/N=N/c1nnnn1[O-],-66.40%,-41.10%,71.90%,9289,31.5,30,360,238.9,1834.1,1.731,210
1045074,"3,6,7-triamino-7H-[1,2,4]triazolo[4,3- b][1,2,4]triazole",TATOT,Nc1nn2c(N)nnc2n1N,-93.40%,-62.30%,72.70%,9385,29.7,40,360,207.2,446.7,1.725,245
1045072,TATOT 1-methyl-5-nitriminotetrazolate,,Cn1nn[n-]/c1=N\[N+](=O)[O-].Nc1nn2c(N)[nH+]nc2n1N,-69.70%,-42.90%,65.70%,8760,26.9,8,360,225.8,783.9,1.654,237
1045066,"di-TATOT 5,5’-azotetrazolate",,N(=N/c1nnn[n-]1)\c1nnn[n-]1.Nc1nn2c(N)[nH+]nc2n1N.Nc1nn2c(N)[nH+]nc2n1N,-77.60%,-50.60%,76.70%,9360,30.7,20,360,229.1,1811.8,1.724,200
1045070,TATOT 5-nitrotetrazole-2-oxide,,Nc1nn2c(N)[nH+]nc2n1N.O=[N+]([O-])c1nnn([O-])n1,-47.70%,-25.20%,63.80%,8814,29,25,360,234.1,691.7,1.732,222
,"3,6,7-Triamino-7H-[1,2,4]triazolo[5,1-c][1,2,4]triazol-2-ium N-(3,4-dinitro-1H-pyrazol-5-yl)nitramidate",,Nc1nn2c(N)[nH+]nc2n1N.O=[N+]([O-])[N-]c1n[nH]c([N+](=O)[O-])c1[N+](=O)[O-],-43%,-17.20%,52.70%,8704,31.3,25,240,236.7,666,1.8,211
,"Bis[3,6,7-triamino-7H-[1,2,4]triazolo[5,1-c][1,2,4]triazol-2-ium]- 3,3’ -dinitroamino-4,4’ -azofurazanate",,Nc1nn2c(N)[nH+]nc2n1N.Nc1nn2c(N)[nH+]nc2n1N.O=[N+]([O-])[N-]c1nonc1N=Nc1nonc1[N-][N+](=O)[O-],-56.50%,-29.60%,61.20%,8052,24,10,120,205,867.7,1.73,243
,"3,6,7-Triamino-7H-[1,2,4]triazolo[5,1-c][1,2,4]triazol-2-ium 5- nitrimino-1H-tetrazolate monohydrate",,Nc1nn2c(N)[nH+]nc2n1N.O=[N+]([O-])/N=c1/[n-]nn[nH]1,-56.30%,-33.80%,69%,8618,27.9,10,240,228.9,763.7,1.73,226
1049474,"3,6,7-Triamino-7H-[1,2,4]triazolo[5,1-c][1,2,4]triazol-2-ium 3,4,5-trinitropyrazolate",,Nc1nn2c(N)[nH+]nc2n1N.O=[N+]([O-])c1n[n-]c([N+](=O)[O-])c1[N+](=O)[O-],-42.60%,-15.70%,51%,8365,28.3,40,360,234,582.9,1.74,208
,"3,6,7-Triamino-7H-[1,2,4]triazolo[5,1-c][1,2,4]triazol-2-ium N,N’ -dinitrourea monoanionic salt",,Nc1nn2c(N)[nH+]nc2n1N.O=C([N-][N+](=O)[O-])N[N+](=O)[O-],-36.80%,-15.80%,55.20%,8881,32.3,6,120,237.9,424.4,1.81,167
,"3,6,7-Triamino-7H-[1,2,4]triazolo[5,1-c][1,2,4]triazol-2-ium CPT",,Nc1nc([N+](=O)[O-])nn1-c1c([N+](=O)[O-])n[n-]c1[N+](=O)[O-].Nc1nn2c(N)[nH+]nc2n1N,-52.80%,-23.70%,54.20%,8647,30.5,20,360,246.2,1166.1,1.77,303
,"Di{3,6,7-triamino-7H-[1,2,4]triazolo[5,1-c][1,2,4]triazol-2-ium} 3- dinitromethyl-5-nitramino-1,2,4-triazolate",,Nc1nn2c(N)[nH+]nc2n1N.Nc1nn2c(N)[nH+]nc2n1N.O=[N+]([O-])[N-]c1nc([C-]([N+](=O)[O-])[N+](=O)[O-])n[nH]1,-57.60%,-31%,59.50%,8615,28.3,25,360,226.5,1131,1.752,208
,"3,6,7-Triamino-7H-[1,2,4]triazolo[5,1-c][1,2,4]triazol-2-ium4- methyl-6-nitropyrazolo[3,4-d][1,2,3]triazol-3(4H)-olate",,Cn1nc([N+](=O)[O-])c2nnn([O-])c21.Nc1nn2c(N)[nH+]nc2n1N,-75.70%,-42.60%,57.90%,8519,27.5,15,160,230.8,916.4,1.74,188
,"3,6,7-Triamino-7H-[1,2,4]triazolo[5,1-c][1,2,4]triazol-2-ium 6- nitro-pyrazolo[3,4-c]furazanate 5-oxide",,Nc1nn2c(N)[nH+]nc2n1N.O=[N+]([O-])[c-]1c2nonc2n[n+]1[O-],-56.60%,-27.10%,56%,8741,30.8,20,360,237.3,809.77,1.81,186
1554456,"Di(3,6,7-triamino-7H-[1,2,4]triazolo[4,3-b][1,2,4]triazol-2-ium) 5-[(5-(nitroimino)tetrazol-1-id-4(5H)-yl)methyl]tetrazol-1-ide",,Nc1nn2c(N)[nH+]nc2n1N.Nc1nn2c(N)[nH+]nc2n1N.O=[N+]([O-])/N=c1\[n-]nnn1Cc1nnn[n-]1,-73.80%,-46.10%,69.90%,8499,26.5,40,360,226.6,1634.6,1.71,238
,"3,6,7-Triamino-7H-[1,2,4]triazolo[4,3-b][1,2,4]triazol-2-ium 5- ((5-amino-1H-tetrazol-1-yl)methyl)tetrazol-1-ide",,Nc1nn2c(N)[nH+]nc2n1N.Nc1nnnn1Cc1nnn[n-]1,-87.20%,-57.30%,74.10%,7912,21.5,40,360,213.8,1027,1.62,246
1446346,"3,5,7-Triamino-7H-s-triazolo[5,1-c]-s-triazolium 4,5-dinitro-imidazolate",,Nc1nn2c(N)[nH+]nc2n1N.O=[N+]([O-])c1nc[n-]c1[N+](=O)[O-],-61.50%,-30.70%,53.80%,8189,24.7,22,,213,446.8,1.71,206.5
,"3,5,7-Triamino-7H-s-triazolo[5,1-c]-s-triazolium 2,4-dinitro-imidazolate",,Nc1nn2c(N)[nH+]nc2n1N.O=[N+]([O-])c1c[n-]c([N+](=O)[O-])n1,-61.50%,-30.70%,53.80%,8113,24.1,40,,211.9,422.4,1.7,226.4
,"3,5,7-Triamino-7H-s-triazolo[5,1-c]-s-triazolium 3-amino-5-nitro- 1,2,4-triazolate",,Nc1nn2c(N)[nH+]nc2n1N.O=[N+]([O-])c1n[n-]c([N+](=O)[O-])n1,-48.50%,-23%,58.10%,8549,25.6,40,,210,561.9,1.68,231.5
1446347,"3,5,7-Triamino-7H-s-triazolo[5,1-c]-s-triazolium 5,5-N,N’-bi- 1,2,3,4-tetrazole-1H",,Nc1nn2c(N)[nH+]nc2n1N.n1n[n-]c(NNc2nnn[nH]2)n1,-74.50%,-49.60%,78.20%,9477,31.4,40,,224.2,1138,1.74,218.5
,"3,5,7-Triamino-7H-s-triazolo[5,1-c]-s-triazolium 3,5-dinitro-pyrazolate",,Nc1nn2c(N)[nH+]nc2n1N.O=[N+]([O-])c1cc([N+](=O)[O-])[n-]n1,-61.50%,-30.70%,53.80%,8286,25.4,35,,217.4,490,1.72,245.5
2210317,"3,6,7-triamino-7H-[1,2,4]triazolo[4,3-b][1,2,4]triazol-2-ium 5-(3,5-dioxo-2,3,4,5-tetrahydro-1,2,4-triazin-6-yl)tetrazol-1-ide",,Nc1nn2c(N)[nH+]nc2n1N.O=c1[nH]nc(-c2nnn[n-]2)c(=O)[nH]1,-78.70%,-45.30%,62.60%,7860,21.82,28,360,198.8,644,1.75,245.5
,"3,5,7-Triamino-7H-s-triazolo[5,1-c]-s-triazolium 3,5-dinitro-bi- 1,2,4-triazolate",,Nc1nn2c(N)[nH+]nc2n1N.Nc1nn2c(N)[nH+]nc2n1N.O=[N+]([O-])c1n[n-]c(-c2nc([N+](=O)[O-])n[n-]2)n1,-68.90%,-38.90%,62.90%,8718,27.7,30,,215.4,1208.2,1.75,311
,"(Z)-3-(4-nitro-1H-pyrazol-3-yl)-5-(nitroimino)-2,5-dihydro-1,2,4-triazol-1-ide",,Nc1nn2c(N)[nH+]nc2n1N.Nc1nn2c(N)[nH+]nc2n1N.O=[N+]([O-])/N=c1/nc(-c2n[nH]cc2[N+](=O)[O-])[nH][n-]1,-77.20%,-45.10%,61.20%,8630,27.2,35,360,208,1400,1.81,241
1884809,"3,6,7-Triamino-7H-[1,2,4]triazolo[4,3-b][1,2,4]triazol-2-ium pentazolate",,Nc1nn2c(N)[nH+]nc2n1N.n1nn[n-]n1,-67.50%,-46.20%,80.80%,7791,24.6,40,360,232.3,853.8,1.615,120.9
,"3,6,7-triamino-7H-[1,2,4]triazolo[4,3-b][1,2,4]triazol-2-ium",,Nc1nn2c(N)[nH+]nc2n1N.Nc1nn2c(N)[nH+]nc2n1N.Nc1nn2c(N)[nH+]nc2n1N.O=[N+]([O-])c1c[n-]nc1-c1nc([C-]([N+](=O)[O-])[N+](=O)[O-])n[n-]1,-75%,-42.90%,60%,8455,26.2,40,360,203.3,1823,1.78,243
,"3,6,7-triamino-7H-[1,2,4]triazolo[4,3-b][1,2,4]triazol-2-ium 5-(3,4-dinitropyrazol-1-id-5-yl)tetrazol-1-ide",,Nc1nn2c(N)[nH+]nc2n1N.Nc1nn2c(N)[nH+]nc2n1N.O=[N+]([O-])c1n[n-]c(-c2nnn[n-]2)c1[N+](=O)[O-],-68.90%,-38.90%,62.90%,8431,30.9,25,360,231.3,1556,1.77,212
,"3,6,7-triamino-7H-[1,2,4]triazolo[4,3-b][1,2,4]triazol-2-ium 1,1'-((4-amino-4H-1,2,4-triazole-3,5-diyl)bis(methylene))bis(3,5-dinitro-1H-pyrazol-4-olate)",,Nc1nn2c(N)[nH+]nc2n1N.Nc1nn2c(N)[nH+]nc2n1N.Nn1c(Cn2nc([N+](=O)[O-])c([O-])c2[N+](=O)[O-])nnc1Cn1nc([N+](=O)[O-])c([O-])c1[N+](=O)[O-],-67%,-33.50%,51.30%,7980,24,5,120,221.8,1358.38,1.74,190
,"3,6,7-triamino-7H-[1,2,4]triazolo[4,3-b][1,2,4]triazol-2-ium",,Nc1nn2c(N)[nH+]nc2n1N.Nc1nn2c(N)[nH+]nc2n1N.O=[N+]([O-])/N=c1/[n-]nc(-c2n[n-]cc2[N+](=O)[O-])o1,-71.40%,-39.30%,58.60%,8502,26.7,30,360,221.7,1273,1.82,238
,"bis(3,6,7-triamino[1,2,4]triazolo[5,1-c][1,2,4]triazol-2-ium) 5-[4-nitro-5-(nitroazanidyl)-2H-pyrazol-3-yl]-1,2,3,4-tetraazol-1-ide",,Nc1nn2c(N)[nH+]nc2n1N.Nc1nn2c(N)[nH+]nc2n1N.O=[N+]([O-])[N-]c1n[nH]c(-c2nnn[n-]2)c1[N+](=O)[O-],-68.40%,-39.30%,63.70%,8723,28.7,30,360,228.7,1539,1.817,221
,"3,6,7-triamino-[1,2,4]triazolo[4,3-b][1,2,4]triazole 3,4-Dinitropyrazolate",,Nc1nn2c(N)[nH+]nc2n1N.O=[N+]([O-])c1c[n-]nc1[N+](=O)[O-],-61.50%,-30.70%,53.80%,,,30,360,,,1.71,180
,"7H-1,2,4-Triazolo[4,3-b][1,2,4]triazole-3,6,7-triamine, compd. with 4-[3-(dinitromethyl)-1H-1,2,4-triazol-5-yl]-N-nitro-1,2,5-oxadiazol-3-amine (2:1)",,Nc1nn2c(N)[nH+]nc2n1N.Nc1nn2c(N)[nH+]nc2n1N.O=[N+]([O-])[N-]c1nonc1-c1nnc([C-]([N+](=O)[O-])[N+](=O)[O-])[nH]1,-59.10%,-30.20%,57.40%,8358,26.8,32,360,228.4,1338.6,1.73,188
,"Di-3,6,7-triamino-7H-[1,2,4]triazolo[4,3-b][1,2,4]triazol-2-ium- 4,6-dinitro-5,7-dioxidobenzo[c][1,2,5]oxadiazole 1-oxide",,Nc1nn2c(N)[nH+]nc2n1N.Nc1nn2c(N)[nH+]nc2n1N.O=[N+]([O-])c1c([O-])c([N+](=O)[O-])c2no[n+]([O-])c2c1[O-],-65%,-31.10%,49.40%,8136,25.56,27,240,,920.9,1.8,216
1936511,"3,6,7-Triamino-[1,2,4]triazolo[4,3-b][1,2,4]triazolium 3,6-dinitro- [1,2,4]triazolo[4,3-b][1,2,4]triazolate, 3,6,7-Triamino-[1,2,4]triazolo[4,3-b][1,2,4]triazole Cocrystal",,Nc1nn2c(N)[nH+]nc2n1N.Nc1nn2c(N)nnc2n1N.O=[N+]([O-])c1nn2c([N+](=O)[O-])nnc2[n-]1,-64.60%,-36.30%,63.50%,8365.5,25.69,40,360,220.1,1205.89,1.763,215
1883137,"3,6,7-Triamino-7H-[1,2,4]triazolo[4,3-b][1,2,4]triazol-2-ium 5-(4- azidofuroxan-3-yl)tetrazol-1-ide",,Nc1nn2c(N)[nH+]nc2n1N.[N-]=[N+]=Nc1no[n+]([O-])c1-c1nnn[n-]1,-61.80%,-34.40%,68.10%,7760,25.5,5.4,251,247.2,1363,1.67,115
2154692,"1,3,5-Triazine-2,4,6(1H,3H,5H)-trione, 1,3,5-tris(2H-tetrazol-5-ylmethyl)-, compd. with 7H-1,2,4-triazolo[4,3-b][1,2,4]triazole-3,6,7-triamine (1:3) (ACI)",,Nc1nn2c(N)[nH+]nc2n1N.Nc1nn2c(N)[nH+]nc2n1N.Nc1nn2c(N)[nH+]nc2n1N.O=c1n(Cc2nn[n-]n2)c(=O)n(Cc2nn[n-]n2)c(=O)n1Cc1nn[n-]n1,-88.80%,-54.40%,65.20%,8552,26.06,40,360,200,1888.9,1.813,182
,"3,6,7-Triamino-7H-[1,2,4]triazolo[4,3-b][1,2,4] triazol-2-ium 1-Methyl-3,5-dinitro-1H-pyrazol-4-olate",,Cn1nc([N+](=O)[O-])c([O-])c1[N+](=O)[O-].Nc1nn2c(N)[nH+]nc2n1N,-65.50%,-32.70%,49.10%,7770,22.36,40,360,217.6,449.3,1.69,235
,"3,6,7-triamino-7H-[1,2,4]triazolo[4,3-b][1,2,4]triazol-2-ium (6-amino-1,2,4,5-tetrazin-3-yl)(nitro)amide",,Nc1nn2c(N)[nH+]nc2n1N.Nc1nnc([N-][N+](=O)[O-])nn1,-64.30%,-38.60%,67.50%,8541,27.2,25,240,240.7,1032.5,1.71,241
,"3,6,7-triamino-7H-[1,2,4]triazolo[4,3-b][1,2,4]triazol-2-ium (6-hydrazineyl-1,2,4,5-tetrazin-3-yl)(nitro)amide",,NNc1nnc([N-][N+](=O)[O-])nn1.Nc1nn2c(N)[nH+]nc2n1N,-63.80%,-39.20%,68.70%,8846,29.4,12,240,243.7,1120.7,1.74,159
,"3,6,7-Triamino-7H-[1,2,4]triazolo[4,3-b][1,2,4]triazol-2-ium 1- ((4-amino-5-oxo-4,5-dihydro-1H-1,2,4-triazol-3-yl)methyl)-3,5- dinitro-1H-pyrazol-4-olate",,Nc1nn2c(N)[nH+]nc2n1N.Nn1c(Cn2nc([N+](=O)[O-])c([O-])c2[N+](=O)[O-])n[nH]c1=O,-65.40%,-32.70%,50.90%,7668,22,40,360,209.3,509,1.71,200
,"3,6,7-triamino-7H-[1,2,4]triazolo[4,3-b][1,2,4]triazol-2-ium (6-amino-1,2,4,5-tetrazin-3-yl)(nitro)amide hydrate",,Nc1nn2c(N)[nH+]nc2n1N.Nc1nnc([N-][N+](=O)[O-])nn1.O,-60.70%,-36.40%,63.80%,8810,28.9,25,360,230.3,791,1.76,240
,"Di-3,6,7-Triamino-7H-[1,2,4]triazolo[4,3-b] [1,2,4]triazol-2-ium 1,1’-(Ethane-1,2-diyl)bis(3,5-dinitro-1H-pyrazol-4-olate)",,Nc1nn2c(N)[nH+]nc2n1N.Nc1nn2c(N)[nH+]nc2n1N.O=[N+]([O-])c1nn(CCn2nc([N+](=O)[O-])c([O-])c2[N+](=O)[O-])c([N+](=O)[O-])c1[O-],-63.30%,-30.50%,49.20%,7803,23.06,40,360,220.4,1003.6,1.71,242
2345098,"3,6,7-triamino-7H-[1,2,4]triazolo[4,3-b][1,2,4]triazol-2-ium (E)-5,5'-(diazene-1,2-diyl)bis(tetrazol-1-ide)",,N(=Nc1nnn[n-]1)c1nnn[n-]1.Nc1nn2c(N)[nH+]nc2n1N.Nc1nn2c(N)[nH+]nc2n1N,-77.60%,-50.60%,76.70%,8054,22.9,20,360,229.1,1811.8,1.63,226
2345097,"3,6,7-triamino-7H-[1,2,4]triazolo[4,3-b][1,2,4]triazol-2-ium (4-nitro-1H-pyrazole-3,5-diyl)bis(dinitromethanide)",,Nc1nn2c(N)[nH+]nc2n1N.Nc1nn2c(N)[nH+]nc2n1N.O=[N+]([O-])c1c([C-]([N+](=O)[O-])[N+](=O)[O-])n[nH]c1[C-]([N+](=O)[O-])[N+](=O)[O-],-49.60%,-21.60%,51.20%,8436,28.2,15,240,229.2,986,1.8,203
,"3,6,7-triamino-7H-[1,2,4]triazolo[4,3-b][1,2,4]triazol-2-ium (E)-N,N′-(3,3′-(ethene-1,2-diyl)bis- (1,2,4-oxadiazole-5,3-diyl))dinitramide",,Nc1nn2c(N)[nH+]nc2n1N.Nc1nn2c(N)[nH+]nc2n1N.O=[N+]([O-])[N-]c1nc(/C=C/c2noc([N-][N+](=O)[O-])n2)no1,-70.20%,-37.80%,56.70%,9305,33.4,20,360,228.3,1444.9,1.78,267
2345095,"3,6,7-triamino-7H-[1,2,4]triazolo[4,3-b][1,2,4]triazol-2-ium (3,5-dinitropyrazine-2,6-diyl)bis(nitroamide)",,Nc1nn2c(N)[nH+]nc2n1N.Nc1nn2c(N)[nH+]nc2n1N.O=[N+]([O-])[N-]c1nc([N-][N+](=O)[O-])c([N+](=O)[O-])nc1[N+](=O)[O-],-50.80%,-24.10%,56.20%,8267,26.5,25,160,239,1381.3,1.72,189
,"3,6,7-triamino-7H-[1,2,4]triazolo[4,3-b][1,2,4]triazol-2-ium 4-carboxylato-3,5-dinitropyrazol-1-ide",,Nc1nn2c(N)[nH+]nc2n1N.Nc1nn2c(N)[nH+]nc2n1N.O=C([O-])c1c([N+](=O)[O-])n[n-]c1[N+](=O)[O-],-65.80%,-34.50%,54.90%,7860,22.97,40,360,217.1,877.7,1.71,242
,"3,6,7-triamino-7H-[1,2,4]triazolo[4,3-b][1,2,4]triazol-2-ium ， 5,5'-(4-nitro-1H-pyrazole-3,5-diyl)bis(tetrazol-1-ide)",,Nc1nn2c(N)[nH+]nc2n1N.Nc1nn2c(N)[nH+]nc2n1N.O=[N+]([O-])c1c(-c2nnn[n-]2)n[nH]c1-c1nnn[n-]1,-78.90%,-47.40%,67.80%,7968,22.6,40,360,221.5,1741,1.65,260
2172684,"3,6,7-triamino-7H-[1,2,4]triazolo[4,3-b][1,2,4]triazol-2-ium  (6-amino-[1,2,4]triazolo[4,3-b][1,2,4,5]tetrazin-3-yl)dinitromethanide",,Nc1nn2c(N)[nH+]nc2n1N.Nc1nnc2nnc([C-]([N+](=O)[O-])[N+](=O)[O-])n2n1,-58.70%,-30.40%,60.20%,8555,28,40,160,235.6,1068,1.792,206
,"3,6,7-triamino-7H-[1,2,4]triazolo[4,3-b][1,2,4]triazol-2-ium ，5,5'-(1H-pyrazole-3,5-diyl)bis(tetrazol-1-ide)",,Nc1nn2c(N)[nH+]nc2n1N.Nc1nn2c(N)[nH+]nc2n1N.c1c(-c2nnn[n-]2)n[nH]c1-c1nnn[n-]1,-93.70%,-59.30%,71%,7829,21,40,360,194.3,1330.5,1.69,248
,"3,6,7-triamino-7H-[1,2,4]triazolo[4,3-b][1,2,4]triazol-2-ium ,N-(1-(3,4-dinitro-1H-pyrazol-5-yl)-1H-tetrazol-5-yl)- nitramide",,Nc1nn2c(N)[nH+]nc2n1N.Nc1nn2c(N)[nH+]nc2n1N.O=[N+]([O-])[N-]c1nnnn1-c1[n-]nc([N+](=O)[O-])c1[N+](=O)[O-],-56.50%,-29.60%,61.20%,8744,29.9,35,240,248.2,1894.3,1.79,179
235337,"Diacetone diperoxide, 3,3,6,6-tetramethyl-1,2,4,5-  tetroxane",,CC1(C)OOC(C)(C)OO1,-151.20%,-86.40%,0%,6246,13.1,5,5,190.2,435,1.331,165
,"Guanidinium 3,4,5-trinitropyrazole-1-olate",,NC(N)=[NH2+].O=[N+]([O-])c1nn([O-])c([N+](=O)[O-])c1[N+](=O)[O-],-23%,0%,40.30%,8176,28.77,40,,247.8,3.09,1.72,171
863657,"Triazolium 3,4,5-trinitropyrazole-1-olate",,O=[N+]([O-])c1nn([O-])c([N+](=O)[O-])c1[N+](=O)[O-].c1n[nH]c[nH+]1,-27.80%,0%,38.90%,8175,29.5,40,,256,274.9,1.73,140
,"3,4,5-Triamino-triazolium 3,4,5-trinitropyrazole-1-olate",,Nc1n[nH+]c(N)n1N.O=[N+]([O-])c1nn([O-])c([N+](=O)[O-])c1[N+](=O)[O-],-31.20%,-7.20%,46.20%,8442,31.14,40,,247.6,331.9,1.77,185
,"3,4,5-Trinitropyrazole-1-ol",,O=[N+]([O-])c1nn(O)c([N+](=O)[O-])c1[N+](=O)[O-],3.70%,25.60%,32%,8669,36.4,1,,258.5,118.5,1.9,146
863655,"Ammonium 3,4,5-trinitropyrazole-1-olate",,O=[N+]([O-])c1nn([O-])c([N+](=O)[O-])c1[N+](=O)[O-].[NH4+],-6.80%,13.60%,35.60%,8676,35.07,6,80,267.3,35.1,1.82,176
,"3,5-Diamino-triazolium 3,4,5-trinitropyrazole-1-olate",,Nc1n[nH]c(N)[nH+]1.O=[N+]([O-])c1nn([O-])c([N+](=O)[O-])c1[N+](=O)[O-],-30.20%,-5%,44%,8261,29.74,40,,242.6,213.7,1.76,186
,"3-Amino-triazolium 3,4,5-trinitropyrazole-1-olate",,Nc1n[nH]c[nH+]1.O=[N+]([O-])c1nn([O-])c([N+](=O)[O-])c1[N+](=O)[O-],-29%,-2.60%,41.60%,8177,29.16,40,,249.7,250.5,1.73,132
,"4-Amino-triazolium 3,4,5-trinitropyrazole-1-olate",,Nn1cn[nH+]c1.O=[N+]([O-])c1nn([O-])c([N+](=O)[O-])c1[N+](=O)[O-],-29%,-2.60%,41.60%,8345,30.82,40,,259.7,381.6,1.74,118
1256504,"1-Methyl-3,5-dinitro-1H-1,2,4-triazole",DNMT,Cn1nc([N+](=O)[O-])nc1[N+](=O)[O-],-32.40%,-4.60%,40.40%,7850,23.3,,252,,,2.1,260.6
,"mono nitrate salt of 2,4,6-triamino-1,3,5- triazine-1,3-dioxide",MDOMN,Nc1nc(N)[n+]([O-])c(N)[n+]1[O-].O=[N+]([O-])O,-32.60%,-10.90%,44.30%,8857,32.3,27,360,245,59.5,1.75,242
1947761,"2,4,6-triamino-1,3,5-triazine-1,3-dioxide",MDO,Nc1nc(N)[n+]([O-])c(N)[n+]1[O-],-70.80%,-40.50%,53.10%,6988,21.4,40,360,187,1.71,1.71,319
,"dinitramide salt of 2,4,6-triamino-1,3,5-triazine- 1,3-dioxide",MDONA,Nc1nc(N)[n+]([O-])c(N)[n+]1[O-].O=[N+]([O-])N[N+](=O)[O-],-21.10%,-3%,47.50%,9085,35.4,27,360,265.4,259.4,1.82,232
971681,"1,2,3-Triazolo[4,5-e]furazano[3,4-b]pyrazine 6-oxide",,[O-][n+]1nc2nc3nonc3[nH]c-2n1,-58.10%,-22.30%,54.70%,8532,32.4,32,,242.5,597,1.85,281
1018387,"1H-Pyrazole-4-diazonium, 3,5-dinitro-, inner salt",,N#[N+]c1c([N+](=O)[O-])n[n-]c1[N+](=O)[O-],-17.40%,8.70%,45.60%,9038,35,2.5,5,269.21,407.8,1.81,154
,4-diazo-5-nitro-pyrazol-3- one zwitterion,DNPO,N#[N+]c1c([N+](=O)[O-])n[nH]c1[O-],-36.10%,-5.20%,45.10%,8055,26.4,4.5,28,215,129.1,1.77,151
1494362,bis(4-diazo-5-nitro-3-oxo-pyrazolyl)methane,,N#[N+]c1c([N+](=O)[O-])nn(Cn2nc([N+](=O)[O-])c([N+]#N)c2[O-])c1[O-],-44.70%,-9.90%,43.50%,8016,26,1.5,40,229.5,497,1.732,226
1269524,"Tetrazene, 1-Amino-1-((1H-tetrazol-5-yl)-azo)guanidine  monohydrate, 4-guanyl-1-(nitrosoaminoguanyl)-1- tetrazene",Tetrazene,N=C(N)N(N)/N=N/c1nn[nH]n1.O,-59.50%,-42.50%,74.40%,8820,26.8,1,,189.8,189.1,1.7,136
2090057,"(E)-1,2-bis(1-(2-azidoethyl)-1H-tetrazol-5-yl)diazene",,[N-]=[N+]=NCCn1nnnc1/N=N/c1nnnn1CCN=[N+]=[N-],-84.10%,-52.60%,73.60%,8148,23.3,4,6,245.8,1456.2,1.605,188
2079019,"Triguanidine di(1′H-[1,5′-bitetrazol]-5-yl)amine",,NC(N)=[NH2+].NC(N)=[NH2+].NC(N)=[NH2+].n1nc([N-]c2nnnn2-c2nn[n-]n2)n(-c2nn[n-]n2)n1,-78.90%,-54.90%,78%,8023,21.23,40,324,183.3,878.81,1.63,277
,"Triammonium di(1′H-[1,5′-bitetrazol]-5-yl)amine",,[NH4+].[NH4+].[NH4+].n1nc([N-]c2nnnn2-c2nn[n-]n2)n(-c2nn[n-]n2)n1,-65.80%,-47%,82.30%,8165,21.75,37.5,360,171.9,497.06,1.69,191
824135,5-amino-4-methyl-1-nitriminotetrazole,,Cn1nnn([N-][N+](=O)[O-])c1=[NH2+],-45.30%,-25.10%,61.60%,8561,29.2,1,5,256,453,1.643,150
2216874,"N,N'-methylenebis(N-(1-cyclopropyl-1H-tetrazol-5-yl)nitramide)",,O=[N+]([O-])N(CN(c1nnnn1C1CC1)[N+](=O)[O-])c1nnnn1C1CC1,-90.80%,-50%,47.70%,7207,18.99,12,240,246.8,1107.6,1.48,126
2216873,"N,N'-methylenebis(N-(1-methyl-1H-tetrazol-5-yl)nitramide)",,Cn1nnnc1N(CN(c1nnnn1C)[N+](=O)[O-])[N+](=O)[O-],-53.30%,-26.60%,56%,8042,24.35,18,240,241.6,714.6,1.63,153
2051823,"Trihydroxylaminedi (1′H-[1,5′-bitetrazol]-5-yl)amine (hydroxylamine)",,[NH3+]O.[NH3+]O.[NH3+]O.n1nc([N-]c2nnnn2-c2nn[n-]n2)n(-c2nn[n-]n2)n1,-45.30%,-28.80%,72.10%,9668,35.09,40,360,224.7,877.7,1.82,168
2051808,"Trihydrazinium di(1′H-[1,5′-bitetrazol]-5-yl)amine",,N[NH3+].N[NH3+].N[NH3+].n1nc([N-]c2nnnn2-c2nn[n-]n2)n(-c2nn[n-]n2)n1,-64.40%,-47.80%,83.60%,9063,28.3,37.5,360,207.3,1017.37,1.7,179
,"2, 4, 6-tris (5-(3, 5-dinitrophenyl)-1H-tetrazol-1-yl)-1, 3, 5-triazine",,O=[N+]([O-])c1cc(-c2nnn(-c3nc(-n4nnc(-c5cc([N+](=O)[O-])cc([N+](=O)[O-])c5)n4)nc(-n4nnnc4-c4cc([N+](=O)[O-])cc([N+](=O)[O-])c4)n3)n2)cc([N+](=O)[O-])c1,-82.70%,-33.70%,37.50%,6850,19.93,50,360,218.5,1511,1.68,
2203199,"hydrazinium 5-azido-10-nitro-5H,10H-bis(tetrazolo)[1,5-c:5',1'-f]pyrimidin-10-ide",,N[NH3+].[N-]=[N+]=NC1n2nnnc2[C-]([N+](=O)[O-])c2nnnn21,-51%,-28.30%,69.50%,9077,31.9,16,160,263.9,1213.74,1.76,154.5
,"amino(hydrazineyl)methaniminium 4-(dinitromethaneidyl)-5-(nitroimino)-4,5-dihydrotetrazol-1-ide monohydrate",,NNC(N)=[NH2+].NNC(N)=[NH2+].O.O=[N+]([O-])N=c1[n-]nnn1[C-]([N+](=O)[O-])[N+](=O)[O-],-36%,-20%,56%,8471,26.5,1,40,233.3,199.6,1.65,137
,"hydroxylammonium 5-azido-10-nitro-5H,10H-bis(tetrazolo)[1,5-c:5',1'-f]pyrimidin-10-ide",,[N-]=[N+]=NC1n2nnnc2[C-]([N+](=O)[O-])c2nnnn21.[NH3+]O,-42.40%,-19.80%,64.30%,9044,33.1,20,240,269.29,1141.9,1.78,139.6
,"ammonium 4-(dinitromethaneidyl)-5- (nitroimino)-4,5-dihydrotetrazol-1-ide",,O=[N+]([O-])N=c1[n-]nnn1[C-]([N+](=O)[O-])[N+](=O)[O-].[NH4+].[NH4+],-11.90%,0%,52.20%,8985,33.2,1,20,264.5,157.9,1.75,145
2203198,"ammonium 5-azido-10-nitro-5H,10H-bis(tetrazolo)[1,5-c:5',1'-f]pyrimidin-10-ide",,[N-]=[N+]=NC1n2nnnc2[C-]([N+](=O)[O-])c2nnnn21.[NH4+],-50.90%,-26.90%,68.10%,8898,31.4,18,240,258.6,1085.59,1.77,135.3
,"2-(5-(2,4-dinitrophenyl)-1H-tetrazol-1-yl)-4,6-bis(5-(3,5-dinitrophenyl)-2H-tetrazol-2-yl)-1,3,5-triazine",,O=[N+]([O-])c1cc(-c2nnn(-c3nc(-n4nnc(-c5cc([N+](=O)[O-])cc([N+](=O)[O-])c5)n4)nc(-n4nnnc4-c4ccc([N+](=O)[O-])cc4[N+](=O)[O-])n3)n2)cc([N+](=O)[O-])c1,-82.70%,-33.70%,37.50%,6850,19.93,50,360,218.5,1511,1.68,138
,"1,5-Diamino-4-methyl-1,2,3,4-tetrazolium nitrocyanamide",,C[n+]1nnn(N)c1N.N#C[N-][N+](=O)[O-],-59.70%,-35.80%,62.60%,8020,23,40,,225,409.2,1.58,188
,"1-Amino-4,5-dimethyltetrazolium nitrate",,Cc1n(N)nn[n+]1C.O=[N+]([O-])[O-],-63.60%,-36.30%,47.70%,,,,,222.7,129.52,1.55,170
2259543,"5-azido-10-nitro-1H,5H-bis(tetrazolo)[1,5-c:5',1'-f]pyrimidine",ANBTzP,[N-]=[N+]=NC1N2N=NNC2=C([N+](=O)[O-])c2nnnn21,-44.80%,-19.20%,67.20%,8869,31.78,4,60,250.65,1005.79,1.84,132
,"2-Azido-N,N-dimethylethylammonium Ethylene Bis(5-nitroiminotetrazolate)",,C[NH+](C)CCN=[N+]=[N-].C[NH+](C)CCN=[N+]=[N-].O=[N+]([O-])/N=c1/[n-]nnn1CCn1nn[n-]/c1=N/[N+](=O)[O-],-102.60%,-65.30%,54.40%,,,20,,241,1577,1.41,182
274065,"4,5-Dimethyl-1-aminotetrazolium 3,5-dinitro-1,2,4-triazolate",,Cc1n(C)nn[n+]1N.O=[N+]([O-])c1nnc([N+](=O)[O-])[n-]1,-58.80%,-29.40%,51.40%,,,,,247,660.3,1.64,166
,"1H-Tetrazolium, 1,4,5-trimethyl-, salt with 5,5′-(1,2-diazenediyl)bis[2H-tetrazole] (2:1)",,Cc1n(C)nn[n+]1C.Cc1n(C)nn[n+]1C.N(=N/c1nn[n-]n1)\c1nn[n-]n1,-118.90%,-77.90%,64.60%,,,,,171.1,604,1.46,
261255,"1,5-Diamino-4-methyl-1H-tetrazolium Nitrate",,C[n+]1nnn(N)c1N.O=[N+]([O-])[O-],-40.60%,-22.60%,55.30%,7682,23.4,40,120,238.9,174.55,1.506,181
261459,"1,5-Diamino-4-methyl-1H-tetrazolium Azide",,C[n+]1nnn(N)c1N.[N-]=[N+]=[N-],-76.40%,-56%,80.20%,7405,20.8,15,192,249.4,676.43,1.417,137
,"1,4,5-Trimethyltetrazolium 3,5-dinitro-1,2,4-triazolate",,Cc1n(C)nn[n+]1C.O=[N+]([O-])c1nnc([N+](=O)[O-])[n-]1,-73.70%,-38.30%,46.50%,,,,,201.8,161.4,1.72,199
258034,"1,5-Diamino-4-methyl-1H-tetrazolium Dinitramide",,C[n+]1nnn(N)c1N.O=[N+]([O-])[N-][N+](=O)[O-],-25.30%,-10.90%,57%,8827,33.6,7,24,267.5,385.52,1.719,184
,"2-Amino-4,5-dimethyltetrazolium Nitrate",,Cc1n[n+](N)nn1C.O=[N+]([O-])[O-],-63.60%,-36.30%,47.70%,,,,,226.9,163.41,1.55,173
,"1,4-Dimethyl-5-aminotetrazolium nitrodicyanomethanide",,Cn1nn[n+](C)c1N.N#C[C-](C#N)[N+](=O)[O-],-99.90%,-57.10%,50%,,,,,210.2,443.2,1.41,260
,"1-Methyl-5-amino-tetrazolium 3,5-Dinitro-1,2,4-triazolate",,Cn1nn[nH+]c1N.O=[N+]([O-])c1nnc([N+](=O)[O-])[n-]1,-43.40%,-18.60%,54.20%,7763,23.5,,,229.8,413.7,1.63,195
622227,"1,5-Diamino-4-methyltetrazolium nitrodicyanomethanide",,Cn1nn[n+](N)c1N.N#C[C-](C#N)[N+](=O)[O-],-81.70%,-46.20%,56%,,,,,223.6,550.3,1.48,176
,"1,5-Dimethyl-tetrazolium 5-Nitro-tetrazolate",,Cc1[nH+]nnn1C.O=[N+]([O-])c1nnn[n-]1,-71.30%,-41.30%,59.10%,,,,,,,1.38,131
,"1,4,5-Trimethyltetrazolium nitrodicyanomethanide",,Cc1n(C)nn[n+]1C.N#C[C-](C#N)[N+](=O)[O-],-118.30%,-68.10%,43.90%,,,,,204.8,404.6,1.38,240
,"1,4,5-Trimethyltetrazolium dinitrocyanomethanide",,Cc1n(C)nn[n+]1C.N#C[C-]([N+](=O)[O-])[N+](=O)[O-],-82.20%,-42.80%,40.30%,,,,,216.9,245.8,1.49,215
,"1,4,5-Trimethyltetrazolium nitrate",,Cc1n(C)nn[n+]1C.O=[N+]([O-])[O-],-86.80%,-50.20%,40%,,,,,210.5,33.9,1.38,199
704301,1-(2-Azidoethyl)-5-aminotetrazole,,[N-]=[N+]=NCCn1nnnc1N,-93.40%,-62.30%,72.70%,8043,21.8,10,360,224.2,413,1.5,130
622226,"1,5-Diamino-4-methyltetrazolium dinitrocyanomethanide",,Cn1nn[n+](N)c1N.N#C[C-]([N+](=O)[O-])[N+](=O)[O-],-48.90%,-22.80%,51.40%,,,,,234.1,388.2,1.64,182
,"1,4-Dimethyl-5-aminotetrazolium dinitrocyanomethanide",,Cn1nn[n+](C)c1N.N#C[C-]([N+](=O)[O-])[N+](=O)[O-],-65.50%,-32.80%,45.90%,,,,,221.6,281.4,1.56,145
683808,"1,4-Dimethyl-5-aminotetrazolium nitrate",,Cn1nn[n+](C)c1N.O=[N+]([O-])[O-],-63.60%,-36.30%,47.70%,,,,,214.8,63.4,1.51,206
704309,1-(2-Hydroxyethyl)-5-nitriminotetrazole,,O=[N+]([O-])/N=c1/[nH]nnn1CCO,-55.10%,-27.60%,48.20%,8254,28,6,55,228.2,201,1.73,138
704303,1-(2-Hydroxyethyl)-5-aminotetrazole,,Nc1nnnn1CCO,-105.30%,-68.20%,54.20%,6645,13.3,100,360,155.7,105,1.5,160
704314,1-(2-Azidoethyl)-5-aminotetrazolium nitrate,,O=[N+]([O-])[O-].[N-]=[N+]=NCCn1nn[nH+]c1N,-47.90%,-25.80%,58%,8329,27.1,7,160,241.2,457,1.66,148
704315,1-(2-Hydroxyethyl)-5-aminotetrazolium nitrate,,Nc1[nH+]nnn1CCO.O=[N+]([O-])[O-],-50%,-25%,43.70%,7784,23.3,50,360,226,11,1.6,160
704310,1-(2-Nitratoethyl)-5-nitriminotetrazole monohydrate,,O.O=[N+]([O-])/N=c1/[nH]nnn1CCO[N+](=O)[O-],-23.60%,-3.40%,41.30%,8943,34.1,25,360,269.4,165,1.781,128
704312,1-(2-Azidoethyl)-5-nitriminotetrazole,,[N-]=[N+]=NCCn1nn[nH]/c1=N/[N+](=O)[O-],-52.20%,-28.10%,63.30%,8320,27.5,2,80,249.5,629,1.67,140
662753,"1,5-Diamino-4-methyl-tetrazolium Azotetrazolate",,C[n+]1nnn(N)c1N.C[n+]1nnn(N)c1N.N(=N/c1nnn[n-]1)\c1nnn[n-]1,-77.10%,-52.70%,78.10%,7977,21.1,30,360,,,1.427,170
662752,"1,5-Diamino-4-methyl-tetrazolium Azotetrazolate Dihydrate",,C[n+]1nnn(N)c1N.C[n+]1nnn(N)c1N.N(=N/c1nnn[n-]1)\c1nnn[n-]1.O.O,-70.60%,-48.30%,71.60%,8090,22.4,30,360,,,1.546,183
662751,"1,4-Dimethyl-5-aminotetrazolium Azotetrazolate",,Cn1nn[n+](C)c1N.Cn1nn[n+](C)c1N.N(=N/c1nnn[n-]1)\c1nnn[n-]1,-97.90%,-65.20%,71.40%,7803,20,30,360,,,1.431,193
662750,"1,4-Dimethyl-5-aminotetrazolium Azotetrazolate Dihydrate",,Cn1nn[n+](C)c1N.Cn1nn[n+](C)c1N.N(=N/c1nnn[n-]1)\c1nnn[n-]1.O.O,-89.60%,-59.80%,65.40%,7820,20.2,30,360,,,1.441,197
663141,"1,5-diamino-4-methyltetrazole",,Cn1nnn(N)c1=N,-98.10%,-70.10%,73.60%,,,,,,,1.457,167
,"1,5-diamino-4-methyltetrazolium nitrate",,Cn1nnn(N)c1=[NH2+].O=[N+]([O-])[O-],-40.60%,-22.60%,55.30%,7482,19.9,40,120,238.9,174.55,1.506,181
,"1,5-diamino-4-methyltetrazolium azide",,Cn1nnn(N)c1=[NH2+].[N-]=[N+]=[N-],-76.40%,-56%,80.20%,8224,21.8,15,192,249.4,676.43,1.417,137
670918,Diaminoguanidinium 1-Methyl-5-nitriminotetrazolate,,Cn1nn[n-]/c1=N/[N+](=O)[O-].NN/C(N)=[NH+]/N,-65.20%,-44.60%,66%,8559,26.1,7.5,360,214.4,352,1.61,208
,"h 1,5-diamino- 4-methyltetrazolium dinitramide",,Cn1nnn(N)c1=[NH2+].O=[N+]([O-])[N-][N+](=O)[O-],-25.30%,-10.90%,57%,8470,28.9,7,24,267.5,385.52,1.719,184
670921,Guanidinium 1-Methyl-5-nitriminotetrazolate,,Cn1nn[n-]/c1=N/[N+](=O)[O-].NC(N)=[NH2+],-66.90%,-43.30%,62%,7747,20.6,40,360,199.8,155,1.55,210
,Aminoguanidinium 1-Methyl-5-nitriminotetrazolate,,Cn1nn[n-]/c1=N/[N+](=O)[O-].NNC(N)=[NH2+],-66%,-44%,64.20%,8062,22.7,10,360,207.8,257,1.57,216
663142,"1,5-Diamino-4-methyltetrazolium 5-Nitrotetrazolate",,Cn1nnn(N)c1=[NH2+].O=[N+]([O-])c1nnn[n-]1,-52.40%,-31.40%,67.20%,6749,15.5,30,360,163.7,79.95,1.629,162
,"1,4-dimethyl-5-aminotetrazolium 5-nitrotetrazolate",,Cn1nnn(C)c1=[NH2+].O=[N+]([O-])c1nnn[n-]1,-70.10%,-42.10%,61.40%,6539,13.9,30,360,161.4,100.88,1.548,191
,"1,5-Diamino-4-methyl-1,2,3,4-tetrazolium 5-aminotetrazolate",,Cn1nn[n+](N)c1N.Nc1nnn[n-]1,-84.30%,-60.20%,77.30%,8385,23.2,,,223.1,655.1,1.57,190
683809,"1,4-Dimethyl-5-aminotetrazolium Azide",,Cn1[nH]n[n+](C)c1=N.[N-]=[N+]=[N-],-102.50%,-71.70%,71.70%,8200,21.7,30,360,,,1.403,250
635161,Ammonium 1-Methyl-5-Nitriminotetrazolate,,Cn1nn[n-]/c1=N/[N+](=O)[O-].[NH4+],-54.60%,-34.80%,60.80%,7884,22.1,24,360,192.2,17,1.639,188
670919,Azidoformamidinium 1-Methyl-5-nitriminotetrazolate,,Cn1nn[n-]/c1=N/[N+](=O)[O-].[N-]=[N+]=NC(N)=[NH2+],-52.40%,-31.40%,67.20%,7910,23,4,160,213.7,405,1.61,165
683810,"1,4-Dimethyl-5-aminotetrazolium Dinitramide",,Cn1[nH]n[n+](C)c1=N.O=[N+]([O-])[N-][N+](=O)[O-],-43.60%,-21.80%,50.90%,7500,21.2,5,360,,,1.572,174
683808,"1,4-Dimethyl-5-aminotetrazolium Nitrate",,Cn1[nH]n[n+](C)c1=N.O=[N+]([O-])[O-],-63.60%,-36.30%,47.70%,7500,20.2,30,360,,,1.523,270
665251,1-Methyl-5-aminotetrazolium Nitrate,,C[n+]1n[nH]nc1N.O=[N+]([O-])[O-],-39.50%,-19.70%,51.80%,8100,25.6,30,360,,,1.654,178
670920,Triaminoguanidinium 1-Methyl-5-nitriminotetrazolate,,Cn1nn[n-]/c1=N/[N+](=O)[O-].NNC(NN)=[NH+]N,-64.50%,-45.10%,67.70%,8770,27.3,6,240,231.7,569,1.57,210
680291,5-Amino-1-methyl-1H-tetrazol-4-ium Dinitramide,,Cn1nn[nH+]c1N.O=[N+]([O-])[N-][N+](=O)[O-],-23.30%,-7.80%,54.30%,8481,28.7,4,112,268.5,331,1.646,145
,"3-Amino-6-cyano-1,2,4,5-tetrazine-2,4-di-N-oxide",,N#Cc1n[n+]([O-])c(N)[n+]([O-])n1,-51.90%,-20.80%,54.50%,8138,26.2,15,240,235.3,378.6,1.72,191
,Azidomethyl-dinitroxydimethyl-nitromethane,AMDNNM,[N-]=[N+]=NCC(CO[N+](=O)[O-])(CO[N+](=O)[O-])[N+](=O)[O-],-18%,6%,31.60%,7860,25,1.95,,269.1,17.51,1.55,151
1126608,"1,3,3-trinitroazetidine",TNAZ,O=[N+]([O-])N1CC([N+](=O)[O-])([N+](=O)[O-])C1,-16.70%,8.30%,29.20%,9006,36.4,6,324,272,21,1.86,240
,"ammonium 5-(5-(dinitromethaneidyl)-4H-1,2,4-triazol-3-yl)-3,4-dinitropyrazol-1-ide",,O=[N+]([O-])c1n[n-]c(-c2nnc([C-]([N+](=O)[O-])[N+](=O)[O-])[nH]2)c1[N+](=O)[O-].[NH4+].[NH4+],-37.40%,-11%,42.40%,8451,28.9,22,240,229.6,75.7,1.812,187.6
,"Diammonium 4,4',5,5'-tetranitro-3,3'-bipyrazolate",,O=[N+]([O-])c1n[n-]c(-c2[n-]nc([N+](=O)[O-])c2[N+](=O)[O-])c1[N+](=O)[O-].[NH4+].[NH4+],-36.80%,-9.20%,40.20%,8343,29.4,10,240,236.1,116.2,1.764,193
,"ammonium 3,4-Dinitropyrazolate",,O=[N+]([O-])c1c[n-]nc1[N+](=O)[O-].[NH4+],-41.10%,-13.70%,40%,,,40,360,,,1.69,127
863656,"Ammonium 3,4,5-trinitropyrazolate",,O=[N+]([O-])c1n[n-]c([N+](=O)[O-])c1[N+](=O)[O-].[NH4+],-14.50%,7.30%,38.20%,8461,29.92,40,,263,60.5,1.73,224
2382662,"ammonium 5-(dinitromethaneidyl)-3,4-dinitropyrazol-1-ide",,O=[N+]([O-])c1n[n-]c([C-]([N+](=O)[O-])[N+](=O)[O-])c1[N+](=O)[O-].[NH4+].[NH4+],-21.60%,0%,37.80%,8247,28.2,25,240,252.1,105,1.702,189
2352182,"ammonium 5-(3,4-dinitropyrazol-1-id-5-yl)tetrazol-1-ide",,O=[N+]([O-])c1n[n-]c(-c2nnn[n-]2)c1[N+](=O)[O-].[NH4+].[NH4+],-49.20%,-24.60%,53.80%,8139,24.9,16,360,222.7,313,1.69,196
2106834,"ammonium 5-(3,4-dinitropyrazol-1-id-5-yl)-3-nitro-1,2,4-triazol-1-ide",,O=[N+]([O-])c1n[n-]c(-c2[n-]nc([N+](=O)[O-])c2[N+](=O)[O-])n1.[NH4+].[NH4+],-42.10%,-15.80%,46%,7952,24.4,40,360,221,118.5,1.705,230
2382663,"ammonium 5-(3,4-dinitro-1H-pyrazol- 5-yl)-1H-tetrazol-1-ol",,O=[N+]([O-])c1n[n-]c(-c2nnnn2[O-])c1[N+](=O)[O-].[NH4+].[NH4+],-40.60%,-17.40%,50.70%,8376,27.4,40,360,226.4,197,1.75,207
,"diammonium N-(1-(3,4-dinitro-1H-pyrazol-5-yl)-1H-tetrazol-5-yl)- nitramide",,O=[N+]([O-])[N-]c1nnnn1-c1[n-]nc([N+](=O)[O-])c1[N+](=O)[O-].[NH4+].[NH4+],-30%,-10%,52.50%,8906,32.8,30,240,270.9,699.3,1.75,176
1434642,"ammonium 1-(3,4-Dinitro-1H-pyrazol-5-yl)-3-nitro-1H-1,2,4-triazole",,O=[N+]([O-])c1ncn(-c2[n-]nc([N+](=O)[O-])c2[N+](=O)[O-])n1.[NH4+],-36.20%,-8.40%,43.90%,8695,33.1,25,360,240,295.4,1.85,211
,Diamino-dinitrobenzofuroxan,CL-14,Nc1c([N+](=O)[O-])c(N)c2c(no[n+]2[O-])c1[N+](=O)[O-],-50%,-12.50%,32.80%,8050,26.6,30,360,,,1.91,228
1144927,"4-Amino-5,7-dinitro-2,1,3-benzoxadiazole 3-oxide",ADNBF,Nc1c([N+](=O)[O-])cc([N+](=O)[O-])c2no[n+]([O-])c12,-49.80%,-10%,29%,7910,28.2,24.5,,231.2,169.9,1.902,274
1835054,"1,3-Dinitro-1H-pyrazole",,O=[N+]([O-])c1ccn([N+](=O)[O-])n1,-30.40%,0%,35.40%,8459,30.8,25,360,262.1,189.1,1.76,171
932928,"3-Cyano-4-(N,2,2,2-tetranitroethylamino)-furazan",,N#Cc1nonc1N(CC([N+](=O)[O-])([N+](=O)[O-])[N+](=O)[O-])[N+](=O)[O-],-10.10%,15.10%,35.20%,8745,36.1,2,,291,902.9,1.86,156
,"3-Nitro-4-(N,2,2,2-tetranitroethylamino)-furazan",,O=[N+]([O-])c1nonc1N(CC([N+](=O)[O-])([N+](=O)[O-])[N+](=O)[O-])[N+](=O)[O-],9.50%,28.40%,33.10%,8330,30.9,2,,273.3,662.3,1.81,135
932930,"3-Methyl-4-(N,2,2,2-tetranitroethylamino)-furazan",,Cc1nonc1N(CC([N+](=O)[O-])([N+](=O)[O-])[N+](=O)[O-])[N+](=O)[O-],-18.20%,7.80%,31.90%,8440,31.2,2,,289,529.5,1.731,138
,"3-3-nitro-2-(trinitromethyl)-l,3-diazacyclopent-1- ene",,O=[N+]([O-])N1CCN=C1C([N+](=O)[O-])([N+](=O)[O-])[N+](=O)[O-],-12.10%,12.10%,31.80%,8504,31.9,3.5,40,279,256.2,1.75,129.8
1140994,"N,N′-(Ethane-1,2-diyl)bis(N-(2,2,2-trinitroethyl) nitramide), N, N′-bis[N-(2,2,2-trinitroethyl)-N-nitro]  ethylenediamine",ZOX,O=[N+]([O-])N(CCN(CC([N+](=O)[O-])([N+](=O)[O-])[N+](=O)[O-])[N+](=O)[O-])CC([N+](=O)[O-])([N+](=O)[O-])[N+](=O)[O-],0%,20.20%,29.40%,8970,37.8,25,,269.6,53.5,1.87,197
1221665,"Bi-trinitroethylnitramine, N,N-bis(2,2,2-trinitroethyl) nitramide, Bis(2,2,2-trinitroethyl)-nitramine",,O=[N+]([O-])N(CC([N+](=O)[O-])([N+](=O)[O-])[N+](=O)[O-])CC([N+](=O)[O-])([N+](=O)[O-])[N+](=O)[O-],16.50%,33%,28.90%,8913,32.5,2.5,,248.1,27.6,1.91,171
,"4-(trinitromethyl)-3- nitro-dihydro-2H-1, 3, 5-oxadiazin",,O=[N+]([O-])N1COCN=C1C([N+](=O)[O-])([N+](=O)[O-])[N+](=O)[O-],-5.70%,17.10%,30%,8807,34.9,3.5,60,259.6,148.6,1.83,140.4
,"amino(hydrazineyl)methaniminium (E)-3-(4,4'-dinitro-5'-((E)-5-(nitroimino)-4,5-dihydro-1H-1,2,4-triazol-3-yl)-2H,2'H-[3,3'-bipyrazol]-5-yl)-5-(nitroimino)-4,5-dihydro-1,2,4-triazol-1-ide",,NNC(N)=[NH2+].O=[N+]([O-])/N=c1/[n-]nc(-c2n[nH]c(-c3[nH]nc(-c4n[nH]/c(=N/[N+](=O)[O-])[nH]4)c3[N+](=O)[O-])c2[N+](=O)[O-])[nH]1,-57.90%,-26.10%,50.70%,8165,26.1,40,360,234.6,1164,1.7,232
2370632,"ammonium (E)-3-(4,4'-dinitro-5'-((E)-5-(nitroimino)-4,5-dihydro-1H-1,2,4-triazol-3-yl)-2H,2'H-[3,3'-bipyrazol]-5-yl)-5-(nitroimino)-4,5-dihydro-1,2,4-triazol-1-ide",,O=[N+]([O-])/N=c1/[n-]nc(-c2n[nH]c(-c3[nH]nc(-c4n[nH]/c(=N/[N+](=O)[O-])[nH]4)c3[N+](=O)[O-])c2[N+](=O)[O-])[nH]1.[NH4+],-53.30%,-21%,48.10%,8507,30,32,360,238.7,1028.3,1.79,205
,"hydrazinium (E)-3-(4,4'-dinitro-5'-((E)-5-(nitroimino)-4,5-dihydro-1H-1,2,4-triazol-3-yl)-2H,2'H-[3,3'-bipyrazol]-5-yl)-5-(nitroimino)-4,5-dihydro-1,2,4-triazol-1-ide",,N[NH3+].O=[N+]([O-])/N=c1/[n-]nc(-c2n[nH]c(-c3[nH]nc(-c4n[nH]/c(=N/[N+](=O)[O-])[nH]4)c3[N+](=O)[O-])c2[N+](=O)[O-])[nH]1,-53.30%,-21.90%,49.40%,8398,28.6,32,360,242.8,1160.4,1.74,210
2306699,"N,N′(4,4′- dinitro-2H,2′H-[3,3′-bipyrazole]-5,5′-diyl)bis(1H-1,2,4-triazole-3,5-diyl) dinitramide",,O=[N+]([O-])/N=c1/[nH]nc(-c2n[nH]c(-c3[nH]nc(-c4n[nH]/c(=N/[N+](=O)[O-])[nH]4)c3[N+](=O)[O-])c2[N+](=O)[O-])[nH]1,-50.20%,-16.70%,46.80%,9030,34.6,24,360,259.6,1434.8,1.88,163
2370633,"diaminomethaniminium (E)-3-(4,4'-dinitro-5'-((E)-5-(nitroimino)-4,5-dihydro-1H-1,2,4-triazol-3-yl)-2H,2'H-[3,3'-bipyrazol]-5-yl)-5-(nitroimino)-4,5-dihydro-1,2,4-triazol-1-ide",,NC(N)=[NH2+].O=[N+]([O-])/N=c1/[n-]nc(-c2n[nH]c(-c3[nH]nc(-c4n[nH]/c(=N/[N+](=O)[O-])[nH]4)c3[N+](=O)[O-])c2[N+](=O)[O-])[nH]1,-58.10%,-25.30%,49.50%,8125,26.1,40,360,228,978.3,1.72,227
,"hydroxylammonium (E)-3-(4,4'-dinitro-5'-((E)-5-(nitroimino)-4,5-dihydro-1H-1,2,4-triazol-3-yl)-2H,2'H-[3,3'-bipyrazol]-5-yl)-5-(nitroimino)-4,5-dihydro-1,2,4-triazol-1-ide",,O=[N+]([O-])/N=c1/[n-]nc(-c2n[nH]c(-c3[nH]nc(-c4n[nH]/c(=N/[N+](=O)[O-])[nH]4)c3[N+](=O)[O-])c2[N+](=O)[O-])[nH]1.[NH3+]O,-48.50%,-17.20%,46.50%,8510,30.5,40,360,245.7,1087,1.77,205
,"Hydrazinium salt of 2-nitroamino-1,3-propanedinitroamine",,N[NH3+].N[NH3+].N[NH3+].O=[N+]([O-])[N-]CC(C[N-][N+](=O)[O-])[N-][N+](=O)[O-],-50%,-35%,52.50%,8012,26.8,30,,,,1.56,185
251725,"2,4,6-Trinitro-2,4,6,8-tetraazabicyclo[3.3.0]-octane-3-one",HK-55,O=C1NC2C(N([N+](=O)[O-])CN2[N+](=O)[O-])N1[N+](=O)[O-],-21.30%,3%,37.20%,,,,,,,1.905,
,"Hydroxylammonium salt of 2-nitroamino-1,3-propanedinitroamine",,O=[N+]([O-])[N-]CC(C[N-][N+](=O)[O-])[N-][N+](=O)[O-].[NH3+]O.[NH3+]O.[NH3+]O,-27.20%,-12.40%,39%,7656,23.68,32,,,,1.48,169
737612,"N1,N2,N3-Trinitro-1,2,3-propanetriamine",,O=[N+]([O-])NCC(CN[N+](=O)[O-])N[N+](=O)[O-],-28.60%,-7.10%,37.50%,8933,35.63,20,,290.7,324.9,1.75,183
,"Ammonium salt of 2-nitroamino-1,3-propanedinitroamine",,O=[N+]([O-])[N-]CC(C[N-][N+](=O)[O-])[N-][N+](=O)[O-].[NH4+].[NH4+].[NH4+],-49.40%,-32%,45.80%,7622,23.83,31,,,,1.52,160
1165963,"1,4-Dinitroglycolurile",DINGU,O=C1NC2C(NC(=O)N2[N+](=O)[O-])N1[N+](=O)[O-],-27.60%,0%,36.20%,8476,30.9,5.55,20,203.1,344,1.94,130
2047743,"1,4-Dinitro-1,4-diazabutane, Ethylene dinitramine,  N,N′-Dinitroethylene diamine",EDNA,O=[N+]([O-])NCCN[N+](=O)[O-],-32%,-10.70%,37.30%,8336,29.97,8,47.4,246.2,103.8,1.749,186
,"1,12-Dinitrato-3,5,8,10-tetranitrazadodecane",TENA-2,O=[N+]([O-])OCCN(CN(CCN(CN(CCO[N+](=O)[O-])[N+](=O)[O-])[N+](=O)[O-])[N+](=O)[O-])[N+](=O)[O-],-33.60%,-6.70%,29.40%,8324,,10,,261.1,101,1.73,210
,"N,N′-(3,5-Dinitropyrazine-2,6-diyl)dinitramide",,O=[N+]([O-])Nc1nc(N[N+](=O)[O-])c([N+](=O)[O-])nc1[N+](=O)[O-],-5.50%,16.50%,38.60%,9157,36.8,,,264.4,246.2,1.89,103
170911,"2,6-Diamino-3,5-dinitropyrazine",ANPZ,Nc1nc(N)c([N+](=O)[O-])nc1[N+](=O)[O-],-48%,-16%,42%,,,,,,,1.84,356
2121748,"Diammonium (3,5-Dinitropyrazine-2,6-diyl)bis(nitroamide)",,O=[N+]([O-])[N-]c1nc([N-][N+](=O)[O-])c([N+](=O)[O-])nc1[N+](=O)[O-].[NH4+].[NH4+],-19.70%,0%,43.20%,8624,30.8,5,60,262.8,179.3,1.73,155
,"3,5-dinitro-N2 ,N6 -di(1H-tetrazol-5-yl)pyrazine-2,6-diamine",,O=[N+]([O-])c1nc([N+](=O)[O-])c(Nc2nnn[nH]2)nc1Nc1nnn[nH]1,-47.60%,-19%,58.30%,8763,33.3,40,360,,698.5,1.91,253
,"2,6- dihydrazineyl-3,5-dinitropyrazine",,NNc1nc(NN)c([N+](=O)[O-])nc1[N+](=O)[O-],-48.70%,-20.90%,48.70%,8747,31.6,40,360,,219.7,1.84,205
1048548,"1H-1,2,4-Triazol-5-amine, compd. with 1,4-dihydro-3,6-dinitropyrazolo[4,3-c]pyrazole (2:1) (ACI)",,Nc1nc[nH]n1.Nc1nc[nH]n1.O=[N+]([O-])c1n[nH]c2c([N+](=O)[O-])n[nH]c12,-74.30%,-39.30%,53.50%,8024,23.9,40,360,217.1,706.2,1.7,282
999620,"3,6-dinitropyrazolo[4,3-c]pyrazole",DNPP,O=[N+]([O-])c1n[nH]c2c([N+](=O)[O-])n[nH]c12,-40.40%,-8.10%,42.40%,8250,27.4,15,160,241,322.6,1.85,336
983225,"4H-1,2,4-Triazol-4-amine, compd. with 1,4-dihydro-3,6-dinitropyrazolo[4,3-c]pyrazole (2:1) (9CI, ACI)",,Nn1cnnc1.Nn1cnnc1.O=[N+]([O-])c1n[nH]c2c([N+](=O)[O-])n[nH]c12,-74.30%,-39.30%,53.50%,8234,25.6,40,360,240.2,1051.1,1.68,284
,"2,4-dinitro-imidazole",,O=[N+]([O-])c1c[nH]c([N+](=O)[O-])n1,-30.40%,0%,35.40%,8566,32.5,30,360,239.7,37.45,1.87,274.5
,"2,4-dinitro-1H-imidazol-5-amine",,Nc1[nH]c([N+](=O)[O-])nc1[N+](=O)[O-],-32.40%,-4.60%,40.40%,8159,27.9,30,360,195.2,193.1,1.76,105.2
1940788,aTRz:DNM (1:2),,O=[N+]([O-])c1c[nH]c([N+](=O)[O-])n1.O=[N+]([O-])c1c[nH]c([N+](=O)[O-])n1.c1nncn1/N=N/n1cnnc1,-53.30%,-20%,46.60%,7867,24.2,10,240,226.1,742.75,1.68,199.7
,Hydrazinium TANFT,,N[NH3+].O=[N+]([O-])c1nonc1Nc1n[nH]nc1-c1nnn[n-]1,-56.50%,-29.60%,61.20%,8703,31.2,32,240,254.8,1034.5,1.74,219
,Ammonium TANFT,,O=[N+]([O-])c1nonc1Nc1n[nH]nc1-c1nnn[n-]1.[NH4+],-56.70%,-28.40%,59.50%,8016,25.1,28,168,248.1,894.8,1.6,224
,"1,5-Diaminotetrazolium TANFT",,Nc1[nH+]nnn1N.O=[N+]([O-])c1nonc1Nc1n[nH]nc1-c1nnn[n-]1,-54.80%,-28.50%,65.20%,8448,29.1,27,160,249.4,1308.7,1.71,217
,"3,4,5-Triamino-1,2,4-triazolium TANFT",,Nc1n[nH+]c(N)n1N.O=[N+]([O-])c1nonc1Nc1n[nH]nc1-c1nnn[n-]1,-65.40%,-35.90%,62.80%,8741,32.1,35,288,236.1,1164.4,1.83,228
,Hydroxylammonium TANFT,,O=[N+]([O-])c1nonc1Nc1n[nH]nc1-c1nnn[n-]1.[NH3+]O,-48.30%,-21.50%,56.30%,8757,32.9,30,288,257.5,932.5,1.77,224
,Diaminoguanidinium TANFT,,NN[C+](N)NN.O=[N+]([O-])c1nonc1Nc1n[nH]nc1-c1nnn[n-]1,-63.20%,-36.10%,63.20%,8340,27.6,33,240,239,1057.8,1.68,214
,"3,5-Diamino-1,2,4-triazolium TANFT",,Nc1nc(N)[nH+][nH]1.O=[N+]([O-])c1nonc1Nc1n[nH]nc1-c1nnn[n-]1,-65.90%,-35.10%,61.50%,8048,25.6,40,168,231.8,1055.9,1.68,216
,Guanidinium TANFT,,N[C+](N)N.O=[N+]([O-])c1nonc1Nc1n[nH]nc1-c1nnn[n-]1,-64.20%,-34.50%,60.50%,7956,24.6,40,324,230.9,857.5,1.64,212
1135363,Aminonitrofurazan,ANF,Nc1nonc1[N+](=O)[O-],-24.60%,0%,43.10%,8769,37.3,10,360,260.5,156.7,1.808,143
,Triaminoguanidinium TANFT,,NN[C+](NN)NN.O=[N+]([O-])c1nonc1Nc1n[nH]nc1-c1nnn[n-]1,-62.80%,-36.80%,64.50%,8525,29.2,29,192,243.1,1167.2,1.7,187
,Aminoguanidinium TANFT,,NN[C+](N)N.O=[N+]([O-])c1nonc1Nc1n[nH]nc1-c1nnn[n-]1,-63.70%,-35.40%,61.90%,8320,27.7,40,252,234.6,949.6,1.71,218
1187702,"5-Amino-3-nitro-1H-1,2,4-trizaole",,Nc1n[nH]c([N+](=O)[O-])n1,-43.40%,-18.60%,54.20%,8181,27.6,,,207.1,88,1.82,227
824131,"Guanidine, compd. with N1-nitro-1H-tetrazole-1,5-diamine (1:1)",,NC(N)=[NH2+].Nc1nnnn1[N-][N+](=O)[O-],-47%,-31.30%,68.60%,8168,25.5,40,240,221.7,343,1.619,148
824133,ammonium 5-amino-1-nitriminotetrazolate,,Nc1nnnn1[N-][N+](=O)[O-].[NH4+],-29.60%,-19.70%,69.10%,9111,34.4,3,52,257.2,356,1.757,107
824129,5-amino-1-nitrimino-4H-tetrazole,,Nc1[nH+]nnn1N=[N+]([O-])[O-],-16.50%,-5.50%,67.50%,9460,40.3,0.25,5,284.69,496,1.835,85
824130,"Hydrazinecarboximidamide, compd. with N1-nitro-1H-tetrazole-1,5-diamine (1:1)",,N[NH+]=C(N)N.Nc1nnnn1[N-][N+](=O)[O-],-47.50%,-32.90%,70.30%,8465,27.6,20,192,229.6,451,1.649,142
824132,"Carbonohydrazonic dihydrazide, compd. with N1-nitro-1H-tetrazole-1,5-diamine (1:1)",,NNC(NN)=[NH+]N.Nc1nnnn1[N-][N+](=O)[O-],-48.20%,-35.30%,73%,8731,29.5,2,32,243.5,676,1.639,159.9
,"Di(1,5-diaminotetrazolium) 4,4',5,5'-tetranitro-3,3'-bipyrazolate",,Nc1[nH+]nnn1N.Nc1[nH+]nnn1N.O=[N+]([O-])c1n[n-]c(-c2[n-]nc([N+](=O)[O-])c2[N+](=O)[O-])c1[N+](=O)[O-],-40.40%,-15.60%,54.40%,8952,34.2,10,360,256.4,1359.4,1.809,193
,"Di(1,5-diaminotetrazolium) N,N′-dinitro-N,N′-bis[3- dinitromethyl-furazanate-4-yl] methylenediamine",,Nc1[nH+]nnn1N.Nc1[nH+]nnn1N.O=[N+]([O-])[C-](c1nonc1N(CN(c1nonc1[C-]([N+](=O)[O-])[N+](=O)[O-])[N+](=O)[O-])[N+](=O)[O-])[N+](=O)[O-],-23.50%,-2.40%,49.40%,8422,29.8,3,40,245.2,564.68,1.75,119
824134,hydrazinium (5-amino-1H-tetrazol-1-yl)(nitro)amide,,N[NH3+].Nc1nnnn1[N-][N+](=O)[O-],-31.60%,-22.60%,71.10%,9102,33.4,1,48,270.7,516,1.678,134
261253,"1,5-Diamino-1H-tetrazolium Nitrate",,Nc1[nH+]nnn1N.O=[N+]([O-])[O-],-14.70%,-4.90%,60.10%,8774,33.3,9,192,270.4,254.08,1.727,168
756310,"1,5-Diamino-tetrazolium 5-Nitro-tetrazolate",,Nc1[nH+]nnn1N.O=[N+]([O-])c1nnn[n-]1,-33.50%,-18.60%,71.60%,8844,30.7,1,,249.2,650.8,1.71,161
680292,"1,5-Diamino-1H-tetrazol-4-ium Dinitramide",,Nc1[nH+]nnn1N.O=[N+]([O-])[N-][N+](=O)[O-],-3.90%,3.90%,60.80%,9306,36,2,5,281.5,431,1.771,135
706628,"Bis(1,5-diaminotetrazolium) ethylene bis(5-nitroiminotetrazolate)",,Nc1[nH+]nnn1N.Nc1[nH+]nnn1N.O=[N+]([O-])/N=c1/[n-]nnn1CCn1nn[n-]/c1=N/[N+](=O)[O-],-49.30%,-29.60%,69.10%,8990,31.22,10,,257.8,1767.6,1.7,184
,"1,4,5-Triaminotetrazolium Nitrotetrazolate 2-Oxide",,Nc1n(N)nn[n+]1N.O=[N+]([O-])c1nnn([O-])n1,-26%,-13%,68.30%,8872,32.6,1,7,259,722.6,1.71,84
896691,"1,4,5-Triaminotetrazolium Nitrate",,Nc1n(N)nn[n+]1N.O=[N+]([O-])[O-],-18%,-9%,62.90%,8779,31.1,2,5,260,289.5,1.663,78
895968,"1,5-Diaminotetrazolium 1‘-Hydroxy-1H,1‘H-5,5‘-bitetrazol-1-olate",,Nc1[nH+]nnn1N.[O-]n1nnnc1-c1nnnn1O,-41.50%,-23.70%,72.50%,9160,36.1,2,160,252,990.6,1.828,170
,"1,5-Diamino-4H-tetrazolium 2,4,5-trinitroimidazolate",,Nc1[nH+]nnn1N.O=[N+]([O-])c1nc([N+](=O)[O-])c([N+](=O)[O-])[n-]1,-23.80%,-2.60%,50.80%,8433,29.88,60,,252.7,401.6,1.74,181
,"Bis(1,5-diamino-4-methyltetrazolium) N,N -Dinitrourea Dia- nionic Salt",,Cn1nn[n+](N)c1N.Cn1nn[n+](N)c1N.O=C([N-][N+](=O)[O-])[N-][N+](=O)[O-],-50.80%,-29.60%,59.20%,8457,26.8,,,240.7,791,1.64,120
,"Bis(1,5-diaminotetrazolium) propylene bis(5-nitroiminotetrazolate)",,Nc1[nH+]nnn1N.Nc1[nH+]nnn1N.O=[N+]([O-])/N=c1/nn[n-]n1CCCn1[n-]nn/c1=N\[N+](=O)[O-],-57.60%,-35.20%,67.20%,8742,28.83,10,,252.2,1728.1,1.661,
,"1,5-Diamino-4-methyltetrazolium HBTA salt",,C[n+]1nnn(N)c1N.n1n[n-]c(Nc2nnn[nH]2)n1,-74.80%,-50.90%,78.60%,8401,24.7,,,230.8,1002.9,1.64,201
,"1,5-Diamino-4H-tetrazolium 3,5-dinitro-1,2,4-triazolate",,Nc1[nH+]nnn1N.O=[N+]([O-])c1n[n-]c([N+](=O)[O-])n1,-27.80%,-9.30%,59.40%,8343,28.05,28,,249.1,501.2,1.68,176
940824,"1H-Tetrazole-1,5-diamine, compd. with 5,5′-bis(dinitromethyl)-3,3′-bi-1,2,4-oxadiazole (2:1)",,Nc1nnnn1[NH3+].Nc1nnnn1[NH3+].O=[N+]([O-])[C-](c1nc(-c2noc([C-]([N+](=O)[O-])[N+](=O)[O-])n2)no1)[N+](=O)[O-],-32.20%,-8.80%,51.30%,8744,34.3,2,108,250.1,920.5,1.887,178
,"4,5-Dihydro-5-imino-4-methyl-1H-tetrazol-1-amine dinitromethanide",,C[n+]1nnn(N)c1N.O=[N+]([O-])[CH-][N+](=O)[O-],-43.60%,-21.80%,50.90%,8903,31.1,38,,246.2,282.8,1.69,128
779222,"Bis(1,5-diamino-4-methyl-tetrazolium)hydrazinetetrazolate",BMDATHBT,C[n+]1nnn(N)c1N.C[n+]1nnn(N)c1N.n1n[n-]c(NNc2nnn[n-]2)n1,-80.70%,-56.50%,77.70%,7839,25.93,,,236.2,1540.15,1.66,
1430340,"Diammonium 1,1’-dinitramino-5,5’-azobitetrazolate",,O=[N+]([O-])[N-]n1nnnc1N=Nc1nnnn1[N-][N+](=O)[O-].[NH4+].[NH4+],-20%,-10%,70%,9472,35.8,1,5,272.1,941.9,1.753,170
,"1H-Tetrazole-1,5-diamine, compd. with 5,5’-dinitramino-3,3‘-azo-1,2,4-oxadiazole（2:1）",,Nc1[nH+]nnn1N.Nc1[nH+]nnn1N.O=[N+]([O-])[N-]c1nc(N=Nc2noc([N-][N+](=O)[O-])n2)no1,-36.20%,-16.50%,63.30%,8955,32.8,12,120,268,1685.6,1.738,188
,"1,5-diamino-1H-tetrazol-4-ium  4,4’,5,5’-tetranitro-1H,1’H-2,2’-biimidazolate",,Nc1[nH+]nnn1N.Nc1[nH+]nnn1N.O=[N+]([O-])c1nc(-c2nc([N+](=O)[O-])c([N+](=O)[O-])[n-]2)[n-]c1[N+](=O)[O-],-40.40%,-15.60%,54.40%,,,,,237.5,980,,180
,"4,5-dicyano-1,2,3-triazol-2-ide 1,5-diamino-4-methyl-1H-tetrazol-4-ium",,C[n+]1nnn(N)c1N.N#Cc1n[n-]nc1C#N,-106.30%,-65.20%,66%,8109,27.19,40,360,192.1,,1.61,185.3
,"4,5-dicyano-1,2,3-triazol-2-ide 1,5-diamino-1H-tetrazol-4-ium",,N#Cc1n[n-]nc1C#N.Nc1[nH+]nnn1N,-91.30%,-54.80%,70.30%,7860,25.3,40,360,200.29,,1.586,203.1
,"1,5-diamino-2-methyl-1H-tetrazol-2-ium,nitrate",,C[n+]1nnc(N)n1N.O=[N+]([O-])[O-],-40.60%,-22.60%,55.30%,7482,19.9,40,120,219.6,42,1.51,181
,"1,5-diamino-2-methyl-1H-tetrazol-2-ium,5-nitrotetrazol-1-ide",,C[n+]1nnc(N)n1N.O=[N+]([O-])c1nnn[n-]1,-52.40%,-31.40%,67.20%,6539,13.9,30,360,,24,1.55,191
,"1,5-diamino-2-methyl-1H-tetrazol-2-ium,dinitroamide",,C[n+]1nnc(N)n1N.O=[N+]([O-])[N-][N+](=O)[O-],-25.30%,-10.90%,57%,8470,28.9,7,24,235.5,92,1.72,184
,"1,5-diamino-2-methyl-1H-tetrazol-2-ium,azide",,C[n+]1nnc(N)n1N.[N-]=[N+]=[N-],-76.40%,-56%,80.20%,8224,21.8,15,192,164.8,162,1.42,137
,5-azido-N-(propan-2-ylidene)- 1H-tetrazole,,CC(C)=Nn1nnnc1[N-][N+]#N,-105.90%,-67.40%,67.40%,7251,16.5,,,237.8,730.5,1.36,149
261253,"Diaminotetrazoliumnitrate, 1,5-diaminotetrazole nitrate",DAT-N,Nc1[nH]nn[n+]1N.O=[N+]([O-])[O-],-14.70%,-4.90%,60.10%,8774,33.3,9,192,270.4,254,1.727,168
,"Bis(1,5-diaminotetrazolium) 3,3’-dinitro-5,5’-azo-1,2,4-triazolate",,Nc1n[nH+]nn1N.Nc1n[nH+]nn1N.O=[N+]([O-])c1n[n-]c(/N=N/c2nc([N+](=O)[O-])n[n-]2)n1,-45.80%,-24.70%,67.80%,8702,29.4,40,360,226,1421.96,1.79,181
159997,"Diaminotetrazole, 1,5-diaminotetrazole",DAT,Nc1nnnn1N,-63.90%,-48%,83.90%,,,,,154.4,74.18,1.571,197
680292,Diaminotetrazoliumdinitramide,HDAT-DN,Nc1[nH]nn[n+]1N.O=[N+]([O-])[N-][N+](=O)[O-],-3.90%,3.90%,60.80%,9306,36,2,5,281.5,431,1.771,135
,"isopropylidene-[5-(4-n-butyl-1,2,3-triazol-1-yl)tetrazol-1-yl]amine",,CCCCc1cn(-c2nnnn2N=C(C)C)nn1,-180.40%,-116%,45.10%,6184,10.4,,,183.4,512.1,1.17,169
,"N,N’-bis(5-azido- 1H-tetrazol-1-yl)-1,2-diimino-ethane",,[N-]=[N+]=Nc1nnnn1/N=C/C=N/n1nnnc1N=[N+]=[N-],-52.50%,-29.20%,81.70%,8614,27.9,0.5,,266.4,1679.8,1.7,185
724963,"isopropylidene-[5-(4-tert-butylphenyl-1,2,3-triazol-1-yl)tetrazol-1-yl]amine",,CC(C)=Nn1nnnc1-n1cc(-c2ccc(C(C)(C)C)cc2)nn1,-207.20%,-128.20%,34.50%,5995,10.5,40,,168.2,581.1,1.27,164
724965,"isopropylidene-[5-(4-phenyl-1,2,3-triazol-1-yl)tetrazol-1-yl]amine",,CC(C)=Nn1nnnc1-n1cc(-c2ccccc2)nn1,-178.90%,-107.30%,41.70%,6543,13.3,35,,181.3,699.4,1.43,168
,"N,N’-bis(5-azido-1H-tetrazol-1-yl)-1,4-diiminobutane",,[N-]=[N+]=Nc1nnnn1/N=C/CC/C=N/n1nnnc1N=[N+]=[N-],-79.40%,-47.60%,74.10%,7950,23.5,0.5,,253.1,1625.2,1.59,168
895972,"Diammonium 1H,1‘H-5,5’-Bitetrazole-1,1‘-diolate",,[NH4+].[NH4+].[O-]n1nnnc1-c1nnnn1[O-],-47%,-31.30%,68.60%,8817,31.6,35,360,211,300.5,1.8,290
872231,"dihydroxylammonium-5,5′-bistetrazole-1",TKX-50,[NH3+]O.[NH3+]O.[O-]n1nnnc1-c1nnnn1[O-],-27.10%,-13.60%,59.30%,9698,42.4,20,120,261,446.6,1.918,221
1050079,"Erythritol tetranitrate, butane-1,2,3,4-tetrayl tetranitrate,  meso-erythritol tetranitrate",ETN,O=[N+]([O-])OC[C@H](O[N+](=O)[O-])[C@@H](CO[N+](=O)[O-])O[N+](=O)[O-],5.30%,26.50%,18.50%,8540,30.1,3,60,257.6,433.1,1.759,170
1869403,"1,2,3,4,5-Pentakis-nitrooxy-pentane",XPN,O=[N+]([O-])OCC(O[N+](=O)[O-])C(O[N+](=O)[O-])C(CO[N+](=O)[O-])O[N+](=O)[O-],6.40%,27.60%,18.60%,8610,32.3,,18,256.8,500.48,1.75,169.5
1542827,"D-Mannitol hexanitrate, nitromannite, mannitol  hexanitrate, hexanitromannite, hexanitromannitol",MHN,O=[N+]([O-])OC[C@@H](O[N+](=O)[O-])[C@@H](O[N+](=O)[O-])[C@H](O[N+](=O)[O-])[C@@H](CO[N+](=O)[O-])O[N+](=O)[O-],7.10%,28.30%,18.60%,8488,29.6,2.16,30,254.7,622,1.73,157
895964,"Diaminouronium 1H,1‘H-5,5‘-Bitetrazole-1,1‘-diolate Monohydrate",,O.[NH3+]NC(=O)N[NH3+].[O-]n1nnnc1-c1nnnn1[O-],-40.30%,-23%,60.40%,8306,27.7,20,240,191,20.7,1.8,220
895975,"Oxalyldihydrazidinium 1H,1‘H-5,5’-Bitetrazole-1,1‘-diolate Dihy drate",,O.O.[NH3+]NC(=O)C(=O)N[NH3+].[O-]n1nnnc1-c1nnnn1[O-],-39.50%,-19.70%,51.80%,8203,27.5,40,288,175,479.2,1.885,222
895967,"Bis(oxalyldihydrazidinium) 1H,1‘H-5,5‘-Bitetrazole-1,1‘-diolate",,NNC(=O)C(=O)N[NH3+].NNC(=O)C(=O)N[NH3+].[O-]n1nnnc1-c1nnnn1[O-],-51.20%,-27.60%,55.10%,8878,33.3,20,360,217,472.9,1.847,224
895970,"Triaminoguanidinium 1‘-Hydroxy-1H,1’H-5,5‘-bitetrazol-1-olate Monohydrate",,NN/C(N[NH3+])=[NH+]\N.O.[O-]n1nnnc1-c1nnnn1[O-],-49.30%,-32.90%,67.10%,8028,24.6,15,120,179,316.7,1.749,210
895969,"Diaminoguanidinium 1‘-Hydroxy-1H,1’H-5,5‘-bitetrazol-1-olate Monohydrate",,NNC(=[NH2+])NN.O.[O-]n1nnnc1-c1nnnn1O,-49.10%,-31.70%,65.70%,8598,29.4,12,168,215,409.6,1.729,204
884561,"1H,1‘H-5,5’-Bitetrazole-1,1‘-diol Dihydrate",,O.O.On1nnnc1-c1nnnn1O,-23.30%,-7.80%,54.30%,8764,33.1,40,216,240,114.3,1.811,214
,"Di(semicarbazide) 5,5′-Bitetrazole-1,1′-diolate",2SCZ.BTO,NC(=O)N[NH3+].NC(=O)N[NH3+].[O-]n1nnnc1-c1nnnn1[O-],-50%,-30%,61.20%,7433,23.5,25,,201.5,158.1,1.685,239
2328918,"5-azido-3,4-dinitropyrazole",,[N-]=[N+]=Nc1[nH]nc([N+](=O)[O-])c1[N+](=O)[O-],-20.10%,4%,49.20%,9023,35.3,8,80,278,559,1.79,141
770182,"5-Amino-3,4-dinitropyrazole",5-ADP,Nc1[nH]nc([N+](=O)[O-])c1[N+](=O)[O-],-32.40%,-4.60%,40.40%,8550,33.7,,360,235.7,60,1.87,198
,"2-(3,4-dinitro-1H-pyrazol-5-yl)guanidine",,N=C(N)Nc1[nH]nc([N+](=O)[O-])c1[N+](=O)[O-],-48.30%,-18.60%,45.60%,8742,31,50,252,221.8,110.15,1.87,249
,"hydroxylammonium N-(3,4-dinitro- 1H-pyrazol-5-yl)-2H-tetrazol-5-amine",,O=[N+]([O-])c1n[nH]c(Nc2nn[n-]n2)c1[N+](=O)[O-].[NH3+]O,-35%,-11.70%,51.10%,9412,38.6,30,240,274.3,738.7,1.89,174.5
,"4,4',5'-trinitro-2'H-[1,3'-bipyrazole]-3,5-diamine",,Nc1nn(-c2[nH]nc([N+](=O)[O-])c2[N+](=O)[O-])c(N)c1[N+](=O)[O-],-45.50%,-13.40%,42.10%,8243,28.1,40,252,229.6,338.67,1.811,186.3
,"3,4,4',5'-tetranitro-2'H-[1,3'-bipyrazol]-5-amine",,Nc1c([N+](=O)[O-])c([N+](=O)[O-])nn1-c1[nH]nc([N+](=O)[O-])c1[N+](=O)[O-],-26.70%,2.40%,38.30%,8797,34.1,24,216,259.1,408.36,1.863,214.7
,"diaminoguanidium N-(3,4-dinitro- 1H-pyrazol-5-yl)-2H-tetrazol-5-amine",,NNC(=[NH2+])NN.O=[N+]([O-])c1n[nH]c(Nc2nn[n-]n2)c1[N+](=O)[O-],-53.30%,-29.10%,59.40%,9134,32.4,40,240,245.5,865.1,1.82,186
,"N-(3,4-dinitro- 1H-pyrazol-5-yl)-2H-tetrazol-5-amine",,O=[N+]([O-])c1n[nH]c(Nc2nn[nH]n2)c1[N+](=O)[O-],-36.50%,-10%,52.30%,9191,37,30,240,280.7,878.8,1.85,205
,"hydrazinium N-(3,4-dinitro- 1H-pyrazol-5-yl)-2H-tetrazol-5-amine",,N[NH3+].O=[N+]([O-])c1n[nH]c(Nc2nn[n-]n2)c1[N+](=O)[O-],-43.90%,-20.50%,56.40%,9441,37,35,240,265.8,839.9,1.87,188
,"ammonium N-(3,4-dinitro- 1H-pyrazol-5-yl)-2H-tetrazol-5-amine",,O=[N+]([O-])c1n[nH]c(Nc2nn[n-]n2)c1[N+](=O)[O-].[NH4+],-43.40%,-18.60%,54.20%,8948,32.9,40,240,249.4,603.2,1.81,218
,"1-(3,4-dinitro-1H-pyrazol-5-yl)-3-nitro-1H-1,2,4-triazol-5-amine",,Nc1nc([N+](=O)[O-])nn1-c1[nH]nc([N+](=O)[O-])c1[N+](=O)[O-],-30.90%,-2.80%,44.20%,8539,31.3,34,240,247.1,384.27,1.816,212.3
,"N-(1-(3,4-dinitro-1H-pyrazol-5-yl)-1H-tetrazol-5-yl)- nitramide",,O=[N+]([O-])Nc1nnnn1-c1[nH]nc([N+](=O)[O-])c1[N+](=O)[O-],-16.80%,5.60%,48.90%,9451,40.2,5,120,285.9,866.4,1.86,120
,"triaminoguanidinium N-(3,4-dinitro- 1H-pyrazol-5-yl)-2H-tetrazol-5-amine",,NNC(NN)=[NH+]N.O=[N+]([O-])c1n[nH]c(Nc2nn[n-]n2)c1[N+](=O)[O-],-53.30%,-30.10%,60.80%,9343,34.1,40,240,249.3,971.6,1.83,188
1129932,"Nitroglycerine, 1,2,3-propanetriol trinitrate, glycerol  trinitrate",NG,O=[N+]([O-])OCC(CO[N+](=O)[O-])O[N+](=O)[O-],3.50%,24.70%,18.50%,7850,2.37,0.2,360,258.5,370.69,1.6,143
905016,"Hydrazinium 1,3-Di(nitroimido)-1,2,3-triazolate",,N[NH3+].O=[N+]([O-])[N-][n+]1cc[n+]([N-][N+](=O)[O-])[n-]1,-25.30%,-10.90%,57%,9337,37.6,5,6,277,621.6,1.749,210
694822,"1,4-Butanediol, 2,3-dinitro-2,3-bis[(nitrooxy)methyl]-, 1,4-dinitrate",DNTN,O=[N+]([O-])OCC(CO[N+](=O)[O-])([N+](=O)[O-])C(CO[N+](=O)[O-])(CO[N+](=O)[O-])[N+](=O)[O-],0%,22.80%,20%,9100,40,2.1,74.5,265.5,371,1.917,140
1940219,ammonium dinitramide,ADN,O=[N+]([O-])[N-][N+](=O)[O-].[NH4+],25.80%,25.80%,45.10%,8074,23.7,,,202.2,149.7,1.81,127
2036394,"3,4,5-trinitropyrazolidine, 3,6-diamino-2,7-dihydro-[1,2,4]triazolo[4,3-b][1,2,4]triazol-4-ium salt",,Nc1nn2c(N)[nH+]nc2[nH]1.O=[N+]([O-])c1n[n-]c([N+](=O)[O-])c1[N+](=O)[O-],-42.10%,-14%,49.10%,8695,32.1,40,360,254.5,810.4,1.74,202
,"5-nitro-1,2,4-triazolidin-3-one, 3,6-diamino-2,7-dihydro-[1,2,4]triazolo[4,3-b][1,2,4]triazol-4-ium salt",,Nc1nn2c(N)[nH+]nc2[nH]1.O=c1[n-]nc([N+](=O)[O-])[nH]1,-62.40%,-32.70%,57.20%,8101,24.5,40,360,199.2,291,1.76,232
,"3,6-diamino-2,7-dihydro-[1,2,4]triazolo[4,3-b][1,2,4]triazol-4-ium nitrate",,Nc1nn2c(N)[nH+]nc2[nH]1.O=[N+]([O-])[O-],-47.50%,-23.70%,55.40%,8531,28.1,15,240,211.7,167.3,1.78,219
,"Dihydrazinium N,Nâ?dinitro-N,Nâ?bis[3-dinitromethylfurazanate-4-yl] methylenediamine hydrate",,N[NH3+].N[NH3+].O.O=[N+]([O-])[C-](c1nonc1N(CN(c1nonc1[C-]([N+](=O)[O-])[N+](=O)[O-])[N+](=O)[O-])[N+](=O)[O-])[N+](=O)[O-],-17.10%,2.80%,39.80%,8371,30.3,2,60,247.2,326.12,1.78,141
1528234,"5,5'-(nitromethylene)bis(1H-tetrazole) hydrate",,O.O=[N+]([O-])C(c1nnn[nH]1)c1nnn[nH]1,-40.90%,-18.60%,58.60%,8608,29.6,15,240,232.9,402.3,1.84,238
,di(1H-tetrazol-5-yl)methanamine hydrate,,NC(c1nnn[nH]1)c1nnn[nH]1.O,-73.50%,-47.50%,68.10%,7371,18.4,40,360,213.5,415.8,1.59,240
,"Hydrazonium 5,50 -(nitromethylene)bis(tetrazol-1-ide)",,N[NH3+].N[NH3+].O=[N+]([O-])C(c1nnn[n-]1)c1nnn[n-]1,-58.20%,-39.80%,69.70%,8701,27.5,20,240,236.8,689.9,1.64,172
953372,di(1H-tetrazol-5-yl)methanone oxime,,ON=C(c1nnn[nH]1)c1nnn[nH]1,-57.40%,-30.90%,69.60%,8226,27.4,40,360,231.2,590.5,1.74,289
1846164,"Dihydroxylammonium N,Nâ?dinitro-N,Nâ?bis[3-dinitromethylfurazanate-4-yl] methylenediamine hydrate",,O.O=[N+]([O-])[C-](c1nonc1N(CN(c1nonc1[C-]([N+](=O)[O-])[N+](=O)[O-])[N+](=O)[O-])[N+](=O)[O-])[N+](=O)[O-].[NH3+]O.[NH3+]O,-8.50%,11.30%,34.70%,8606,32.2,1,60,252.8,547.31,1.84,133
,"Ammonium 5,50 -(nitromethylene)bis(tetrazol-1-ide) hydrate",,O.O=[N+]([O-])C(c1nnn[n-]1)c1nnn[n-]1.[NH4+].[NH4+],-54.60%,-35.30%,61.80%,8592,25,11,240,195.4,20.7,1.82,248
,"5,5'-(2-(nitromethyl)-2H-1,2,3-triazole-4,5-diyl)bis(1H-tetrazole) hydrate",,O.O=[N+]([O-])Cn1nc(-c2nnn[nH]2)c(-c2nnn[nH]2)n1,-56.70%,-28.40%,59.50%,8636,29.5,10,240,252.2,945.8,1.79,281
,"3,5-Diamino-1H-1,2,4-triazol-4-ium 5-(trinitromethyl)tetra- zol-1-ide",,Nc1nc(N)[nH+][nH]1.O=[N+]([O-])C(c1nnn[n-]1)([N+](=O)[O-])[N+](=O)[O-],-25.10%,-5%,52.80%,8300,29.8,,50,244.2,347,1.698,124
,Guanidinium 5-(trinitromethyl)tetrazol-1-ide,,NC(N)=[NH2+].O=[N+]([O-])C(c1nnn[n-]1)([N+](=O)[O-])[N+](=O)[O-],-17.30%,0%,50.30%,9000,36.9,1.1,25,249.7,140,1.845,114
,"3,7-Diamino-7H-[1,2,4]triazolo[4,3-b][1,2,4]triazol-2-ium 5-(trinitromethyl)tetrazol-1-ide",,Nc1[nH+]nc2n(N)cnn12.O=[N+]([O-])C(c1nnn[n-]1)([N+](=O)[O-])[N+](=O)[O-],-31.30%,-8.90%,54.70%,8200,28.5,0,50,251.5,726,1.648,118
,"Diammonium N,Nâ?dinitro-N,Nâ?bis[3-dinitromethylfurazanate-4-yl] methylenediamine",,O=[N+]([O-])[C-](c1nonc1N(CN(c1nonc1[C-]([N+](=O)[O-])[N+](=O)[O-])[N+](=O)[O-])[N+](=O)[O-])[N+](=O)[O-].[NH4+].[NH4+],-15.60%,6.20%,38.10%,8121,28,3,80,230.7,627.37,1.77,123
,5-Amino-1H-tetrazol-4-ium 5-(trinitromethyl)tetrazol-1-ide,,Nc1[nH]nn[nH+]1.O=[N+]([O-])C(c1nnn[n-]1)([N+](=O)[O-])[N+](=O)[O-],-10.50%,5.30%,55.20%,9200,37.8,,7,268.1,552,1.816,112
,"Di(triaminoguanidinium) N,Nâ?dinitro-N,Nâ?bis[3- dinitromethyl-furazanate-4-yl] methylenediamine",,NNC(NN)=[NH+]N.NNC(NN)=[NH+]N.O=[N+]([O-])[C-](c1nonc1N(CN(c1nonc1[C-]([N+](=O)[O-])[N+](=O)[O-])[N+](=O)[O-])[N+](=O)[O-])[N+](=O)[O-],-32.50%,-11.60%,48.80%,7996,24.5,5,60,226.7,34.42,1.65,120
,"4-Amino-1,2,4-triazolium 4,5-bis(5-nitroimino-1,2,4-triazole- 3-yl)-2H-1,2,3-triazole",,Nn1cn[nH+]c1.Nn1cn[nH+]c1.O=[N+]([O-])[N-]c1nc(-c2n[nH]nc2-c2n[nH]c([N-][N+](=O)[O-])n2)n[nH]1,-73.30%,-40.70%,59.80%,8136,25.1,40,360,230.8,1401.21,1.7,
,"Ammonium 4,5-bis(5-nitroimino-1,2,4-triazole-3-yl)-2H-1,2,3- triazole",,O=[N+]([O-])[N-]c1nc(-c2n[nH]nc2-c2n[nH]c([N-][N+](=O)[O-])n2)n[nH]1.[NH4+].[NH4+],-60.50%,-33.60%,58.80%,8444,26.81,36,360,230.5,783.94,1.71,215
,"Guanidinium 4,5-bis(5-nitroimino-1,2,4-triazole-3-yl)-2H-1,2,3- triazole",,NC(N)=[NH2+].NC(N)=[NH2+].O=[N+]([O-])[N-]c1nc(-c2n[nH]nc2-c2n[nH]c([N-][N+](=O)[O-])n2)n[nH]1,-70.70%,-41.70%,60.30%,8121,23.75,40,360,211,756.99,1.67,209
,"Diaminoguanidine 4,5-bis(5-nitroimino-1,2,4-triazole-3-yl)- 2H-1,2,3-triazole",,NNC(=[NH2+])NN.NNC(=[NH2+])NN.O=[N+]([O-])[N-]c1nc(-c2n[nH]nc2-c2n[nH]c([N-][N+](=O)[O-])n2)n[nH]1,-68.60%,-43.10%,64.20%,8513,26.45,40,360,227.3,1207.8,1.67,184
,"Aminoguanidinium 4,5-bis(5-nitroimino-1,2,4-triazole-3-yl)- 2H-1,2,3-triazole",,NNC(N)=[NH2+].NNC(N)=[NH2+].O=[N+]([O-])[N-]c1nc(-c2n[nH]nc2-c2n[nH]c([N-][N+](=O)[O-])n2)n[nH]1,-69.60%,-42.40%,62.40%,8474,26.31,40,360,228.8,1157.39,1.68,188
,"Dicarbohydrazide 4,5-bis(5-nitroimino-1,2,4-triazole-3-yl)-2H- 1,2,3-triazole",,NNC(=O)N[NH3+].NNC(=O)N[NH3+].O=[N+]([O-])[N-]c1nc(-c2n[nH]nc2-c2n[nH]c([N-][N+](=O)[O-])n2)n[nH]1,-58.80%,-33.40%,58.40%,8720,28.9,35,360,234.9,1104.6,1.72,214
,"Hydrazinium 4,5-bis(5-nitroimino-1,2,4-triazole-3-yl)-2H-1,2,3- triazole",,N[NH3+].N[NH3+].O=[N+]([O-])[N-]c1nc(-c2n[nH]nc2-c2n[nH]c([N-][N+](=O)[O-])n2)n[nH]1,-59.90%,-35.10%,61.50%,8532,27.35,37,360,247.7,1141.79,1.7,218
,"3-Amino-1,2,4-triazolium 4,5-bis(5-nitroimino-1,2,4-triazole- 3-yl)-2H-1,2,3-triazole",,Nc1n[nH+]c[nH]1.Nc1n[nH+]c[nH]1.O=[N+]([O-])[N-]c1nc(-c2n[nH]nc2-c2n[nH]c([N-][N+](=O)[O-])n2)n[nH]1,-73.30%,-40.70%,59.80%,8264,25.55,40,360,225.9,1303.5,1.71,180
,"1,2,4-Triazolium 4,5-bis(5-nitroimino-1,2,4-triazole-3-yl)-2H- 1,2,3-triazole",,O=[N+]([O-])[N-]c1nc(-c2n[nH]nc2-c2n[nH]c([N-][N+](=O)[O-])n2)n[nH]1.c1n[nH+]c[nH]1.c1n[nH+]c[nH]1,-74.60%,-39.90%,57.70%,8169,25.15,40,360,234.2,1387.87,1.7,185
,"Hydroxylammonium 4,5-bis(5-nitroimino-1,2,4-triazole-3-yl)- 2H-1,2,3-triazole",,O=[N+]([O-])[N-]c1nc(-c2n[nH]nc2-c2n[nH]c([N-][N+](=O)[O-])n2)n[nH]1.[NH3+]O.[NH3+]O,-47.30%,-22.60%,53.90%,8473,27.99,32,360,250.5,910.95,1.75,210
,"Triaminoguanidine 4,5-bis(5-nitroimino-1,2,4-triazole-3-yl)- 2H-1,2,3-triazole",,NNC(NN)=[NH+]N.NNC(NN)=[NH+]N.O=[N+]([O-])[N-]c1nc(-c2n[nH]nc2-c2n[nH]c([N-][N+](=O)[O-])n2)n[nH]1,-67.70%,-43.70%,65.90%,8748,28.17,40,360,233.9,1432.22,1.68,187
2086544,"3-(5-Amino-1,2,4-oxadiazol-3-yl)-4-azidofuroxan",,[N-]=[N+]=Nc1no[n+]([O-])c1-c1noc(N)n1,-45.70%,-15.20%,53.30%,7980,28,3,110,241.8,536.2,1.79,150
,"4,4â?(Diazene-1,2-diylbis(1,2,4-oxadiazole-5,3-diyl))bis(3-cyanofur- oxan)",,N#Cc1c(-c2noc(/N=N/c3nc(-c4no[n+]([O-])c4C#N)no3)n2)no[n+]1[O-],-58.30%,-16.70%,43.70%,7660,25,7,300,250.3,1221.9,1.62,223
,"4-(5-amino-1,2,4-oxadiazol-3-yl)-3-isocyano-1,2,5-oxadiazole 2-oxide",,N#Cc1c(-c2noc(N)n2)no[n+]1[O-],-65.90%,-24.70%,43.30%,7310,23.2,30,230,221.3,353.7,1.65,195
1861409,"3,5-diamino-4-nitro-1-(1H-tetrazol-5-yl)pyrazole",,Nc1nn(-c2nnn[nH]2)c(N)c1[N+](=O)[O-],-64.40%,-34.10%,59.70%,8257,25.9,30,360,212.9,407.7,1.76,272
,4-nitro-3-(1H-tetrazol-1-yl)-1-(1H-tetrazol-5-yl)-1H-pyrazol-5-amine,,Nc1c([N+](=O)[O-])c(-n2cnnn2)nn1-c1nnn[nH]1,-60.60%,-30.30%,63.60%,8201,25.9,20,216,243.4,953.4,1.74,130
,"Hydroxylammonium 3,5-diamino-4-nitro-1-(1H-tetrazol-5-yl)pyrazolate",,Nc1nn(-c2nnn[n-]2)c(N)c1[N+](=O)[O-].[NH3+]O,-59%,-32.80%,57.30%,8818,29.9,32,360,,445,1.78,187
,hydroxylammonium 5-(5-amino-4-nitro-3-(1H-tetrazol-1-yl)-1H-pyrazol-1-yl)tetrazol-1-ide,,Nc1c([N+](=O)[O-])c(-n2cnnn2)nn1-c1nnn[n-]1.[NH3+]O,-56.50%,-29.60%,61.20%,8854,30.7,24,240,265.7,1187.6,1.75,150
,Hydroxylammonium ANTP,,Nc1c([N+](=O)[O-])c([N+](=O)[O-])nn1-c1nnn[n-]1.[NH3+]O,-35%,-11.70%,51.10%,9295,38.3,35,216,279.6,805.8,1.84,171
,"5-amino-4H-1,2,4-triazol-1-ium 3,3'',4',5,5''-pentanitro-1'H-[4,3':5',4''-terpyrazole]-1,1''-diide",,Nc1[nH]cn[nH+]1.Nc1[nH]cn[nH+]1.O=[N+]([O-])c1n[n-]c([N+](=O)[O-])c1-c1n[nH]c(-c2c([N+](=O)[O-])n[n-]c2[N+](=O)[O-])c1[N+](=O)[O-],-58%,-22.90%,44.80%,7724,23.4,40,360,219.2,749.1,1.75,290
,"diaminomethaniminium 3,3'',4',5,5''-pentanitro-1'H-[4,3':5',4''-terpyrazole]-1,1''-diide",,NC(N)=[NH2+].NC(N)=[NH2+].O.O=[N+]([O-])c1n[n-]c([N+](=O)[O-])c1-c1n[nH]c(-c2c([N+](=O)[O-])n[n-]c2[N+](=O)[O-])c1[N+](=O)[O-],-52.70%,-21.40%,42.40%,7683,22.8,40,360,214.7,252,1.73,326
,"diaminoguanidium 3,3'',4',5,5''-pentanitro-1'H-[4,3':5',4''-terpyrazole]-1,1''-diide",,NN/C(N)=[NH+]\N.NN/C(N)=[NH+]\N.O=[N+]([O-])c1n[n-]c([N+](=O)[O-])c1-c1n[nH]c(-c2c([N+](=O)[O-])n[n-]c2[N+](=O)[O-])c1[N+](=O)[O-],-54.40%,-25.20%,48.70%,8323,27,36,360,221.9,683.81,1.78,217
2054160,"4-amino-4H-1,2,4-triazol-1-ium 3,3'',4',5,5''-pentanitro-1'H-[4,3':5',4''-terpyrazole]-1,1''-diide",,Nn1cn[nH+]c1.Nn1cn[nH+]c1.O.O=[N+]([O-])c1n[n-]c([N+](=O)[O-])c1-c1n[nH]c(-c2c([N+](=O)[O-])n[n-]c2[N+](=O)[O-])c1[N+](=O)[O-],-56.30%,-22.20%,43.50%,7767,23.9,40,360,235.3,1019.6,1.72,235
2054157,"ammonium 3,3'',4',5,5''-pentanitro-1'H-[4,3':5',4''-terpyrazole]-1,1''-diide",,O=[N+]([O-])c1n[n-]c([N+](=O)[O-])c1-c1n[nH]c(-c2c([N+](=O)[O-])n[n-]c2[N+](=O)[O-])c1[N+](=O)[O-].[NH4+].[NH4+],-43.50%,-12.20%,39.60%,7372,22.9,25,360,229.1,303.5,1.92,358
2054159,"diaminoguanidiu 3,3'',4',5,5''-pentanitro-1'H-[4,3':5',4''-terpyrazole]-1,1''-diide",,N[NH+]=C(N)N.N[NH+]=C(N)N.O=[N+]([O-])c1n[n-]c([N+](=O)[O-])c1-c1n[nH]c(-c2c([N+](=O)[O-])n[n-]c2[N+](=O)[O-])c1[N+](=O)[O-],-54.40%,-23.70%,46.40%,8027,24.8,40,360,215.6,466.2,1.76,241
,"amino(3,5-diamino-4-nitro-1H-pyrazol-1-yl)methaniminium dinitroamide",,NC(=[NH2+])n1nc(N)c([N+](=O)[O-])c1N.O=[N+]([O-])[N-][N+](=O)[O-],-32.90%,-11%,47.90%,8810,32.6,30,360,264,462.8,1.75,148
1941415,"(E)-7,7'-(diazene-1,2-diyl)bis(3-amino-7H-[1,2,4]triazolo[4,3-b][1,2,4]triazol-2-ium)",,Nc1[nH+]nc2n(/N=N/n3cnn4c(N)[nH+]nc34)cnn12.O=[N+]([O-])[O-].O=[N+]([O-])[O-],-40%,-16%,56%,8037,25.1,36,360,208.9,348.3,1.813,225
,"Hydrazinium 3,5-diamino-4-nitro-1-(1H-tetrazol-5-yl)pyrazolate",,N[NH3+].Nc1nn(-c2nnn[n-]2)c(N)c1[N+](=O)[O-],-69.10%,-42.80%,63.30%,8801,28.9,35,360,223.6,547.1,1.75,229
,Hydrazinium ANTP,,N[NH3+].Nc1c([N+](=O)[O-])c([N+](=O)[O-])nn1-c1nnn[n-]1,-43.90%,-20.50%,56.40%,9162,35,10,160,271.9,910,1.77,196
,hydrazinium 5-(5-amino-4-nitro-3-(1H-tetrazol-1-yl)-1H-pyrazol-1-yl)tetrazol-1-ide,,N[NH3+].Nc1c([N+](=O)[O-])c(-n2cnnn2)nn1-c1nnn[n-]1,-64.80%,-37.80%,66.20%,9292,33.4,20,216,262.7,1284.3,1.8,145
,"Ammonium 3,5-diamino-4-nitro-1-(1H-tetrazol-5-yl)pyrazolate",,Nc1nn(-c2nnn[n-]2)c(N)c1[N+](=O)[O-].[NH4+],-70.10%,-42.10%,61.40%,8286,24.9,40,360,211.6,399.1,1.7,251
1449633,Ammonium ANTP,,Nc1c([N+](=O)[O-])c([N+](=O)[O-])nn1-c1nnn[n-]1.[NH4+],-43.40%,-18.60%,54.20%,8745,31.3,40,360,264.8,763.6,1.72,216
,ammonium 5-(5-amino-4-nitro-3-(1H-tetrazol-1-yl)-1H-pyrazol-1-yl)tetrazol-1-ide,,Nc1c([N+](=O)[O-])c(-n2cnnn2)nn1-c1nnn[n-]1.[NH4+],-65.40%,-37%,64.70%,8450,26.8,24,240,256.6,1143.5,1.67,150
,"Pyrazolo[1,5-a]-1,3,5-triazine-2,4,7-triamine, 8-nitro-, compd. with nitrate (1:1)",,Nc1nc(N)n2nc(N)c([N+](=O)[O-])c2[nH+]1.O=[N+]([O-])[O-],-49.80%,-20.50%,46.10%,8391,28.2,40,360,205.2,60,1.82,180
,"8-nitropyrazolo[1,5-a][1,3,5]triazine-2,4,7-triamine",,Nc1nc(N)n2nc(N)c([N+](=O)[O-])c2n1,-83.70%,-45.70%,53.30%,7789,21.8,40,360,179.1,127.1,1.78,406
,"7,8-dinitropyrazolo[1,5-a][1,3,5]triazine-2,4-diamine",ICM-104,Nc1nc(N)n2nc([N+](=O)[O-])c([N+](=O)[O-])c2n1,-53.30%,-20%,46.60%,8422,29.8,40,360,214.2,260.63,1.83,334.4
2322400,"2,4-diamino-7,8-dinitropyrazolo[1,5-a][1,3,5]triazin-1-ium nitrate",,Nc1nc(N)n2nc([N+](=O)[O-])c([N+](=O)[O-])c2[nH+]1.O=[N+]([O-])[O-],-29%,-2.60%,41.60%,8813,33.2,40,360,242.6,161.85,1.89,330.4
,"amino(3,5-diamino-4-nitro-1H-pyrazol-1-yl)methaniminium nitrate",,NC(=[NH2+])n1nc(N)c([N+](=O)[O-])c1N.O=[N+]([O-])[O-],-45.10%,-19.30%,45.10%,8002,23.8,32,360,174.2,483.3,1.68,196
,"Aminoguanidinium 3,5-diamino-4-nitro-1-(1H-tetrazol-5-yl) pyrazolate",,N[NH+]=C(N)N.Nc1nn(-c2nnn[n-]2)c(N)c1[N+](=O)[O-],-75.70%,-47.70%,63.80%,8244,23.9,40,360,205.6,485.5,1.69,224
,Triaminoguanidinium ANTP,,NNC(NN)=[NH+]N.Nc1c([N+](=O)[O-])c([N+](=O)[O-])nn1-c1nnn[n-]1,-53.30%,-30.10%,60.80%,8657,28.6,12.5,216,254.6,1049.2,1.66,208
,"3,5-Diamino-1,2,4-triazolinium 3,5-diamino-4-nitro-1-(1H-tetrazol-5-yl)pyrazolate monohydrate",,Nc1nc(N)[nH+][nH]1.Nc1nn(-c2nnn[n-]2)c(N)c1[N+](=O)[O-],-77.40%,-46.40%,63.20%,8138,23.6,40,360,184.2,337.7,1.72,287
,"3,5-Diamino-1,2,4-triazolium ANTP",,Nc1c([N+](=O)[O-])c([N+](=O)[O-])nn1-c1nnn[n-]1.Nc1nc(N)[nH+][nH]1,-56.40%,-28.20%,57.60%,8649,29.5,40,324,242.7,930.3,1.76,216
,"3,5-diamino-4-nitro-1H-pyrazole-1-carboximidamide",,N=C(N)n1nc(N)c([N+](=O)[O-])c1N,-82.10%,-47.50%,52.90%,8004,22.8,40,360,192.8,127.6,1.72,200
2090054,"(E)-1,2-bis(2-(2-azidoethyl)-2H-tetrazol-5-yl)diazene",,[N-]=[N+]=NCCn1nnc(/N=N/c2nnn(CCN=[N+]=[N-])n2)n1,-84.10%,-52.60%,73.60%,7801,20.7,1,0.2,244.7,1439.2,1.539,140
,Ammonium nitrate,AN,O=[N+]([O-])[O-].[NH4+],20%,20%,35%,7960,21.6,40,360,160.3,366,1.722,250
,"Dihydroxylammonium5-Amino-4, 5â?Dinitroamino-3, 3â?bi-1, 2, 4-Triazolate",,Nc1nnc(-c2nnc([N-][N+](=O)[O-])[nH]2)n1[N-][N+](=O)[O-].[NH3+]O.[NH3+]O,-35.60%,-16.60%,54%,9120,33.4,20,216,264.7,662,1.76,200
,"Diammonium 5-Amino-4, 5â?Dinitroamino-3, 3â?bi-1, 2, 4-Triazolate",,Nc1nnc(-c2nnc([N-][N+](=O)[O-])[nH]2)n1[N-][N+](=O)[O-].[NH4+].[NH4+],-49.80%,-28.80%,59.60%,8657,27.79,20,240,233.1,552,1.69,190
1967440,"Ditriaminoguanidine 5-Amino-4, 5â?Dinitroamino-3, 3â?bi-1, 2, 4-Triazolate",,NNC(NN)=[NH+]N.NNC(NN)=[NH+]N.Nc1nnc(-c2nnc([N-][N+](=O)[O-])[nH]2)n1[N-][N+](=O)[O-],-61.70%,-41.70%,67.20%,9077,30,27,288,235.7,1200,1.66,191
1973617,"5-Amino-4, 5â?Dinitroamino-3, 3â?bi-1, 2, 4-Triazole",,Nc1nnc(-c2nnc(N[N+](=O)[O-])[nH]2)n1N[N+](=O)[O-],-38.40%,-14.80%,56.80%,8526,27.5,10,120,252.4,700,1.77,136
,"Diammonium 5-Amino-4, 5â?Dinitroamino-3, 3â?bi-1, 2, 4-Triazolate",,N[NH3+].N[NH3+].Nc1nnc(-c2nnc([N-][N+](=O)[O-])[nH]2)n1[N-][N+](=O)[O-],-50.10%,-31%,62.60%,9069,30.7,20,240,246.4,821,1.69,212
1967460,"4, 5, 5â?Triamine-3, 3â?bi-1, 2, 4-Triazole",,Nc1nnc(-c2nnc(N)n2N)[nH]1,-101.60%,-66.20%,69.60%,8190,22.9,40,360,215.8,602,1.62,329
,"5,5'-{[3,3'-Bi(1,2,4oxadiazole)]-5,5'-diyl}bis(1H-tetrazol-1-ol)",,On1nnnc1-c1nc(-c2noc(-c3nnnn3O)n2)no1,-47%,-15.70%,54.90%,,,43.4,,208.9,,,220
,"Hydroxylammonium 5,5'-{[3,3'-bi(1,2,4-oxadiazole)]-5,5'-diyl}bis(1H-tetrazol-1-olate)",,[NH3+]O.[NH3+]O.[O-]n1nnnc1-c1nc(-c2noc(-c3nnnn3[O-])n2)no1,-43%,-17.20%,52.70%,,,43.4,,221.6,,,225
1465295,"Diazonium 1,2,3-Triazolate",,N#[N+]c1[n-]nnc1-c1nn[nH]n1,-63.80%,-34.30%,77.30%,,,1,40,,,,141
,"N'5,N'5'-Dihydroxy[3,3'-bi(1,2,4-oxadiazole)]-5,5'-dicarboximidoyl diazide",,[N-]=[N+]=NC(=NO)c1nc(-c2noc(C(N=[N+]=[N-])=NO)n2)no1,-47%,-15.70%,54.90%,,,34.3,,245.7,,,178
,"N'3,N'5-Dihydroxy-1,2,4-oxadiazole-3,5-dicarboximidoyl diazide",,[N-]=[N+]=NC(=NO)c1noc(C(N=[N+]=[N-])=NO)n1,-40.30%,-13.40%,58.80%,,,6.6,,245.5,,,159
,"hydrazinium (4-amino-[1,2,4]triazolo[5,1-c][1,2,4]triazine-3,7-diyl)bis(dinitromethanide)",,N[NH3+].N[NH3+].Nc1c([C-]([N+](=O)[O-])[N+](=O)[O-])nnc2nc([C-]([N+](=O)[O-])[N+](=O)[O-])nn12,-39.20%,-15.70%,48%,8539,28.56,5,360,225.5,146.9,1.77,127.4
,"ammonium (4-amino-[1,2,4]triazolo[5,1-c][1,2,4]triazine-3,7-diyl)bis(dinitromethanide)",,Nc1c([C-]([N+](=O)[O-])[N+](=O)[O-])nnc2nc([C-]([N+](=O)[O-])[N+](=O)[O-])nn12.[NH4+].[NH4+],-38.10%,-12.70%,44.40%,8575,29.88,40,360,220.5,5.8,1.78,152.3
,"hydroxylammonium (4-amino-[1,2,4]triazolo[5,1-c][1,2,4]triazine-3,7-diyl)bis(dinitromethanide)",,Nc1c([C-]([N+](=O)[O-])[N+](=O)[O-])nnc2nc([C-]([N+](=O)[O-])[N+](=O)[O-])nn12.[NH3+]O.[NH3+]O,-27.30%,-3.90%,41%,8613,31.33,40,360,246.1,45.1,1.8,162.5
,"3,7-di(1H-tetrazol-5-yl)-[1,2,4]triazolo[5,1-c][1,2,4]triazin-4-amine",,Nc1c(-c2nnn[nH]2)nnc2nc(-c3nnn[nH]3)nn12,-82.30%,-47%,72%,7658,19.8,25,360,189.7,741.8,1.67,283.7
1586705,Dihydroxylammonium bisdinitromethyl-furazan,,O=[N+]([O-])[C-](c1nonc1[C-]([N+](=O)[O-])[N+](=O)[O-])[N+](=O)[O-].[NH3+]O.[NH3+]O,-4.60%,13.90%,32.50%,9679,41.54,14,280,275.4,27.7,1.938,156.9
1586706,Diguanidinium bisdinitromethyl-furazan,,NC(N)=[NH2+].NC(N)=[NH2+].O=[N+]([O-])[C-](c1nonc1[C-]([N+](=O)[O-])[N+](=O)[O-])[N+](=O)[O-],-36.30%,-12.10%,42.40%,8550,29.77,22,280,229.8,59.9,1.813,202.1
1586704,Dihydrazinium bisdinitromethyl-furazan,,N[NH3+].N[NH3+].O=[N+]([O-])[C-](c1nonc1[C-]([N+](=O)[O-])[N+](=O)[O-])[N+](=O)[O-],-18.70%,0%,40.90%,8954,34.9,11,160,201.9,275.2,1.77,195.1
,Ditriaminoguanidinium bisdinitromethyl-furazan,,NNC(=N[NH3+])NN.NNC(=N[NH3+])NN.O=[N+]([O-])[C-](c1nonc1[C-]([N+](=O)[O-])[N+](=O)[O-])[N+](=O)[O-],-39.50%,-19.70%,51.80%,8725,29.52,32,360,253.8,661.3,1.686,165.4
1586712,Diaminoguanidinium bisdinitromethyl-furazan,,NC(N)=N[NH3+].NC(N)=N[NH3+].O=[N+]([O-])[C-](c1nonc1[C-]([N+](=O)[O-])[N+](=O)[O-])[N+](=O)[O-],-37.50%,-15%,46%,8347,27.38,28,360,239.8,192.5,1.701,140.4
1988948,"1,2,5-Oxadiazole, 3,4-bis(dinitromethyl)-, 2-oxide, ammoniate (1:2)",,O=[N+]([O-])[C-](c1no[n+]([O-])c1[C-]([N+](=O)[O-])[N+](=O)[O-])[N+](=O)[O-].[NH4+].[NH4+],-9.80%,9.80%,34.10%,8802,34.2,3,72,266.6,123.5,1.783,131
,Diammonium bisdinitromethyl-furazan,,O=[N+]([O-])[C-](c1nonc1[C-]([N+](=O)[O-])[N+](=O)[O-])[N+](=O)[O-].[NH4+].[NH4+],-15.40%,5.10%,35.90%,8208,28.14,19,240,266.5,23.3,1.636,105.2
2012930,4-(4- aminofurazan-3-yl)-3-(4-nitrofurazan-3-yl)furoxan,,Nc1nonc1-c1c(-c2nonc2[N+](=O)[O-])no[n+]1[O-],-39.70%,-5.70%,39.70%,8214,30.5,40,360,256.5,602.3,1.802,255.4
,"ammonium 3-azasydnone-5-nitro-1,2,4-triazolate",,O=[N+]([O-])c1n[n-]c(-[n+]2noc([O-])n2)n1.[NH4+],-29.60%,-7.40%,51.80%,8451,28.9,15,360,222.4,108.27,1.828,100
,"hydrazinium 3-azasydnone-5-nitro-1,2,4-triazolate",,N[NH3+].O=[N+]([O-])c1n[n-]c(-[n+]2noc([O-])n2)n1,-31.20%,-10.40%,54.50%,8503,28.8,,324,234.6,252.45,1.774,
,"hydroxylammonium 3-azasydnone-5-nitro-1,2,4-triazolate",,O=[N+]([O-])c1n[n-]c(-[n+]2noc([O-])n2)n1.[NH3+]O,-20.70%,0%,48.30%,8749,32.5,,,247,154.75,1.84,
,"Dihydroxylammonium 3,5-bis(dinitromethyl)-1,2,4-triazolate Â·H2O",,O.O=[N+]([O-])[C-](c1n[nH]c([C-]([N+](=O)[O-])[N+](=O)[O-])n1)[N+](=O)[O-].[NH3+]O.[NH3+]O,-11.10%,6.60%,34.90%,8604,31.7,30,360,266.1,234.77,1.73,189
,"Di-triaminoguanidinium 3,5-bis(dinitromethyl)-1,2,4-triazolate",,NNC(NN)=[NH+]N.NNC(NN)=[NH+]N.O=[N+]([O-])[C-](c1n[nH]c([C-]([N+](=O)[O-])[N+](=O)[O-])n1)[N+](=O)[O-],-44.50%,-24.70%,54.80%,8557,27.3,22,360,239.9,606.68,1.66,170
2150464,"1,1â?diamino-5,5â?bistetrazole","1,1â?DABT",Nn1nnnc1-c1nnnn1N,-57.10%,-38.10%,83.30%,9360,32.7,1,3,251.7,791.4,1.757,200
2122287,"3-nitro-[1,2,4]triazolo[5,1-c][1,2,4]triazin-4-amine",,Nc1c([N+](=O)[O-])nnc2ncnn12,-66.30%,-30.90%,54.10%,8329,27,40,360,231.3,480.6,1.78,275.6
2123497,"5-(4-amino-3-nitro-[1,2,4]triazolo[5,1-c][1,2,4]triazin-7-yl)-2,4-dihydro-3H-1,2,4-triazol-3-one",,Nc1c([N+](=O)[O-])nnc2nc(-c3n[nH]c(=O)[nH]3)nn12,-66.60%,-30.30%,53%,8405,29.2,40,360,214.39,522.6,1.859,324.5
,"7-(dinitromethyl)-3-nitro-[1,2,4]triazolo[5,1-c][1,2,4]triazin-4-amine",,Nc1c([N+](=O)[O-])nnc2nc(C([N+](=O)[O-])[N+](=O)[O-])nn12,-30.90%,-2.80%,44.20%,8597,31.9,30,180,250.2,420,1.801,158
1514948,"4-Amino-3-nitro-7-cyanotriazolo-[5,1-c][1,2,4] triazine",ANCTT,N#Cc1nc2nnc([N+](=O)[O-])c(N)n2n1,-69.90%,-31%,54.30%,7763,23.05,,,219.4,533.34,1.805,229
2190888,"3-nitro-7-(4-nitro-1,2,5-oxadiazol-3-yl)-[1,2,4]triazolo[5,1-c][1,2,4]triazin-4-amine",,Nc1nonc1-c1nc2nnc([N+](=O)[O-])c(N)n2n1,-66.60%,-30.30%,53%,8620,31.5,40,360,246.5,710.5,1.86,320
,"hydroxylammonium (4-amino-3-nitro-[1,2,4]triazolo[5,1-c][1,2,4]triazin-7-yl)dinitromethanide",,Nc1c([N+](=O)[O-])nnc2nc([C-]([N+](=O)[O-])[N+](=O)[O-])nn12.[NH3+]O,-30.20%,-5%,44%,8663,32.7,40,216,259.7,440.4,1.779,153
2254742,"3-nitro-7-(3-nitro-1H-pyrazol-4-yl)-[1,2,4]triazolo[5,1-c][1,2,4]triazin-4-amine",,Nc1c([N+](=O)[O-])nnc2nc(-c3c[nH]nc3[N+](=O)[O-])nn12,-65.70%,-27.40%,47.90%,8180,26.4,40,360,231.5,695,1.79,319
2190890,"3-nitro-7-(5-nitro-2H-1,2,3-triazol-4-yl)-[1,2,4]triazolo[5,1-c][1,2,4]triazin-4-amine",,Nc1c([N+](=O)[O-])nnc2nc(-c3n[nH]nc3[N+](=O)[O-])nn12,-51.80%,-19.10%,52.50%,8810,33.2,15,240,243.8,821,1.84,215
,"hydrazinium (4-amino-3-nitro-[1,2,4]triazolo[5,1-c][1,2,4]triazin-7-yl)dinitromethanide",,N[NH3+].Nc1c([N+](=O)[O-])nnc2nc([C-]([N+](=O)[O-])[N+](=O)[O-])nn12,-37.80%,-12.60%,48.60%,8534,32,40,240,251.4,536.5,1.762,200
2405372,"3-nitro-7-(trinitromethyl)-[1,2,4]triazolo[5,1-c][1,2,4]triazin-4-amine",,Nc1c([N+](=O)[O-])nnc2nc(C([N+](=O)[O-])([N+](=O)[O-])[N+](=O)[O-])nn12,-14.50%,9.70%,42.40%,9151,37.1,10,128,261.2,380.48,1.913,177
2176159,"3,3'-dinitro-[7,7'-bi[1,2,4]triazolo[5,1-c][1,2,4]triazine]-4,4'-diamine",,Nc1c([N+](=O)[O-])nnc2nc(-c3nc4nnc([N+](=O)[O-])c(N)n4n3)nn12,-62.20%,-26.70%,54.40%,8837,32.9,40,360,237,1076.8,1.9,327
,"3-nitro-7-(4-nitro-1,2,5-oxadiazol-3-yl)-[1,2,4]triazolo[5,1-c][1,2,4]triazin-4-amine",,Nc1c([N+](=O)[O-])nnc2nc(-c3nonc3[N+](=O)[O-])nn12,-43.50%,-10.90%,47.60%,8876,32.22,40,360,253.4,798.93,1.86,247
2151874,"ammonium (4-amino-3-nitro-[1,2,4]triazolo[5,1-c][1,2,4]triazin-7-yl)dinitromethanide",,Nc1c([N+](=O)[O-])nnc2nc([C-]([N+](=O)[O-])[N+](=O)[O-])nn12.[NH4+],-37.10%,-10.60%,46.30%,8369,28.4,40,240,244.7,400.1,1.73,186
,"Dihydrazinium 3,5-bis(dinitromethyl)-1,2,4-triazolate",,N[NH3+].N[NH3+].O=[N+]([O-])[C-](c1n[nH]c([C-]([N+](=O)[O-])[N+](=O)[O-])n1)[N+](=O)[O-],-25.80%,-7%,45.10%,8653,31,18,240,262.2,211.54,1.71,134
2121887,"(E)-N-(7-amino-[1,2,4]triazolo[1,5-a][1,3,5]triazin-5(4H)-ylidene)nitramide",,Nc1n/c(=N/[N+](=O)[O-])[nH]c2ncnn12,-65.30%,-32.60%,57.10%,8308,26.6,40,360,222.9,454.3,1.77,224.7
,"3,5-diamino-4H-1,2,4-triazolium (4-(5-amino-1,2,4-oxadiazol-3-yl)-1,2,5-oxadiazol-3-yl)(nitro)amide",,Nc1n[nH+]c(N)[nH]1.Nc1nc(-c2nonc2[N-][N+](=O)[O-])no1,-61.50%,-30.70%,53.80%,7537,24.5,40,,221.5,547.4,1.714,208.4
2127652,"3-amino-4H-1,2,4-triazolium (4-(5-amino-1,2,4-oxadiazol-3-yl)-1,2,5-oxadiazol-3-yl)(nitro)amide",,Nc1n[nH+]c[nH]1.Nc1nc(-c2nonc2[N-][N+](=O)[O-])no1,-61.90%,-29.60%,51.80%,7982,28.7,40,,226.7,573.2,1.797,219
2120612,"4H-1,2,4-triazolium (4-(5-amino-1,2,4-oxadiazol-3-yl)-1,2,5-oxadiazol-3-yl)(nitro)amide",,Nc1nc(-c2nonc2[N-][N+](=O)[O-])no1.c1n[nH+]c[nH]1,-62.40%,-28.40%,49.60%,7592,24.7,40,,233.2,607.2,1.736,183.8
2174881,"3,4-diamino-4H-1,2,4-triazolium (4-(5-amino-1,2,4-oxadiazol-3-yl)-1,2,5-oxadiazol-3-yl)(nitro)amide",,Nc1n[nH+]cn1N.Nc1nc(-c2nonc2[N-][N+](=O)[O-])no1,-61.50%,-30.70%,53.80%,7609,24.7,40,,230.62,660.6,1.72,238.5
,"bis([1,2,4]triazolo)[1,5-b:5â?1â?f][1,2,4,5] tetrazine-2,7-diamine",DATC,Nc1nc2nnc3nc(N)nn3n2n1,-83.30%,-50%,72.90%,8340,29.2,45,600,213.9,668,1.713,450
,"hydrazinium 5,5',5'',5'''-(pyrazine-2,3,5,6-tetrayl)tetrakis(tetrazol-1-ide)",,N[NH3+].N[NH3+].N[NH3+].N[NH3+].n1n[n-]c(-c2nc(-c3nnn[n-]3)c(-c3nnn[n-]3)nc2-c2nnn[n-]2)n1,-86.60%,-59.90%,75.80%,8364,23.7,,,188.4,989,1.66,247
,"diaminomethaniminium 5,5',5'',5'''-(pyrazine-2,3,5,6-tetrayl)tetrakis(tetrazol-1-ide)",,NC(N)=[NH2+].NC(N)=[NH2+].NC(N)=[NH2+].NC(N)=[NH2+].n1n[n-]c(-c2nc(-c3nnn[n-]3)c(-c3nnn[n-]3)nc2-c2nnn[n-]2)n1,-97.90%,-65.20%,71.40%,6873,14.3,,,153.2,523,1.55,297
,"amino(hydrazineyl)methaniminium 5,5',5'',5'''-(pyrazine-2,3,5,6-tetrayl)tetrakis(tetrazol-1-ide)",,NNC(N)=[NH2+].NNC(N)=[NH2+].NNC(N)=[NH2+].NNC(N)=[NH2+].n1n[n-]c(-c2nc(-c3nnn[n-]3)c(-c3nnn[n-]3)nc2-c2nnn[n-]2)n1,-93.70%,-64.10%,73.40%,8248,22.4,,,171.2,926,1.7,267
,"hydroxylammonium 5,5',5'',5'''-(pyrazine-2,3,5,6-tetrayl)tetrakis(tetrazol-1-ide)",,[NH3+]O.[NH3+]O.[NH3+]O.[NH3+]O.n1n[n-]c(-c2nc(-c3nnn[n-]3)c(-c3nnn[n-]3)nc2-c2nnn[n-]2)n1,-66.10%,-39.60%,63.60%,8360,24.9,,,198.6,625,1.75,207
,"ammonium 5,5',5'',5'''-(pyrazine-2,3,5,6-tetrayl)tetrakis(tetrazol-1-ide)",,[NH4+].[NH4+].[NH4+].[NH4+].n1n[n-]c(-c2nc(-c3nnn[n-]3)c(-c3nnn[n-]3)nc2-c2nnn[n-]2)n1,-91.30%,-60.90%,73.30%,7229,15.5,,,148.2,320,1.65,286
,"3,6-Diamino-7H-[1,2,4]triazolo[4,3-b][1,2,4]triazol-2-ium 4,5- dinitroimidazolate",,Nc1nn2c(N)[nH+]nc2[nH]1.O=[N+]([O-])c1nc[n-]c1[N+](=O)[O-],-61.90%,-29.60%,51.80%,7599,21.3,40,288,206.8,338.8,1.73,223
,"5H-1,2,4-Triazolo[4,3-b][1,2,4]triazole-3,6-diamine, compd. with 4,4â?5,5â?tetranitro-2,2â?bi-1H-imidazole (2:1) (ACI)",,Nc1nn2c(N)[nH+]nc2[nH]1.Nc1nn2c(N)[nH+]nc2[nH]1.O=[N+]([O-])c1nc(-c2nc([N+](=O)[O-])c([N+](=O)[O-])[n-]2)[n-]c1[N+](=O)[O-],-59.40%,-27%,52%,8237,26.6,40,360,215.8,915.1,1.78,272
,"3,6-Diamino-7H-[1,2,4]triazolo[4,3-b][1,2,4]triazol-2-ium 3,5- dinitro-1,2,4-triazolate",,Nc1nn2c(N)[nH+]nc2[nH]1.O=[N+]([O-])c1n[n-]c([N+](=O)[O-])n1,-48.30%,-21.50%,56.30%,7726,22.1,40,288,213.5,401.5,1.72,232
,"3,6-Diamino-7H-[1,2,4]triazolo[4,3-b][1,2,4]triazol-2-ium 5- nitriminotetrazolate",,Nc1nn2c(N)[nH+]nc2[nH]1.O=[N+]([O-])N=c1[n-]nn[nH]1,-56.50%,-32.70%,67.60%,7831,21.1,40,216,201.9,440,1.73,244
,"Dihydroxylammonium 4,4',5,5'-tetranitro-3,3'-bipyrazolate",,O=[N+]([O-])c1n[n-]c(-c2[n-]nc([N+](=O)[O-])c2[N+](=O)[O-])c1[N+](=O)[O-].[NH3+]O.[NH3+]O,-25.30%,0%,36.80%,8851,35.78,8,240,262.5,220.61,1.854,137
1811784,"Di(aminoguanidinium) 4,4',5,5'-tetranitro-3,3'-bipyrazolate",,N[NH+]=C(N)N.N[NH+]=C(N)N.O=[N+]([O-])c1n[n-]c(-c2[n-]nc([N+](=O)[O-])c2[N+](=O)[O-])c1[N+](=O)[O-],-51.90%,-24.20%,48.50%,8136,25.2,15,360,217.4,353.3,1.692,196
1811783,"Dihydrazinium 4,4',5,5'-tetranitro-3,3'-bipyrazolate monohydrate",,N[NH3+].N[NH3+].O=[N+]([O-])c1n[n-]c(-c2[n-]nc([N+](=O)[O-])c2[N+](=O)[O-])c1[N+](=O)[O-],-38.10%,-12.70%,44.40%,8670,31.5,10,240,236.7,220.9,1.769,155
,"4,4â?bis(trinitromethyl)-3,3â?azofurazan",,O=[N+]([O-])C(c1nonc1N=Nc1nonc1C([N+](=O)[O-])([N+](=O)[O-])[N+](=O)[O-])([N+](=O)[O-])[N+](=O)[O-],6.90%,27.60%,36.20%,8926,34.5,7.5,200,265.6,823.7,1.865,153
,"Di(3,5-diamino-1,2,4-triazolium) 4,4',5,5'-tetranitro-3,3'-bipyrazolate",,Nc1n[nH]c(N)[nH+]1.Nc1n[nH]c(N)[nH+]1.O=[N+]([O-])c1n[n-]c(-c2[n-]nc([N+](=O)[O-])c2[N+](=O)[O-])c1[N+](=O)[O-],-56.20%,-25%,49.20%,8219,26.5,12,360,214.6,565.4,1.763,206
,"Di(3,4-diamino-1,2,4-triazolium) 4,4',5,5'-tetranitro-3,3'-bipyrazolate",,Nc1[nH+]ncn1N.Nc1[nH+]ncn1N.O=[N+]([O-])c1n[n-]c(-c2[n-]nc([N+](=O)[O-])c2[N+](=O)[O-])c1[N+](=O)[O-],-56.20%,-25%,49.20%,8306,27.3,16,360,225.7,791.9,1.75,186
2024994,"5-amino-3-methyl-1,2,3-oxadiazolium nitrate",,C[n+]1cc(N)on1.O=[N+]([O-])[O-],-49.40%,-19.70%,34.50%,7537,21.5,40,360,217.2,126.4,1.612,135
2035560,"5-amino-3-methyl-1,2,3-oxadiazolium tetrazole azasydnone",,C[n+]1cc(N)on1.[O-]c1n[n+](-c2nnn[n-]2)no1,-62.90%,-31.50%,55.10%,7418,21.1,35,160,215.4,434.4,1.633,112
2025852,"3-Methyl-1,2,3-oxadiazolium nitrosoimide",,C[n+]1cc([N-]N=O)on1,-74.90%,-37.50%,43.70%,7645,22.2,,,241.8,286.8,1.611,
1847186,"ammonium 1,1,2,2-tetranitroethane-1,2-diide",,O=[N+]([O-])[C-]([C-]([N+](=O)[O-])[N+](=O)[O-])[N+](=O)[O-].[NH4+].[NH4+],0%,13.10%,34.40%,8900,33,6,80,259.3,386.4,1.772,104
2024997,"5-amino-3-methyl-1,2,3-oxadiazolium 3,6-Dinitro- [1,2,4]triazolo[4,3-b][1,2,4]triazolate",,C[n+]1cc(N)on1.O=[N+]([O-])c1nn2c([N+](=O)[O-])nnc2[n-]1,-53.70%,-21.50%,47%,7865,24.3,40,360,227,444.9,1.725,134.9
2024995,"5-amino-3-methyl-1,2,3-oxadiazolium nitrote-trazolate",,C[n+]1cc(N)on1.O=[N+]([O-])c1nnn[n-]1,-59.80%,-29.90%,52.30%,7572,21.1,40,360,222.6,334.6,1.607,135
2025853,"5-amino-3-methyl-1,2,3- oxadiazolium azidotetrazolate",,C[n+]1cc(N)on1.[N-]=[N+]=Nc1nnn[n-]1,-76.10%,-45.70%,66.60%,7683,20.5,,,231.9,698.4,1.562,
,aminoguanidine tetranitroethanide,,N/N=C(\N)[NH3+].N/N=C(\N)[NH3+].O=[N+]([O-])[C-]([C-]([N+](=O)[O-])[N+](=O)[O-])[N+](=O)[O-],-31.30%,-13.40%,46.90%,8447,27.5,10,120,241.6,49.8,1.677,99
,"guanidinium 1,1,2,2-tetranitroethane-1,2-diide",,N=C(N)[NH3+].N=C(N)[NH3+].O=[N+]([O-])[C-]([C-]([N+](=O)[O-])[N+](=O)[O-])[N+](=O)[O-],-29.30%,-9.80%,42.70%,8306,27.2,25,160,228.6,318.6,1.713,179
2377656,"2,2â?5,5â?tetra(trinitromethyl)-3,3â?bi-1,2,4- triazole",BITE-202,O=[N+]([O-])C(c1nc(-c2nc(C([N+](=O)[O-])([N+](=O)[O-])[N+](=O)[O-])nn2C([N+](=O)[O-])([N+](=O)[O-])[N+](=O)[O-])n(C([N+](=O)[O-])([N+](=O)[O-])[N+](=O)[O-])n1)([N+](=O)[O-])[N+](=O)[O-],17.50%,35%,34.40%,,,11,216,244.9,584.8,1.976,164
1862971,"1,3-bis(trinitromethyl)-1H-1,2,4-triazole",,O=[N+]([O-])C(c1ncn(C([N+](=O)[O-])([N+](=O)[O-])[N+](=O)[O-])n1)([N+](=O)[O-])[N+](=O)[O-],15.30%,32.70%,34.30%,8434,30.7,4,120,238,22.9,1.9,157
,triaminoguanidine tetranitroethanide,,NNC(NN)=[NH+]N.NNC(NN)=[NH+]N.O=[N+]([O-])[C-]([C-]([N+](=O)[O-])[N+](=O)[O-])[N+](=O)[O-],-34.40%,-19.10%,53.60%,8757,29.2,5,80,257.5,425.5,1.653,116
1903374,2-(dinitromethyl)-5-(trinitromethyl)-2H-tetrazole,,O=[N+]([O-])C(n1nnc(C([N+](=O)[O-])([N+](=O)[O-])[N+](=O)[O-])n1)[N+](=O)[O-],17.30%,32.20%,39%,8511,31.2,2,80,244.5,284.3,1.88,73
1903378,dinitro(5-(trinitromethyl)-2H-tetrazol-2-yl)methanide,,O=[N+]([O-])[C-](n1nnc(C([N+](=O)[O-])([N+](=O)[O-])[N+](=O)[O-])n1)[N+](=O)[O-].[NH4+],9.40%,23.50%,41.20%,8617,31.6,1,120,258,238.1,1.79,121
,"Hydroxylamine, salt with 2-(dinitromethyl)-5-(trinitromethyl)-2H-tetrazole (1:1)",,O=[N+]([O-])[C-](n1nnc(C([N+](=O)[O-])([N+](=O)[O-])[N+](=O)[O-])n1)[N+](=O)[O-].[NH3+]O,13.50%,27%,39.30%,9054,36.3,1,20,256,277.77,1.92,107
,"Hydrazinium, salt with 2-(dinitromethyl)-5-(trinitromethyl)-2H-tetrazole (1:1)",,N[NH3+].O=[N+]([O-])[C-](n1nnc(C([N+](=O)[O-])([N+](=O)[O-])[N+](=O)[O-])n1)[N+](=O)[O-],6.80%,20.30%,43.40%,8920,34.6,1,10,266,383.55,1.81,97
2210010,"Synthesis of 4-Nitro-N5-(2,4,6-trinitrophenyl)-1H-pyrazole-3,5-diamine",,Nc1n[nH]c(Nc2c([N+](=O)[O-])cc([N+](=O)[O-])cc2[N+](=O)[O-])c1[N+](=O)[O-],-58.70%,-18.10%,31.60%,8788,34.83,15,240,273.7,1015,1.827,286
1134666,"2,4,6-triazido-1,3,5-triazine",TAT,[N-]=[N+]=Nc1nc(N=[N+]=[N-])nc(N=[N+]=[N-])n1,-47%,-23.50%,82.30%,6930,19.29,5,0.49,239.6,961,1.59,150
220865,"1,3,3a1,4,6,7,9-heptaazaphenalene-2,5,8-triamine",,NC1=NC2=NC(N)=NC3=NC(N)=NC(=N1)N23,-110%,-66%,64.20%,5220,11.38,50,360,146.3,249,1.64,450
2210033,"Synthesis of 4-Nitro-1-(2,4,6-trinitrophenyl)-1H-pyrazole-3,5-diamine",,Nc1nn(-c2c([N+](=O)[O-])cc([N+](=O)[O-])cc2[N+](=O)[O-])c(N)c1[N+](=O)[O-],-58.70%,-18.10%,31.60%,8346,29.9,27.5,216,259.7,785.4,1.751,263
2210034,"Synthesis of N-(5-amino-4-nitro-1-(2,4,6-trinitrophenyl)-1H- pyrazol-3-yl)nitramide",,Nc1c([N+](=O)[O-])c(N[N+](=O)[O-])nn1-c1c([N+](=O)[O-])cc([N+](=O)[O-])cc1[N+](=O)[O-],-42.10%,-6%,31.60%,8526,31.6,22.5,216,274.6,869.6,1.75,136
,"4, 6-diazido-N, N-dimethyl-1, 3, 5-triazin-2-amine",,CN(C)c1nc(N=[N+]=[N-])nc(N=[N+]=[N-])n1,-100.90%,-62.10%,67.90%,5990,13.83,40,360,205.4,649,1.45,152
1884589,"Diammonium 5-(5-(dinitromethyl)-2-methyl-2H-1,2,3-triazol-4-yl)-tetrazol-1-ide",,Cn1nc(-c2nnn[n-]2)c([C-]([N+](=O)[O-])[N+](=O)[O-])n1.[NH4+].[NH4+],-63.60%,-36%,53.20%,8178,24.4,19,360,223,402.8,1.63,153
,"N,Nâ?Bis(4,5-bis(5-amino-1,2,4-oxadiazol-3-yl)-1H-imidazol-2-yl) methanediamine",,Nc1nc(-c2nc(NCNc3nc(-c4noc(N)n4)c(-c4noc(N)n4)[nH]3)[nH]c2-c2noc(N)n2)no1,-103.40%,-56.40%,49.40%,5980,15.66,30,350,161.9,188,1.76,154
,"3,3â?(2H-Imidazo[1,2-a][1,2,3]triazolo[4,5-e]pyrimidine-7,8-diyl)bis (1,2,4-oxadiazol-5-amine)",,Nc1nc(-c2nc3ncc4n[nH]nc4n3c2-c2noc(N)n2)no1,-103%,-53.90%,51.50%,6240,17.14,30,350,175.8,499,1.78,267
,"(Z)-1,2-Bis(4,5-di(1H-tetrazol-5-yl)-1H-imidazol-2-yl)diazene",,N(=N/c1nc(-c2nnn[nH]2)c(-c2nnn[nH]2)[nH]1)\c1nc(-c2nnn[nH]2)c(-c2nnn[nH]2)[nH]1,-84.70%,-47.90%,70.90%,6510,18.09,30,350,200.6,1392,1.69,270
,"7,8-Di(1H-tetrazol-5-yl)-2H-imidazo[1,2-a][1,2,3]triazolo[4,5-e] pyrimidine",,c1nc2nc(-c3nnn[nH]3)c(-c3nnn[nH]3)n2c2n[nH]nc12,-97.20%,-54%,66.20%,6700,19.94,30,350,202.5,1034,1.8,306
,"N,Nâ?Bis(4,5-di(1H-tetrazol-5-yl)-1H-imidazol-2-yl) methanediamine",,C(Nc1nc(-c2nnn[nH]2)c(-c2nnn[nH]2)[nH]1)Nc1nc(-c2nnn[nH]2)c(-c2nnn[nH]2)[nH]1,-95.90%,-56.80%,68.40%,6320,17.18,30,350,187.4,1168,1.71,363
,"(Z)-1,2-Bis(4,5-di(5-amino-1,2,4-oxadiazol-3-yl)-1H-imidazol-2-yl) diazene",,Nc1nc(-c2nc(/N=N/c3nc(-c4noc(N)n4)c(-c4noc(N)n4)[nH]3)[nH]c2-c2noc(N)n2)no1,-93.90%,-48.50%,51%,6130,16.64,30,350,167.6,368,1.75,170
1884771,"Dihydrazinium 5-(5-(dinitromethyl)-2-methyl-2H-1,2,3-triazol-4-yl)-tetrazol-1-ide",,Cn1nc(-c2nnn[n-]2)c([C-]([N+](=O)[O-])[N+](=O)[O-])n1.N[NH3+].N[NH3+],-62.60%,-37.60%,57%,8640,27.7,16,360,241.3,724,1.65,209.5
,"Dihydroxylammonium 5-(5-(dinitromethyl)-2-methyl-2H-1,2,3-triazol-4-yl)-tetrazol-1-ide",,Cn1nc(-c2nnn[n-]2)c([C-]([N+](=O)[O-])[N+](=O)[O-])n1.[NH3+]O.[NH3+]O,-47.30%,-22.40%,47.90%,8811,30.9,18,360,250.7,509.9,1.73,180.6
,"N,N'-methylenebis(N-(1-methoxy-1H-tetrazol-5-yl)nitramide)",,COn1nnnc1N(CN(c1nnnn1OC)[N+](=O)[O-])[N+](=O)[O-],-38.50%,-14.40%,50.60%,8776,31.65,10,240,264.1,765.7,1.75,104
2089156,"5-amino-3,4-dinitropyrazolemethylene bis-3-nitro- amine-1,2,4-oxadiazole",,Nc1c([N+](=O)[O-])c([N+](=O)[O-])nn1Cc1no/c(=N/[N+](=O)[O-])[nH]1,-38.10%,-7.60%,40%,8402,32,12,200,,,1.8,201
,"Ditriaminoguanidinium 5-(5-(dinitromethyl)-2-methyl-2H-1,2,3-triazol-4-yl)-tetrazol-1-ide",,Cn1nc(-c2nnn[n-]2)c([C-]([N+](=O)[O-])[N+](=O)[O-])n1.NNC(NN)=[NH+]N.NNC(NN)=[NH+]N,-70.80%,-46.60%,63.40%,8516,25.9,28,360,234.5,1144.9,1.61,176
2069175,"1,2-bis (4-nitro-1H-pyrazol-5-yl) diazene 1-oxide",,O=[N+]([O-])c1c[nH]nc1/N=[N+](\[O-])c1[nH]ncc1[N+](=O)[O-],-53.70%,-17.90%,41.80%,8272,28.7,22,240,249.2,607.7,1.8,239
,"ammonium 5,5'-bis(trinitromethyl)-[3,3'-bi(1,2,4-triazole)]-2,2'-diide",,O=[N+]([O-])C(c1n[n-]c(-c2nc(C([N+](=O)[O-])([N+](=O)[O-])[N+](=O)[O-])n[n-]2)n1)([N+](=O)[O-])[N+](=O)[O-].[NH4+].[NH4+],-13.70%,6.80%,41.90%,8800,33.7,1,6,250.2,45.1,1.86,188
,"hydroxylammonium 5,5'-bis(trinitromethyl)-[3,3'-bi(1,2,4-triazole)]-2,2'-diide",,O=[N+]([O-])C(c1n[n-]c(-c2nc(C([N+](=O)[O-])([N+](=O)[O-])[N+](=O)[O-])n[n-]2)n1)([N+](=O)[O-])[N+](=O)[O-].[NH3+]O.[NH3+]O,-6.40%,12.80%,39.20%,9468,39.9,5,144,262.5,44.9,1.97,191
,"hydrazinium 5,5'-bis(trinitromethyl)-[3,3'-bi(1,2,4-triazole)]-2,2'-diide",,N[NH3+].N[NH3+].O=[N+]([O-])C(c1n[n-]c(-c2nc(C([N+](=O)[O-])([N+](=O)[O-])[N+](=O)[O-])n[n-]2)n1)([N+](=O)[O-])[N+](=O)[O-],-16.10%,3.20%,45%,8933,34.9,3,16,258.6,250.9,1.94,218
,"4,6-diamino-1,3-dihydroxy-5-nitro-2-oxo-2,3-dihydropyrimidin-1-ium dinitroamide",,Nc1c([N+](=O)[O-])c(N)[n+](O)c(=O)n1O.O=[N+]([O-])[N-][N+](=O)[O-],-10.30%,10.30%,36.10%,9337,40.5,7,240,272.5,139.4,1.93,152
2008343,"4,6-diamino-1,3-dihydroxy-5-nitro-2-oxo-2,3-dihydropyrimidin-1-ium nitrate",,Nc1c([N+](=O)[O-])c(N)[n+](O)c(=O)n1O.O=[N+]([O-])[O-],-18%,6%,31.60%,8698,35.72,10,240,241.1,343.1,1.92,175
2215706,"1-(dinitromethyl)-4,4â?5,5â?tetranitro-1H,1â²H-2,2â?biimidazole",DNM-TNBI,O=[N+]([O-])c1nc(-c2nc([N+](=O)[O-])c([N+](=O)[O-])n2C([N+](=O)[O-])[N+](=O)[O-])[nH]c1[N+](=O)[O-],-11.50%,15.30%,33.50%,9102,37.6,9,160,260.4,209.1,1.92,142
,"3,4-Bis(5-(azidomethyl)-1,2,4-oxadiazol-3-yl)-furazan (DAM-BFFa)",,[N-]=[N+]=NCc1nc(-c2nonc2-c2noc(CN=[N+]=[N-])n2)no1,-75.90%,-35.40%,53.10%,7672,227,40,,226,1072.9,1.75,193
1524803,"1H-1,2,4-Triazole-5-diazonium, 3-(trinitromethyl)-, inner salt",,N#[N+]c1nc(C([N+](=O)[O-])([N+](=O)[O-])[N+](=O)[O-])n[n-]1,0%,19.70%,45.90%,9317,37.6,1,5,268.4,521.7,1.89,127
2058090,"4,4â?5,5â?Tetrakis(azidomethyl)-3,3â?bisisoxazole (TAMBIO)",,[N-]=[N+]=NCc1onc(-c2noc(CN=[N+]=[N-])c2CN=[N+]=[N-])c1CN=[N+]=[N-],-98.80%,-53.90%,55%,7147,19.8,2,64,222,1377.8,1.57,192
2058089,"3,3â?Bis(azidomethyl)-5,5â?bis(1,2,4-oxadiazole) (DAMBO)",,[N-]=[N+]=NCc1nc(-c2noc(CN=[N+]=[N-])n2)no1,-77.40%,-38.70%,56.40%,7221,19.2,40,360,219,781.5,1.65,209
,"Nâ?,Nâ?-dihydroxyterephthalimidoyl diazide",,[N-]=[N+]=N/C(=N\O)c1ccc(/C(N=[N+]=[N-])=N/O)cc1,-110.50%,-58.50%,45.50%,6693.04,17.86,10,240,226.8,804.3,1.57,167
,"Diammonium-5,5â?(1,4-phenylene)bis(1H-tetrazol-1-olate)",,[NH4+].[NH4+].[O-]n1nnnc1-c1ccc(-c2nnnn2[O-])cc1,-114.20%,-68.50%,50%,7105.19,16.86,40,360,191.6,381.76,1.58,251
,"5,5â?(1,4-phenylene)bis(1H-tetrazol-1-ol)",,On1nnnc1-c1ccc(-c2nnnn2O)cc1,-110.50%,-58.50%,45.50%,6885.27,17.16,40,360,224.2,775.02,1.63,209
,"Dihydrazinium-5,5â?(1,4-phenylene)bis(1H-tetrazol-1-olate)",,N[NH3+].N[NH3+].[O-]n1nnnc1-c1ccc(-c2nnnn2[O-])cc1,-108.30%,-67%,54.10%,7371.84,18.35,40,360,216.1,740.29,1.51,228
,"Dihydroxylammonium-5,5â?(1,4-phenylene)bis(1H-tetrazol-1- olate)",,[NH3+]O.[NH3+]O.[O-]n1nnnc1-c1ccc(-c2nnnn2[O-])cc1,-92.20%,-51.20%,44.80%,7491.57,19.98,40,360,218.2,508.69,1.62,195
2206847,"(1,4-phenylenebis(isoxazole-3,4,5-triyl))-tetrakis- (methylene)-tetranitrate",,O=[N+]([O-])OCc1onc(-c2ccc(-c3noc(CO[N+](=O)[O-])c3CO[N+](=O)[O-])cc2)c1CO[N+](=O)[O-],-75%,-25%,16.40%,6865.72,18.98,15,360,217.6,57.82,1.63,177
,"1,4-bis(4,5-bis(azidomethyl)isoxazol-3-yl)-benzene",,[N-]=[N+]=NCc1onc(-c2ccc(-c3noc(CN=[N+]=[N-])c3CN=[N+]=[N-])cc2)c1CN=[N+]=[N-],-133.20%,-74%,45.30%,6621.19,17.11,15,360,220.9,1612.71,1.6,207
,"5H-1,2,4-Triazolo[4,3-b][1,2,4]triazole-3,6-diamine, compd. with 1,1â?dihydroxy-5,5â?bi-1H-tetrazole (2:1) (ACI)",,Nc1nn2c(N)[nH+]nc2[nH]1.Nc1nn2c(N)[nH+]nc2[nH]1.[O-]n1nnnc1-c1nnnn1[O-],-71.40%,-42.80%,68.70%,8591,27.7,20,360,227.9,1426.6,1.75,293
,"5H-1,2,4-Triazolo[4,3-b][1,2,4]triazole-3,6-diamine, compd. with 5,5â?dinitro-3,3â?bi-1H-1,2,4-triazole (2:1) (ACI)",,Nc1nn2c(N)[nH+]nc2[nH]1.Nc1nn2c(N)[nH+]nc2[nH]1.O=[N+]([O-])c1n[n-]c(-c2nc([N+](=O)[O-])n[n-]2)n1,-69.80%,-38.10%,61.10%,8050,23.9,36,360,212.1,1088.9,1.72,277
2112830,"3,5-bis(dinitromethyl)-4-nitro-1H-pyrazole",,N[NH3+].N[NH3+].O=[N+]([O-])c1c([C-]([N+](=O)[O-])[N+](=O)[O-])n[nH]c1[C-]([N+](=O)[O-])[N+](=O)[O-],-22.80%,-2.10%,40%,8931,35.9,8,120,263,113.8,1.83,217.9
2005505,3-Amino-5-hydrazinopyrazole dinitrate,,Nc1cc(N[NH3+])[nH][nH+]1.O=[N+]([O-])[O-].O=[N+]([O-])[O-],-30.10%,-10%,41%,9076,34.1,40,360,254.9,8.7,1.805,172
1975140,"6-amino-1 âhydroxy-5-nitro-4-oxo-3,4-dihydropyrimidin-  2(1H)-iminium nitrate salt",,Nc1c([N+](=O)[O-])c(=O)[nH]c(=[NH2+])n1O.O.O.O=[N+]([O-])[O-],-22.40%,0%,29.40%,9021,37.09,40,360,293.4,230.8,1.77,169
1975142,"5-Nitro-2,4,6-triaminopyrimidine-1,3dioxide (NTAPDO)",ICM-102,Nc1c([N+](=O)[O-])c(N)[n+]([O-])c(N)[n+]1[O-],-55.40%,-23.70%,41.60%,8560,29.88,40,360,295.6,768.4,1.84,275.9
,"PDO (TNBI, 4,40 ,5,50 -tetranitro- 2,20 -bi-1H-imidazole; TANPDO, 2,4,6-triamino-5-nitropyrimidine- 1,3-dioxide monohydrate",TANPDOÂ·H2O,Nc1c([N+](=O)[O-])c(N)[n+]([O-])c(N)[n+]1[O-].O,-50.90%,-21.80%,38.20%,8463,28.44,60,360,204.9,197.3,1.81,263
1975159,"6-amino-1 âhydroxy-5-nitro-4-oxo-3,4-dihydropyrimidin-  2(1H)-iminium nitrate salt",,Nc1c([N+](=O)[O-])c(=O)[nH]c(=[NH2+])n1O.O=[N+]([O-])[O-],-25.60%,0%,33.60%,8969,36.65,40,360,275.1,207.7,1.86,180
,"ammonium (pyridine-2,6-diylbis(5-amino-4H-1,2,4-triazole-3,4-diyl))bis(nitroamide)",,Nc1nnc(-c2cccc(-c3nnc(N)n3[N-][N+](=O)[O-])n2)n1[N-][N+](=O)[O-].[NH4+].[NH4+],-86.60%,-50.30%,52.90%,8427,25.54,39,235,210.6,647.9,1.72,260
2033763,"2,6-bis(3-amino-4-nitramino 1,2,4-triazol-5-yl)-pyridine",,Nc1nnc(-c2cccc(-c3nnc(N)n3N[N+](=O)[O-])n2)n1N[N+](=O)[O-],-81.50%,-41.80%,50.10%,7792,22.9,34,210,226.4,885.9,1.71,222
,"hydroxylammonium (pyridine-2,6-diylbis(5-amino-4H-1,2,4-triazole-3,4-diyl))bis(nitroamide)",,Nc1nnc(-c2cccc(-c3nnc(N)n3[N-][N+](=O)[O-])n2)n1[N-][N+](=O)[O-].[NH3+]O.[NH3+]O,-72.70%,-39.10%,48.90%,8750,28.83,37,223,239.9,970,1.75,230
,"amino(hydrazineyl)methaniminium  (pyridine-2,6-diylbis(5-amino-4H-1,2,4-triazole-3,4-diyl))bis(nitroamide)",,NNC(N)=[NH2+].NNC(N)=[NH2+].Nc1nnc(-c2cccc(-c3nnc(N)n3[N-][N+](=O)[O-])n2)n1[N-][N+](=O)[O-],-89.20%,-54.70%,57.50%,8000,22.15,40,252,203.8,809.4,1.65,252
2045540,"4,7-diamino-[1,2,5]oxadiazolo[3,4-d]pyridazine 1-oxide nitrate",,Nc1nnc(N)c2c1no[n+]2[O-].O=[N+]([O-])O,-38.10%,-10.40%,42.40%,9166,37.3,10,120,291,587.8,1.83,184
2005508,3-Amino-5-hydrazinopyrazole di(5-nitramino-tetrazole),,Nc1cc(N[NH3+])[nH][nH+]1.O=[N+]([O-])/N=c1\[n-]nn[nH]1.O=[N+]([O-])/N=c1\[n-]nn[nH]1,-49.30%,-27.90%,63.80%,8974,31.9,35,240,253.5,1160.1,1.702,186
2077647,"3-(1,2,4-oxadiazolyl)-5-(nitratomethyl)-isoxazole",,O=[N+]([O-])OCc1cc(-c2ncon2)no1,-67.90%,-22.60%,26.40%,7087,21,15,360,206.4,5.8,1.641,184.5
2044154,Ammonium 5-azidotetrazolate 1N-oxide,,[N-]=[N+]=Nc1nnnn1[O-].[NH4+],-33.30%,-22.20%,77.70%,8946,29.8,1,5,263.9,550.78,1.613,114.2
962863,"Diammonium 3,3â?Dinitroamino-4,4â?azoxyfurazanate Hydrate",,O=[N+]([O-])[N-]c1nonc1/N=[N+](/[O-])c1nonc1[N-][N+](=O)[O-].[NH4+].[NH4+],-23.80%,-4.80%,50%,9474,39.6,16,360,270,523.8,1.83,148
1999077,"Di(3,4-diamino-1,2,4-triazolium) 4,4' -bis(nitramino)-azofurazanate",,Nc1[nH+]ncn1N.Nc1[nH+]ncn1N.O=[N+]([O-])[N-]c1nonc1/N=N\c1nonc1[N-][N+](=O)[O-],-52.90%,-26.40%,57.80%,9115,33.9,22,160,252.3,1444.7,1.82,216
783021,"4,4'-Bis(nitramino)-azofurazan",,O=[N+]([O-])Nc1nonc1/N=N\c1nonc1N[N+](=O)[O-],-16.80%,5.60%,48.90%,9517,41.1,2,10,283.3,820.2,1.89,100
,"Di(diaminoguanidinium) 3,3â?Dinitroamino-4,4â?azoxyfurazanate",,NNC(=[NH2+])NN.NNC(=[NH2+])NN.O=[N+]([O-])[N-]c1nonc1/N=[N+](/[O-])c1nonc1[N-][N+](=O)[O-],-43.30%,-23.30%,58.30%,9453,36.5,14,240,251,1039.1,1.84,187
,"Diguanidinium 3,3â?Dinitroamino-4,4â?azoxyfurazanate",,NC(N)=[NH2+].NC(N)=[NH2+].O=[N+]([O-])[N-]c1nonc1/N=[N+](/[O-])c1nonc1[N-][N+](=O)[O-],-41.90%,-19%,53.30%,8585,29.2,35,360,240,564.6,1.74,246
977141,"3,3â?Dinitroamino-4,4â?azoxyfurazan",,O=[N+]([O-])Nc1nonc1/N=[N+](/[O-])c1nonc1N[N+](=O)[O-],-10.60%,10.60%,46.30%,9746,44.1,2,10,283,730,1.96,90
984092,"Dihydroxylammonium 3,3â?Dinitroamino-4,4â?azoxyfurazanate",,O=[N+]([O-])[N-]c1nonc1/N=[N+](/[O-])c1nonc1[N-][N+](=O)[O-].[NH3+]O.[NH3+]O,-13%,4.30%,45.60%,9511,42.2,19,120,286,651.8,1.9,177
,"Dihydrazinium 3,3â?Dinitroamino-4,4â?azoxyfurazanate",,N[NH3+].N[NH3+].O=[N+]([O-])[N-]c1nonc1/N=[N+](/[O-])c1nonc1[N-][N+](=O)[O-],-26.20%,-8.70%,53.50%,9459,39.3,15,60,280,863.1,1.84,192
,"Di(3,4,5-triamino-triazolium) 3,3â?Dinitroamino-4,4â?azoxyfurazanate",,Nc1n[nH+]c(N)n1N.Nc1n[nH+]c(N)n1N.O=[N+]([O-])[N-]c1nonc1/N=[N+](/[O-])c1nonc1[N-][N+](=O)[O-],-48.30%,-24.10%,58.10%,8746,30.4,21,240,243,1265.9,1.75,222
1999078,"Di(3,4-diamino-1,2,4-triazolium) 4,4 -bis(nitramino)-azoxyfurazanate",,Nc1[nH+]ncn1N.Nc1[nH+]ncn1N.O=[N+]([O-])[N-]c1nonc1/N=[N+](/[O-])c1nonc1[N-][N+](=O)[O-],-48%,-22.40%,56%,9220,35.4,26,160,252.7,1374.5,1.85,191
,"Dihydroxylammonium 4,4â?Bis(nitramino)azofurazanate",,O=[N+]([O-])[N-]c1nonc1/N=N\c1nonc1[N-][N+](=O)[O-].[NH3+]O.[NH3+]O,-18.20%,0%,47.70%,9328,39.8,12,120,283.6,693.8,1.85,177
,"Di(4-amino-1,2,4-triazolium) 4,4â?Bis(nitramino)- azofurazanate",,Nn1cn[nH+]c1.Nn1cn[nH+]c1.O=[N+]([O-])[N-]c1nonc1/N=N\c1nonc1[N-][N+](=O)[O-],-52.80%,-24.70%,55.50%,8670,30.3,24,160,254.2,1372.9,1.74,180
,", 57.63. Di(triaminoguanidinium) 3,3â?Dinitroamino-4,4â?azoxyfurazanate",,NNC(NN)=[NH+]N.NNC(NN)=[NH+]N.O=[N+]([O-])[N-]c1nonc1/N=[N+](/[O-])c1nonc1[N-][N+](=O)[O-],-43.90%,-25.10%,60.30%,9227,33.6,17,120,256,1259.5,1.76,168
,"Diammonium 4,4â?Bis(nitramino)azofurazanate",,O=[N+]([O-])[N-]c1nonc1/N=N\c1nonc1[N-][N+](=O)[O-].[NH4+].[NH4+],-30%,-10%,52.50%,8937,33.8,17,160,262.5,579.9,1.77,194
,"Di(3-amino-1,2,4-triazolium) 4,4â?Bis(nitramino)- azoxyfurazanate",,Nc1[nH]cn[nH+]1.Nc1[nH]cn[nH+]1.O=[N+]([O-])[N-]c1nonc1/N=[N+](/[O-])c1nonc1[N-][N+](=O)[O-],-47.60%,-20.40%,53.60%,8843,32.6,29,160,241.9,1051.7,1.79,169
,"Di(3,5-diamino-1,2,4-triazolium) 4,4â?Bis(nitramino)- azoxyfurazanate",,Nc1n[nH+]c(N)[nH]1.Nc1n[nH+]c(N)[nH]1.O=[N+]([O-])[N-]c1nonc1/N=[N+](/[O-])c1nonc1[N-][N+](=O)[O-],-48%,-22.40%,56%,8557,29.1,35,160,235.1,1014.3,1.75,188
,"Di(3,5-diamino-1,2,4-triazolium) 4,4â?Bis(nitramino)- azofurazanate",,Nc1n[nH+]c(N)[nH]1.Nc1n[nH+]c(N)[nH]1.O=[N+]([O-])[N-]c1nonc1/N=N\c1nonc1[N-][N+](=O)[O-],-52.90%,-26.40%,57.80%,8458,27.7,28,240,232.9,1058.5,1.73,197
,"Di(3-amino-1,2,4-triazolium) 4,4â?Bis(nitramino)- azofurazanate",,Nc1[nH]cn[nH+]1.Nc1[nH]cn[nH+]1.O=[N+]([O-])[N-]c1nonc1/N=N\c1nonc1[N-][N+](=O)[O-],-52.80%,-24.70%,55.50%,8664,30.3,16,160,239.9,1099.4,1.78,198
,"Di(4-amino-1,2,4-triazolium) 4,4â?Bis(nitramino)- azoxyfurazanate",,Nn1cn[nH+]c1.Nn1cn[nH+]c1.O=[N+]([O-])[N-]c1nonc1/N=[N+](/[O-])c1nonc1[N-][N+](=O)[O-],-47.60%,-20.40%,53.60%,8883,33,20,160,255.8,1322.6,1.75,193
,"Dihydrazinium 4,4â?Bis(nitramino)azofurazanate",,N[NH3+].N[NH3+].O=[N+]([O-])[N-]c1nonc1/N=N\c1nonc1[N-][N+](=O)[O-],-32%,-13.70%,56%,9418,37.8,7,120,275.2,900,1.82,176
2044155,Guanidinium 5-azidotetrazolate 1N-oxide,,NC(N)=[NH2+].[N-]=[N+]=Nc1nnnn1[O-],-51.60%,-34.40%,75.20%,7984,21.7,5,168,196.5,278.61,1.61,123.1
2208970,", 6-amino-5-nitro2-(trinitromethyl)pyrimidin-4(3H)-one",,Nc1nc(C([N+](=O)[O-])([N+](=O)[O-])[N+](=O)[O-])[nH]c(=O)c1[N+](=O)[O-],-13.10%,13.10%,32.10%,8600,32.8,5,240,252.2,93.7,1.85,155.4
2247915,"1,2-Dihydrazono-1,2-di(1H-tetrazol-5-5-yl)ethane",,NN=C(C(=NN)c1nnn[nH]1)c1nnn[nH]1,-79.20%,-50.40%,75.60%,8765,28,40,360,235.4,930.4,1.75,275
1937836,"N,N'-methylenebis(N-(4-azido-1,2,5-oxadiazol-3-yl)nitramide)",,[N-]=[N+]=Nc1nonc1N(CN(c1nonc1N=[N+]=[N-])[N+](=O)[O-])[N+](=O)[O-],-22.60%,0%,55.30%,8697,33.4,2,10,270.7,1045.3,1.78,151.5
1980541,"N-((E)-2-((E)-1-(nitroamino)-5-(nitroimino)-4,5-dihydro-1H-imidazol-2-yl)-5-(nitroimino)cyclopent-2-en-1-yl)nitramide",,O=[N+]([O-])/N=c1\[nH]nc(-c2n[nH]/c(=N\[N+](=O)[O-])n2N[N+](=O)[O-])n1N[N+](=O)[O-],-8.50%,8.50%,52.10%,9421,40.34,5,60,271.6,707.1,1.91,137
,"bis(2,3-diazidopropoxy)methane",TADONA,[N-]=[N+]=NCC(COCOCC(CN=[N+]=[N-])N=[N+]=[N-])N=[N+]=[N-],-97.20%,-59.40%,56.70%,6824,18,25.2,160,230,857.3,1.28,212.1
,"ammonium (5-(4-methoxy-2-oxido-1,2,5-oxadiazol-3-yl)-1,3,4-oxadiazol-2-yl)(nitro)amide",,COc1no[n+]([O-])c1-c1nnc([N-][N+](=O)[O-])o1.[NH4+],-45.90%,-15.30%,37.50%,8430,30.1,23,240,279.7,610.7,1.68,158
1959189,"ammonium (E)-3-((5-amino-3,4-dinitro-1H-pyrazol-1-yl)methyl)-5-(nitroimino)-1,2,4-oxadiazol-4-ide",,Nc1c([N+](=O)[O-])c([N+](=O)[O-])nn1Cc1no/c(=N/[N+](=O)[O-])[n-]1.[NH4+],-43.30%,-14.40%,42.10%,8392,31.2,22,260,248.9,448.5,1.74,174
1969496,"3,4-bis(5-((nitrooxy)methyl)isoxazol-3-yl)-1,2,5-oxadiazole 2-oxide",,O=[N+]([O-])OCc1cc(-c2no[n+]([O-])c2-c2cc(CO[N+](=O)[O-])on2)no1,-56.20%,-13%,22.70%,7374,25.1,7.8,240,224,49.5,1.712,193.8
,"hydroxylammonium (E)-5-(2-((3-methyl-2-oxido-1,2,5-oxadiazol-4-yl)methylene)hydrazinyl)tetrazol-1-ide",,Cc1c(/C=N/Nc2nnn[n-]2)no[n+]1[O-].[NH3+]O,-75.70%,-42.80%,51.80%,8332,25.9,36,336,264.1,856.1,1.65,186
,"3,4,5-triamino-4H-1,2,4-triazol-1-ium 3,5-dinitropyrazol-1-ide",,Nc1n[nH+]c(N)n1N.O=[N+]([O-])c1cc([N+](=O)[O-])[n-]n1,-58.80%,-29.40%,51.40%,8264,25.9,31,324,219.6,355.1,1.72,274
,"3,4,5-Triaminotriazolium 3,4,5-trinitropyrazolate",,Nc1n[nH+]c(N)n1N.O=[N+]([O-])c1n[n-]c([N+](=O)[O-])c1[N+](=O)[O-],-37.80%,-12.60%,48.60%,8359,28.83,40,,236.5,355,1.76,206
,"3,4,5-Triamino-1,2,4-triazolium (E)-1,2-Bis(3,5-dinitro-1H-pyr- azol-4-yl)diazene",,Nc1n[nH+]c(N)n1N.Nc1n[nH+]c(N)n1N.O=[N+]([O-])c1n[n-]c([N+](=O)[O-])c1N=Nc1c([N+](=O)[O-])n[n-]c1[N+](=O)[O-],-53.30%,-25.20%,54%,8224,26,37.5,360,228.9,1040.1,1.7,244
1443629,"3,4,5-Triamino-1,2,4-triazolium CPT",,Nc1n[nH+]c(N)n1N.Nc1nc([N+](=O)[O-])nn1-c1c([N+](=O)[O-])n[n-]c1[N+](=O)[O-],-50.10%,-22%,52.60%,8555,29.5,40,360,245.5,944.8,1.74,292
837826,"3,4,5-Triamino-triazolium 4-nitramino-3,5-dinitropyrazolate",,Nc1n[nH+]c(N)n1N.Nc1n[nH+]c(N)n1N.O=[N+]([O-])[N-]c1c([N+](=O)[O-])n[n-]c1[N+](=O)[O-],-53.80%,-28.70%,56.50%,8342,27.88,40,,225.4,718.2,1.71,194
1885012,"[1,1'-bi(cyclopentane)]-2,2',5,5'-tetraene-2,2',3,3'-tetrayltetrakis(ethane-2,1-diyl) tetranitrate",,O=[N+]([O-])OCCc1onc(-c2noc(CCO[N+](=O)[O-])c2CCO[N+](=O)[O-])c1CCO[N+](=O)[O-],-71.50%,-26%,17.10%,7245,19.6,36,350,205.7,135.2,1.568,188.3
1889430,"3,6-dinitro-1,4-di(1H-tetrazol-5-yl)-1,4-dihydropyrazolo[4,3-c]pyrazole",DNTPP,O=[N+]([O-])c1nn(-c2nnn[nH]2)c2c([N+](=O)[O-])nn(-c3nnn[nH]3)c12,-43.10%,-14.40%,58.70%,8721,30.9,15,192,232.1,1111.5,1.79,281
,"hydrazinium aminoguanidinium 4, 4â?,5, 5â?-tetranitro-2, 2â?-biimidazolate",,NNC(N)=[NH2+].N[NH3+].O=[N+]([O-])c1nc(-c2nc([N+](=O)[O-])c([N+](=O)[O-])[n-]2)[n-]c1[N+](=O)[O-],-45.70%,-19%,46.60%,8507,28.29,,,221.4,232,1.76,
,"diaminomethaniminium hydrazinium 4,4',5,5'-tetranitro-[2,2'-biimidazole]-1,1'-diide",,NC(N)=[NH2+].N[NH3+].O=[N+]([O-])c1nc(-c2nc([N+](=O)[O-])c([N+](=O)[O-])[n-]2)[n-]c1[N+](=O)[O-],-45.40%,-17.80%,44.90%,8132,25.31,,,218.3,146,1.7,
,"hydrazinium diaminoguanidinium 4, 4â?,5, 5â?-tetranitro-2, 2â?-biimidazolate",,NNC(=[NH2+])NN.N[NH3+].O=[N+]([O-])c1nc(-c2nc([N+](=O)[O-])c([N+](=O)[O-])[n-]2)[n-]c1[N+](=O)[O-],-45.90%,-20.20%,48.20%,8637,29.08,,,226.5,356,1.76,
1854906,"N,N'-((4-nitro-1H-pyrazole-3,5-diyl)bis(2,4-dihydro-3H-1,2,4-triazole-5-yl-3-ylidene))dinitramide",,O=[N+]([O-])N=c1[nH]nc(-c2n[nH]c(-c3n[nH]c(=N[N+](=O)[O-])[nH]3)c2[N+](=O)[O-])[nH]1,-45.80%,-15.30%,49.60%,9008,35.9,20,270,241.1,791.8,1.915,134.4
1885011,"[3,3'-biisoxazole]-5,5'-diylbis(ethane-2,1-diyl) dinitrate",,O=[N+]([O-])OCCc1cc(-c2cc(CCO[N+](=O)[O-])on2)no1,-86.60%,-35.60%,17.80%,6910,17,36,350,200.8,56.2,1.565,200.5
1878157,hydrazinium dinitro(3-nitro-1H-pyrazol-5-yl)methanide,,N[NH3+].O=[N+]([O-])c1cc([C-]([N+](=O)[O-])[N+](=O)[O-])[nH]n1,-35.30%,-9.60%,39.30%,8790,33.8,7,192,257.8,194.8,1.8,128.5
,"3,6-dinitro-7H-[1,2,4]triazolo[4,3-b][1,2,4]triazole",,O=[N+]([O-])c1nn2c([N+](=O)[O-])nnc2[nH]1,-20.10%,4%,49.20%,9250,37.7,,,238.9,441.08,1.901,
,"hydroxylammonium 5-(4-ureido-1,2,5-oxadiazol-3-yl)tetrazol-1-ide",,NC(=O)Nc1nonc1-c1nnn[n-]1.[NH3+]O,-59.30%,-31.40%,55%,8655,28.9,40,360,225.6,399,1.77,148
,"amino(hydrazinyl)methaniminium 5-(4-ureido-1,2,5-oxadiazol-3-yl)tetrazol-1-ide",,NC(=O)Nc1nonc1-c1nnn[n-]1.NNC(N)=[NH2+],-77%,-47.40%,62.20%,7884,21.7,40,360,208.9,497,1.62,257
,"diaminomethaniminium 5-(4-ureido-1,2,5-oxadiazol-3-yl)tetrazol-1-ide",,NC(=O)Nc1nonc1-c1nnn[n-]1.NC(N)=[NH2+],-78.40%,-47%,60.30%,7316,18.1,40,360,193.5,305,1.57,250
,"dihydrazinylmethaniminium 5-(4-ureido-1,2,5-oxadiazol-3-yl)tetrazol-1-ide",,NC(=O)Nc1nonc1-c1nnn[n-]1.NNC(=[NH2+])NN,-75.70%,-47.70%,63.80%,8432,25.6,40,360,207.7,510,1.72,247
1914413,"ammonium 5-(4-ureido-1,2,5-oxadiazol-3-yl)tetrazol-1-ide",,NC(=O)Nc1nonc1-c1nnn[n-]1.[NH4+],-71.30%,-41.30%,59.10%,7936,22.4,40,360,209.9,355,1.66,250
1914415,"hydrazinium 5-(4-ureido-1,2,5-oxadiazol-3-yl)tetrazol-1-ide",,NC(=O)Nc1nonc1-c1nnn[n-]1.N[NH3+],-70.10%,-42.10%,61.40%,8523,26.8,40,360,217.9,458,1.72,259
,"bis(hydroxyammonium) 5-[5-(nitroazanidyl)-1H-1,2,3-triazol-4-yl]-1,2,3,4-tetraazol-1-ide",,O=[N+]([O-])[N-]c1[nH]nnc1-c1nnn[n-]1.[NH3+]O.[NH3+]O,-39.50%,-21.30%,58.50%,9285,34.8,15,160,260.6,528.4,1.82,194
1895162,"monohydroxylammonium mono((4-nitro-1H-pyrazole-3,5-diyl)bis(nitroamide))",,O=[N+]([O-])[N-]c1n[nH]c([N-][N+](=O)[O-])c1[N+](=O)[O-].[NH3+]O.[NH3+]O,-13.40%,2.70%,42.10%,9394,40,6,120,195,45.79,1.9,155
1935557,"cyclobutane-1,1,3,3-tetrayltetrakis(methylene) tetranitrate",,O=[N+]([O-])OCC1(CO[N+](=O)[O-])CC(CO[N+](=O)[O-])(CO[N+](=O)[O-])C1,-44.90%,-9%,15.70%,7472,24.4,6.2,360,240.6,509.2,1.651,196.2
,"bis(aminoammonium) 5-[5-(nitroazanidyl)-1H-1,2,3-triazol-4-yl]-1,2,3,4-tetraazol-1-ide",,N[NH3+].N[NH3+].O=[N+]([O-])[N-]c1[nH]nnc1-c1nnn[n-]1,-58.20%,-39.80%,69.70%,9022,30.1,10,160,238.8,558.7,1.71,183
,"bis(hydroxyammonium) {4-[5-amino-4-(nitroazanidyl)-1,2,4-triazol-3-yl]-1,2,5-oxadiazol-3-yl}(nitro)azanide",,Nc1nnc(-c2nonc2[N-][N+](=O)[O-])n1[N-][N+](=O)[O-].[NH3+]O.[NH3+]O,-28.40%,-9.50%,49.70%,9114,35.8,20,280,282.02,736.4,1.762,226
,"hydroxylammonium (4-(4,5-diamino-4H-1,2,4-triazol-3-yl)-1,2,5-oxadiazol-3-yl)(nitro)amide",,Nc1nnc(-c2nonc2[N-][N+](=O)[O-])n1N.[NH3+]O,-49.20%,-24.60%,53.80%,8437,31.9,40,360,255.7,657.6,1.736,324
,"bis(aminoammonium) {4-[5-amino-4-(nitroazanidyl)-1,2,4-triazol-3-yl]-1,2,5-oxadiazol-3-yl}(nitro)azanide",,N[NH3+].N[NH3+].Nc1nnc(-c2nonc2[N-][N+](=O)[O-])n1[N-][N+](=O)[O-],-42.80%,-23.80%,58.30%,8829,33.6,25,240,264.6,867.4,1.732,222
1915062,"[4-(4,5-diamino-1,2,4-triazol-3-yl)-1,2,5-oxadiazol-3-yl](nitro)azanide",,N[NH3+].Nc1nnc(-c2nonc2[N-][N+](=O)[O-])n1N,-58.60%,-34%,59.40%,8254,29.1,40,360,250.5,742.82,1.691,271
,"(4-(3-(dinitromethanidyl)-1H-1,2,4-triazol-5-yl)-1,2,5-oxadiazol-3-yl)(nitro)amide",,O=[N+]([O-])[N-]c1nonc1-c1nc([C-]([N+](=O)[O-])[N+](=O)[O-])n[nH]1.[NH3+]O.[NH3+]O,-24%,-2.20%,41.90%,8897,35.8,20,360,261.5,156.1,1.85,190
,"ammonium (4-(3-(dinitromethanidyl)-1H-1,2,4-triazol-5-yl)-1,2,5-oxadiazol-3-yl)(nitro)amide",,O=[N+]([O-])[N-]c1nonc1-c1nc([C-]([N+](=O)[O-])[N+](=O)[O-])n[nH]1.[NH4+].[NH4+],-35.80%,-11.90%,45.90%,8655,31.3,23,360,,267.7,1.78,167
,"diaminomethaniminium (4-(3-(dinitromethanidyl)-1H-1,2,4-triazol-5-yl)-1,2,5-oxadiazol-3-yl)(nitro)amide",,NC(N)=[NH2+].NC(N)=[NH2+].O=[N+]([O-])[N-]c1nonc1-c1nc([C-]([N+](=O)[O-])[N+](=O)[O-])n[nH]1,-51.50%,-24.80%,50.10%,7855,22.7,30,360,211.5,185.2,1.65,146
,"bis[amino(diaminomethylidene)ammonium] {4-[5-(dinitromethanidyl)-2H-1,2,4-triazol-3-yl]-1,2,5-oxadiazol-3-yl}(nitro)azanide",,N[NH+]=C(N)N.N[NH+]=C(N)N.O=[N+]([O-])[N-]c1nonc1-c1nc([C-]([N+](=O)[O-])[N+](=O)[O-])n[nH]1,-51.60%,-26.70%,53%,8385,26.6,25,360,220.2,396.5,1.72,197
,"bis{amino[di(diazanyl)methylidene]ammonium} {4-[5-(dinitromethanidyl)-2H-1,2,4-triazol-3-yl]-1,2,5-oxadiazol-3-yl}(nitro)azanide",,NNC(NN)=[NH+]N.NNC(NN)=[NH+]N.O=[N+]([O-])[N-]c1nonc1-c1nc([C-]([N+](=O)[O-])[N+](=O)[O-])n[nH]1,-51.80%,-29.80%,57.70%,8868,30.1,30,360,239.5,850.4,1.74,145
,"diamondguanidine, compd. with 4-[3-(dinitromethyl)-1H-1,2,4-triazol-5-yl]-N-nitro-1,2,5-oxadiazol-3-amine (2:1)",,NN/C(N)=[NH+]/N.NN/C(N)=[NH+]/N.O=[N+]([O-])[N-]c1nonc1-c1nc([C-]([N+](=O)[O-])[N+](=O)[O-])n[nH]1,-51.70%,-28.40%,55.50%,8667,28.8,13.8,160,223.4,596.1,1.74,180
2009505,"5-(4-amino-1,2,5-oxadiazol-3-yl)-4H-1,2,4-triazole-3,4-diamine",,Nc1nonc1-c1nnc(N)n1N,-87.80%,-52.70%,61.50%,7980,22.6,40,360,234.7,615.3,1.65,272
,"4H-[1,2,5]oxadiazolo[3,4-e][1,2,4]triazolo[3,4-g][1,2,4]triazepin-8-amine",,Nc1nnc2n1N=CNc1nonc1-2,-91.60%,-50%,58.30%,7509,20.2,40,360,219.2,606.3,1.72,318
,"5-(4-amino-1,2,5-oxadiazol-3-yl)-4H-1,2,4-triazole-3,4-diamine dinitrate",,Nc1nonc1-c1nnc(N)n1N.O=[N+]([O-])O,-48.90%,-22.80%,51.40%,8725,31.9,36,360,281.1,582.4,1.755,221.2
1887194,"3-Nitramino-4-(4-nitramino-5-amino-1,2,4-triazole-3-yl)- furazan",,Nc1nnc(-c2nonc2N[N+](=O)[O-])n1N[N+](=O)[O-],-29.40%,-5.90%,51.40%,8786,33.3,18,220,270.9,710.1,1.804,163
1887195,"Diammonium 3-nitramino-4-(4-nitramino-5-amino-1,2,4- triazole-3-yl)-furazan",,Nc1nnc(-c2nonc2[N-][N+](=O)[O-])n1[N-][N+](=O)[O-].[NH4+].[NH4+],-41.80%,-20.90%,54.90%,8372,30,22,300,252.8,590.8,1.668,244
,"3-Nitramino-4-(4,5-diamino-1,2,4-triazole-3-yl)-furazan",,Nc1nnc(-c2nonc2N[N+](=O)[O-])n1N,-52.80%,-24.70%,55.50%,8331,30.5,36,360,259.3,738.9,1.772,245
1915061,"Ammonium 3-nitramino-4-(4,5-diamino-1,2,4-triazole-3-yl)- furazan",,Nc1nnc(-c2nonc2[N-][N+](=O)[O-])n1N.[NH4+],-59%,-32.80%,57.30%,8128,28.6,40,360,238.3,564.5,1.704,258
,"hydroxylammonium 5,5'-(2-(dinitromethanidyl)-2H-1,2,3-triazole-4,5-diyl)bis(tetrazol-1-ide)",,O=[N+]([O-])[C-](n1nc(-c2nnn[n-]2)c(-c2nnn[nH]2)n1)[N+](=O)[O-].[NH3+]O.[NH4+],-42.30%,-20%,58.50%,9376,37.25,38,360,282.8,1399.3,1.76,196
2063169,"1,3,4,5-tetraamino-4H-1,2,4-triazol-1-ium nitrate",,Nc1n[n+](N)c(N)n1N.O=[N+]([O-])[O-],-41.60%,-25%,58.30%,8209,23.9,7,8.4,217.3,61.3,1.6,156
2160566,"hydroxylammonium 5,5'-(2-(tetrazol-1-id-5-ylmethyl)-2H-1,2,3-triazole-4,5-diyl)bis(tetrazol-1-ide)",,C(c1nnn[n-]1)n1nc(-c2nnn[n-]2)c(-c2nnn[n-]2)n1.O.[NH3+]O.[NH3+]O.[NH3+]O,-63.30%,-39.60%,62.30%,8998,30.74,60,360,273.3,1637.2,1.64,245
,"hydrazinium 5,5'-(2-(tetrazol-1-id-5-ylmethyl)-2H-1,2,3-triazole-4,5-diyl)bis(tetrazol-1-ide)",,C(c1nnn[n-]1)n1nc(-c2nnn[n-]2)c(-c2nnn[n-]2)n1.N[NH3+].N[NH3+].N[NH3+],-85.60%,-60.50%,76.70%,9058,29.43,60,360,258.8,1858.6,1.63,265
,"hydrazinium (E)-nitro(3-(nitroimino)-2,7-dihydro-3H-[1,2,4]triazolo[4,3-b][1,2,4]triazol-6-yl)amide",,N[NH3+].O=[N+]([O-])/N=c1\[nH]nc2[nH]c([N-][N+](=O)[O-])nn12,-33.70%,-15.30%,59%,9138,33.5,9,220,259.4,600.7,1.79,191
,"hydrazinium 5,5'-(2-(dinitromethanidyl)-2H-1,2,3-triazole-4,5-diyl)bis(tetrazol-1-ide)",,N[NH3+].O=[N+]([O-])[C-](n1nc(-c2nnn[n-]2)c(-c2nnn[nH]2)n1)[N+](=O)[O-].[NH4+],-49.10%,-26.80%,62.50%,9418,34.68,35,360,278.1,1500.7,1.74,169
2132589,"[(aminocarbonyl)amino]ammonium {3-[(E)-nitroazanylidene]-2,7-dihydro[1,2,4]triazolo[3,4-e][1,2,4]triazol-6-yl}(nitro)azanide",,NC(=O)N[NH3+].O=[N+]([O-])/N=c1\[nH]nc2[nH]c([N-][N+](=O)[O-])nn12,-36.80%,-15.80%,55.20%,8569,28.7,10,190,234,379.7,1.76,186
2132588,"dihydrazinylmethaniminium (E)-nitro(3-(nitroimino)-2,7-dihydro-3H-[1,2,4]triazolo[4,3-b][1,2,4]triazol-6-yl)amide",,NNC(=[NH2+])NN.O=[N+]([O-])/N=c1\[nH]nc2[nH]c([N-][N+](=O)[O-])nn12,-45.30%,-25.10%,61.60%,9031,31,8,200,233.8,624.3,1.78,164
,"amino[di(diazanyl)methylidene]ammonium {3-[(E)-nitroazanylidene]-2,7-dihydro[1,2,4]triazolo[3,4-e][1,2,4]triazol-6-yl}(nitro)azanide",,NNC(NN)=[NH+]N.O=[N+]([O-])/N=c1\[nH]nc2[nH]c([N-][N+](=O)[O-])nn12,-45.60%,-26.40%,63%,8963,30.2,8,230,239.8,747.5,1.73,170
2102547,"N-(4,5-di(1H-tetrazol-5-yl)-1,3-dihydro-2H-imidazol-2-ylidene)nitramide",TABTI,O=[N+]([O-])N=c1[nH]c(-c2nnn[nH]2)c(-c2nnn[nH]2)[nH]1,-60.60%,-30.30%,63.60%,8329,31.4,12,280,240.3,916.8,1.8,170
2142009,"[(diazan-1-ium-2-ylcarbonyl)amino]ammonium nitro[7-(nitroazanidyl)-3-[(E)-nitroazanylidene]-2H-[1,2,4]triazolo[3,4-e][1,2,4]triazol-6-yl]azanide",,O=[N+]([O-])/N=c1\[nH]nc2n([N-][N+](=O)[O-])c([N-][N+](=O)[O-])nn12.[NH3+]NC(=O)N[NH3+],-23.20%,-6.30%,55.40%,8641,30.4,5,156,244.6,351.9,1.83,142
2144432,"bis(aminoammonium) 5-(5-hydroxy-2-oxido-1,2,4-triazol-3-yl)-1,2,3,4-tetraazol-1-olate",,N[NH3+].N[NH3+].O=[N+]([O-])c1nc(-c2nnnn2[O-])n([O-])n1,-40.30%,-23%,60.40%,9052,31.1,10,216,242.2,547.31,1.718,206
2144427,"5-(1-hydroxy-1H-tetrazol-5-yl)-1H-1,2,4-triazole-1,3-diol",,O=[N+]([O-])c1nc(-c2nnnn2O)n(O)n1,-22.40%,0%,52.30%,8666,31.3,40,360,183.1,261.4,1.808,169
2144428,"diammonium 5-(5-hydroxy-2-oxido-1,2,4-triazol-3-yl)-1,2,3,4-tetraazol-1-olate",,O=[N+]([O-])c1nc(-c2nnnn2[O-])n([O-])n1.[NH4+].[NH4+],-38.70%,-19.30%,56.40%,8650,28.4,40,360,215.8,200.6,1.753,265
2144430,"bis(hydroxyammonium) 5-(5-hydroxy-2-oxido-1,2,4-triazol-3-yl)-1,2,3,4-tetraazol-1-olate",,O=[N+]([O-])c1nc(-c2nnnn2[O-])n([O-])n1.[NH3+]O.[NH3+]O,-22.80%,-5.70%,50%,9490,38.6,20,324,242.2,316.4,1.885,205
2142010,"4-amino-4H-1,2,4-triazol-1-ium (E)-(3-(nitroimino)-2,3-dihydro-7H-[1,2,4]triazolo[4,3-b][1,2,4]triazole-6,7-diyl)bis(nitroamide)",,Nn1cn[nH+]c1.Nn1cn[nH+]c1.O=[N+]([O-])/N=c1\[nH]nc2n([N-][N+](=O)[O-])c([N-][N+](=O)[O-])nn12,-47.20%,-22.70%,58.20%,8746,30.2,6,184,248.3,1221,1.77,172
,"mono([(aminocarbonyl)amino]ammonium) mono(nitro[7-(nitroazanidyl)-3-[(E)-nitroazanylidene]-2H-[1,2,4]triazolo[3,4-e][1,2,4]triazol-6-yl]azanide)",,NC(=O)N[NH3+].NC(=O)N[NH3+].O=[N+]([O-])/N=c1\[nH]nc2n([N-][N+](=O)[O-])c([N-][N+](=O)[O-])nn12,-31%,-12.70%,54.20%,8545,29.3,6,168,240.17,372.1,1.82,158
,"mono(3,5-diamino-1H-1,2,4-triazol-4-ium) mono((E)-(5-(nitroimino)-5,6-dihydro-1H-imidazo[1,5-b][1,2,4]triazole-1,2-diyl)bis(nitroamide))",,Nc1n[nH]c(N)[nH+]1.Nc1n[nH]c(N)[nH+]1.O=[N+]([O-])N=c1[nH]nc2n([N-][N+](=O)[O-])c([N-][N+](=O)[O-])nn12,-47.60%,-24.60%,60.30%,8786,30.7,5,168,216.1,888.9,1.82,200
2142011,"{[(E)-(diazanyl)(hydrazinylidene)methyl]amino}ammonium nitro[7-(nitroazanidyl)-3-[(E)-nitroazanylidene]-2H-[1,2,4]triazolo[3,4-e][1,2,4]triazol-6-yl]azanide",,NN/C(N[NH3+])=[NH+]\N.O=[N+]([O-])/N=c1\[nH]nc2n([N-][N+](=O)[O-])c([N-][N+](=O)[O-])nn12,-30.50%,-14.20%,60.50%,7867,21.7,5,144,240.6,506.7,1.79,153
1918907,"3-(4,5-diamino-4H-1,2,4-triazol-1-ium-3-yl)-4,5-dinitropyrazol-1-ide",,Nc1[nH+]nc(-c2n[n-]c([N+](=O)[O-])c2[N+](=O)[O-])n1N,-53.30%,-21.90%,49.40%,9022,35.1,40,360,241.3,564.71,1.893,202
,"ammonium (Z)-4-(dinitromethaneidyl)-5-(nitroimino)-4,5-dihydrotetrazol-1-ide",,O=[N+]([O-])/N=c1/[n-]nnn1[C-]([N+](=O)[O-])[N+](=O)[O-].[NH4+].[NH4+],-11.90%,0%,52.20%,8985,33.2,1,20,264.5,157.9,1.75,145
,"dihydrazineylmethaniminium 4-(dinitromethaneidyl)-5-(nitroimino)-4,5-dihydrotetrazol-1-ide dihydrate",,NNC(=[NH2+])NN.NNC(=[NH2+])NN.O.O.O=[N+]([O-])N=c1[n-]nnn1[C-]([N+](=O)[O-])[N+](=O)[O-],-35.70%,-21.40%,56.20%,8835,29,2,40,237.5,186.9,1.68,119
,"dihydrazineylmethaniminium (Z)-4-(dinitromethaneidyl)-5-(nitroimino)-4,5-dihydrotetrazol-1-ide dihydrate",,NNC(=[NH2+])NN.NNC(=[NH2+])NN.O.O.O=[N+]([O-])/N=c1/[n-]nnn1[C-]([N+](=O)[O-])[N+](=O)[O-],-35.70%,-21.40%,56.20%,8835,29,2,40,237.5,186.9,1.68,119
,"amino(hydrazineyl)methaniminium (Z)-4-(dinitromethaneidyl)-5-(nitroimino)-4,5-dihydrotetrazol-1-ide hydrate",,NNC(N)=[NH2+].NNC(N)=[NH2+].O.O=[N+]([O-])/N=c1/[n-]nnn1[C-]([N+](=O)[O-])[N+](=O)[O-],-36%,-20%,56%,8471,26.5,1,40,233.3,199.6,1.65,137
1918909,"7-[4-amino-3-(1H-1,2,3,4-tetraazol-5-yl)[1,2,4]triazolo[5,1-c][1,2,4]triazin-7-yl]-3-(1H-1,2,3,4-tetraazol-5-yl)[1,2,4]triazolo[5,1-c][1,2,4]triazin-4-amine",,N#[N+]c1nnc(-c2n[nH]c([N+](=O)[O-])c2[N+](=O)[O-])[n-]1,-41.40%,-9.60%,50.20%,8196,27.2,5,80,217.8,367.32,1.81,134
2180405,"azanylidyne{5-[5-(nitroamino)-1,3,4-oxadiazol-2-yl]-1,2,4-triazol-1-id-3-yl}ammonium",,N#[N+]c1n[n-]c(-c2nnc(N[N+](=O)[O-])o2)n1,-39.40%,-10.80%,56.50%,8450,31.6,4.5,59,212.9,461.92,1.84,120.9
,"bis[amino(diaminomethylidene)ammonium] 5-[5-amino-6-(1,2,3,4-tetraazol-1-id-5-yl)[1,2,3]triazolo[5,1-f][1,2]diazin-3-yl]-1,2,3,4-tetraazol-1-ide",,N[NH+]=C(N)N.N[NH+]=C(N)N.Nc1nc2c(-c3nnn[n-]3)nnn2nc1-c1nnn[n-]1,-91.30%,-60.90%,73.30%,8089,22.1,40,252,193.8,1005.9,1.651,238
,"bis{amino[(E)-amino(diazanyl)methylidene]ammonium} 5-[5-amino-6-(1,2,3,4-tetraazol-1-id-5-yl)[1,2,3]triazolo[5,1-f][1,2]diazin-3-yl]-1,2,3,4-tetraazol-1-ide",,NN/C(N)=[NH+]/N.NN/C(N)=[NH+]/N.Nc1nc2c(-c3nnn[n-]3)nnn2nc1-c1nnn[n-]1,-88.80%,-60.40%,74.60%,8479,24.4,4,180,204,1218.6,1.664,213
,"diaminomethaniminium 5,5'-(5-amino-[1,2,3]triazolo[1,5-b]pyridazine-3,6-diyl)bis(tetrazol-1-ide)",,NC(N)=[NH2+].NC(N)=[NH2+].Nc1nc2c(-c3nnn[n-]3)nnn2nc1-c1nnn[n-]1,-94.30%,-61.50%,71.70%,8289,23.3,1,160,179.9,764.5,1.766,237
,"hydrazinium 5,5'-(5-amino-[1,2,3]triazolo[1,5-b]pyridazine-3,6-diyl)bis(tetrazol-1-ide)",,N[NH3+].N[NH3+].Nc1nc2c(-c3nnn[n-]3)nnn2nc1-c1nnn[n-]1,-85.60%,-57.10%,74.90%,8679,26.4,8,288,220.7,1149.6,1.689,243
,"4-amino-4H-1,2,4-triazol-1-ium 5,5'-(5-amino-[1,2,3]triazolo[1,5-b]pyridazine-3,6-diyl)bis(tetrazol-1-ide)",,Nc1nc2c(-c3nnn[n-]3)nnn2nc1-c1nnn[n-]1.Nn1cn[nH+]c1.Nn1cn[nH+]c1,-94.50%,-58.10%,69.90%,8272,24.3,3,216,215.1,1547.6,1.749,235
2267384,"3,6-di(1H-tetrazol-5-yl)-[1,2,3]triazolo[1,5-b]pyridazin-5-amine",,Nc1nc2c(-c3nnn[nH]3)nnn2nc1-c1nnn[nH]1,-82.30%,-47%,72%,8196,24.2,13,240,208.7,944.9,1.856,234
,"ammonium 5,5'-(5-amino-[1,2,3]triazolo[1,5-b]pyridazine-3,6-diyl)bis(tetrazol-1-ide)",,Nc1nc2c(-c3nnn[n-]3)nnn2nc1-c1nnn[n-]1.[NH4+].[NH4+],-88.80%,-57.50%,73.10%,8024,21.8,5,360,202.5,863.5,1.663,207
,"hydrazinium (E)-(diazene-1,2-diylbis(4H-1,2,4-triazole-4,3-diyl))bis(nitroamide)",,N[NH3+].N[NH3+].O=[N+]([O-])[N-]c1nncn1/N=N/n1cnnc1[N-][N+](=O)[O-],-45.90%,-27.60%,64.30%,9679,39,120,7,235.6,737.86,1.894,145
2238510,"5,7-diamino-6-nitro-[1,2,5]oxadiazolo[3,4-b]pyridine 1,4-dioxide",,Nc1c([N+](=O)[O-])c(N)[n+]([O-])c2no[n+]([O-])c12,-49.10%,-14%,36.80%,8854,34.4,15,240,228.3,249.6,1.91,116
,"hydroxylammonium (E)-(diazene-1,2-diylbis(4H-1,2,4-triazole-4,3-diyl))bis(nitroamide)",,O=[N+]([O-])[N-]c1nncn1/N=N/n1cnnc1[N-][N+](=O)[O-].[NH3+]O.[NH3+]O,-32%,-13.70%,56%,9178,32,8,80,278,945.7,1.726,155
2224192,"ammonium (E)-(diazene-1,2-diylbis(4H-1,2,4-triazole-4,3-diyl))bis(nitroamide0)",,O=[N+]([O-])[N-]c1nncn1/N=N/n1cnnc1[N-][N+](=O)[O-].[NH4+].[NH4+],-45.30%,-25.10%,61.60%,9080,31.4,14,160,235.3,642.4,1.786,190
2238513,"5-((1H-tetrazol-5-yl)amino)-7-amino-6-nitro-[1,2,5]oxadiazolo[3,4-b]pyridine 1-oxide",,Nc1c([N+](=O)[O-])c(Nc2nnn[nH]2)nc2no[n+]([O-])c12,-57.10%,-22.80%,50%,8851,32.4,11,216,228,568.4,1.852,130
2238508,"5,7-diamino-6-nitro-[1,2,5]oxadiazolo[3,4-b]pyridine 1-oxide",,Nc1nc2no[n+]([O-])c2c(N)c1[N+](=O)[O-],-60.30%,-22.60%,39.60%,8793,32.8,20,288,228.3,197.3,1.925,223
2189514,hydrazinium dis(4-amino-furazan-3-yl-tetrazol-1-olate),,[NH3+][NH3+].[O-]n1nnnc1-c1nc[nH]n1.[O-]n1nnnc1-c1nc[nH]n1,-71%,-42.60%,66.20%,9037,28.1,40,360,182.3,374.5,1.748,255
2189513,"hydrazinium 5-(1H-1,2,4-triazol-3-yl)-1H-tetrazol-1-olate",,N[NH3+].[O-]n1nnnc1-c1nc[nH]n1,-73.50%,-47.50%,68.10%,8893,28.1,40,360,186,,1.724,264
2189512,"hydroxylammonium 5-(1H-1,2,4-triazol-3-yl)-1H-tetrazol-1-olate",,[NH3+]O.[O-]n1nnnc1-c1nc[nH]n1,-60.20%,-34.40%,60.20%,8601,26.4,40,360,210.2,,1.723,238
2189511,"ammonium 5-(1H-1,2,4-triazol-3-yl)-1H-tetrazol-1-olate",,[NH4+].[O-]n1nnnc1-c1nc[nH]n1,-75.20%,-47%,65.80%,8903,27.3,40,360,187.6,,1.725,282
2216920,"hydroxylammonium 5,5'-((1E)-1,2-bis(hydroxyimino)ethane-1,2-diyl)bis(tetrazol-1-ide)",,O/N=C(C(=N\O)/c1nnn[n-]1)\c1nnn[n-]1.[NH3+]O.[NH3+]O,-49.60%,-27.60%,57.90%,9114,31.8,60,360,232,495.8,1.8,285
,"(1E)-1,2-di(1H-tetrazol-5-yl)ethane-1,2-dione dioxime",,ON=C(C(=NO)c1nnn[nH]1)c1nnn[nH]1,-57.10%,-28.60%,62.50%,8712,29.3,40,360,236,666.1,1.85,281
,"hydrazinium (E)-7-amino-5-(nitroimino)-5H-[1,2,4]triazolo[1,5-a][1,3,5]triazin-4-ide",,N[NH3+].Nc1n/c(=N/[N+](=O)[O-])[n-]c2ncnn12,-70.10%,-42.10%,61.40%,8810,29.2,40,360,244.6,708.3,1.71,204.6
2178661,"3-(5-(5-amino-1,2,4-oxadiazol-3-yl)-2H-tetrazol-2-yl)-4-nitropyrazol-1-ide",,Nc1nc(-c2nnn(-c3n[n-]cc3[N+](=O)[O-])n2)no1.[NH4+],-71.10%,-37%,54.80%,7830,21.9,40,360,219,578.7,1.68,140
,"hydrazinium 3-(5-(5-amino-1,2,4-oxadiazol-3-yl)-2H-tetrazol-2-yl)-4-nitropyrazol-1-ide",,N[NH3+].Nc1nc(-c2nnn(-c3n[n-]cc3[N+](=O)[O-])n2)no1,-70.20%,-37.80%,56.70%,8648,27.6,40,360,228.2,721.6,1.78,130
,"hydroxylammonium 3-(5-(5-amino-1,2,4-oxadiazol-3-yl)-2H-tetrazol-2-yl)-4-nitropyrazol-1-ide",,Nc1nc(-c2nnn(-c3n[n-]cc3[N+](=O)[O-])n2)no1.[NH3+]O,-61.90%,-29.60%,51.80%,8317,26.7,40,360,230.9,622.9,1.76,151
,"hydroxylammonium (E)-7-amino-5-(nitroimino)-5H-[1,2,4]triazolo[1,5-a][1,3,5]triazin-4-ide",,Nc1n/c(=N/[N+](=O)[O-])[n-]c2ncnn12.[NH3+]O,-59.30%,-31.40%,55%,8784,30.1,40,360,246.7,597.4,1.74,208.8
,"ammonium (E)-7-amino-5-(nitroimino)-5H-[1,2,4]triazolo[1,5-a][1,3,5]triazin-4-ide",,Nc1n/c(=N/[N+](=O)[O-])[n-]c2ncnn12.[NH4+],-71.30%,-41.30%,59.10%,8610,27.9,40,360,231,537.6,1.73,254.2
,"hydrazinium 5,5'-([3,3'-bi(1,2,4-oxadiazole)]-5,5'-diyl)bis(tetrazol-1-ide)",,N[NH3+].N[NH3+].n1n[n-]c(-c2nc(-c3noc(-c4nnn[n-]4)n3)no2)n1,-71%,-42.60%,66.20%,8112,23.1,40,360,193.2,524.9,1.68,276.2
2211121,"ammonium 5,5'-([3,3'-bi(1,2,4-oxadiazole)]-5,5'-diyl)bis(tetrazol-1-ide)",,[NH4+].[NH4+].n1n[n-]c(-c2nc(-c3noc(-c4nnn[n-]4)n3)no2)n1,-72.70%,-41.50%,63.60%,8043,22.8,40,360,189.8,449,1.68,273.7
2211118,"5,5'-di(1H-tetrazol-5-yl)-3,3'-bi(1,2,4-oxadiazole)",,n1n[nH]c(-c2nc(-c3noc(-c4nnn[nH]4)n3)no2)n1,-64.20%,-29.20%,61.30%,7984,23.7,20,360,201.1,596.7,1.77,259.2
2211122,"hydroxylammonium 5,5'-([3,3'-bi(1,2,4-oxadiazole)]-5,5'-diyl)bis(tetrazol-1-ide)",,[NH3+]O.[NH3+]O.n1n[n-]c(-c2nc(-c3noc(-c4nnn[n-]4)n3)no2)n1,-56.40%,-28.20%,57.60%,8100,25.6,40,40,213.2,530.7,1.66,216
2204272,"ammonium 5-(4-carboxylato-5-nitro-2H-1,2,3-triazol-2-yl)tetrazol-2-ide",,O=C([O-])c1nn(-c2nn[n-]n2)nc1[N+](=O)[O-].[NH4+].[NH4+],-49.20%,-24.60%,53.80%,7486,19.9,37.5,288,194.3,11.58,1.64,181
,"hydrazinium (E)-3-amino-5-(nitroimino)-5H-1,2,4-oxadiazol-2-ide",,N[NH3+].Nc1n/c(=N\[N+](=O)[O-])o[n-]1,-40.60%,-22.60%,55.30%,8796,29,20,216,238.2,169.7,1.7,152
,"hydrazinium (Z)-5-amino-2-(nitroimino)-1,3,4-oxadiazol-3-ide",,N[NH3+].Nc1n[n-]/c(=N/[N+](=O)[O-])o1,-40.60%,-22.60%,55.30%,8985,30.5,16,200,237,161.7,1.74,148
,"(Z)-N-(5-amino-1,3,4-oxadiazol-2(3H)-ylidene)nitramide",,Nc1n[nH]/c(=N/[N+](=O)[O-])o1,-27.60%,-5.50%,48.20%,8668,31.2,3,56,224.5,6.2,1.88,153
1955362,"3,6-diamino-2,5-dinitro-2,3,3a,6a-tetrahydropentalene-1,4-dione",,Nc1c([N+](=O)[O-])c(=O)n2c(N)c([N+](=O)[O-])c(=O)n12,-50%,-12.50%,32.80%,7720,24.33,8.2,360,153,707.1,1.88,329
,"hydroxylammonium (Z)-5-amino-2-(nitroimino)-1,3,4-oxadiazol-3-ide",,Nc1n[n-]/c(=N/[N+](=O)[O-])o1.[NH3+]O,-26.90%,-9%,47.20%,9087,33.7,8,144,251.8,55.6,1.82,138
1427804,"(E)-N-(3-amino-1,2,4-oxadiazol-5(2H)-ylidene)nitramide",,Nc1n/c(=N\[N+](=O)[O-])o[nH]1,-27.60%,-5.50%,48.20%,8250,27.4,3,64,233.9,57.2,1.75,150
,"dihydrazinylmethaniminium 5-amino-4-nitro-3-oxo-2,3-dihydropyrazol-1-ide",,NNC(=[NH2+])NN.Nc1[n-][nH]c(=O)c1[N+](=O)[O-],-72%,-44.60%,54%,8401,25.01,40,360,199.2,54.6,1.72,198
,"amino(hydrazinyl)methaniminium 5-amino-4-nitro-3-oxo-2,3-dihydropyrazol-1-ide",,NNC(N)=[NH2+].Nc1[n-][nH]c(=O)c1[N+](=O)[O-],-73.30%,-44%,51.30%,8105,23.13,40,360,191.1,54.9,1.71,210
,"ammonium 5-amino-4-nitro-3-oxo-2,3-dihydropyrazol-1-ide",,Nc1[n-][nH]c(=O)c1[N+](=O)[O-].[NH4+],-64.50%,-34.80%,43.40%,8163,24.35,40,360,,140.6,1.74,293
,amino[di(diazanyl)methylidene]ammonium 5-amino-4-nitro-3-oxo-2H-pyrazol-1-ide,,NNC(NN)=[NH+]N.Nc1[n-][nH]c(=O)c1[N+](=O)[O-],-70.90%,-45.10%,56.40%,8611,26.64,40,360,206.6,164.3,1.72,190
,"1,2-diamino-1H-imidazol-3-ium 5-amino-4-nitro-3-oxo-2,3-dihydropyrazol-1-ide",,Nc1[n-][nH]c(=O)c1[N+](=O)[O-].Nc1[nH+]ncn1N,-75.70%,-42.80%,51.80%,8391,25.91,40,360,207.4,263.1,1.75,221
2088875,"5-amino-4-nitro-1,2-dihydro-3H-pyrazol-3-one",,Nc1[nH][nH]c(=O)c1[N+](=O)[O-],-55.50%,-22.20%,38.90%,8424,29.05,40,360,205.3,18,1.84,291
,"5-amino-4-nitro-3-oxo-2,3-dihydropyrazol-1-ide",,N[NH3+].Nc1[n-][nH]c(=O)c1[N+](=O)[O-],-63.60%,-36.30%,47.70%,8731,28.62,40,360,209.07,13.7,1.77,297
,"Hydroxylaminium 3-amino-5-nitramino-1,2,4-oxadiazolate",,Nc1nc(=N[N+](=O)[O-])o[n-]1.[NH3+]O[H-]O[NH3+],-26.50%,-11.40%,46.40%,8705,30.3,12,200,264.4,67.5,1.73,144
2088876,"hydroxylammonium 5-amino-4-nitro-3-oxo-2,3-dihydropyrazol-1-ide",,Nc1[n-][nH]c(=O)c1[N+](=O)[O-].[NH3+]O,-49.70%,-22.60%,39.50%,8553,28.59,40,360,218,86.1,1.77,296
,"hydrazinium (E)-((diazene-1,2-diylbis(1,2,5-oxadiazole-4,3-diyl))bis(1,2,4-oxadiazole-3,5-diyl))bis(dinitromethanide)",,N[NH3+].N[NH3+].O=[N+]([O-])[C-](c1nc(-c2nonc2NNc2nonc2-c2noc([C-]([N+](=O)[O-])[N+](=O)[O-])n2)no1)[N+](=O)[O-],-38.90%,-11.10%,43.70%,8850,33.86,40,360,264.7,1158.72,1.832,208.8
,"hydrazinium ((hydrazine-1,2-diylbis(2-oxido-1,2,5-oxadiazole-4,3-diyl))bis(1,2,4-oxadiazole-3,5-diyl))bis(dinitromethanide)",,N[NH3+].N[NH3+].O=[N+]([O-])[C-](c1nc(-c2c(NNc3no[n+]([O-])c3-c3noc([C-]([N+](=O)[O-])[N+](=O)[O-])n3)no[n+]2[O-])no1)[N+](=O)[O-],-31.60%,-5.30%,41.40%,8731,33.1,19,280,263.9,862.5,1.81,187
,hydroxylammonium (E)-5-(2-amino-2-(methylamino)-1-nitrovinyl)tetrazol-1-ide,,CN/C(N)=C(\c1nnn[n-]1)[N+](=O)[O-].[NH3+]O,-73.30%,-44%,51.30%,9115,30.92,40,360,230.4,354.57,1.77,275
,hydrazinium (E)-5-(2-amino-2-(methylamino)-1-nitrovinyl)tetrazol-1-ide,,CN/C(N)=C(\c1nnn[n-]1)[N+](=O)[O-].N[NH3+],-84.70%,-55.30%,58%,9518,33.31,40,360,224.62,453.71,1.78,269
,"9-nitro-1H-dipyrrolo[1,2-b:2',1'-e]pyrazole-3,6-diamine",,Nc1nnc2c([N+](=O)[O-])c3[nH]nc(N)n3n12,-75.30%,-39.40%,56.50%,8370,25.42,7.5,360,266,508,1.8,156
,"amino(diaminomethylidene)ammonium 5-[(1E)-2-amino-2-(methylamino)-1-nitrovinyl]-1,2,3,4-tetraazol-1-ide",,CN/C(N)=C(\c1nnn[n-]1)[N+](=O)[O-].N[NH+]=C(N)N,-89.50%,-58.60%,59.40%,8705,26.7,40,360,203.98,380.46,1.69,239
,"1H-Pyrazole-3,5-diamine, N3,N5,4-trinitro-, compd. with hydrazine (1:2)",,N[NH3+].N[NH3+].O=[N+]([O-])[N-]c1n[nH]c([N-][N+](=O)[O-])c1[N+](=O)[O-],-29.60%,-13.50%,51.80%,9581,38.5,12,160,260.1,300.16,1.87,194
1895159,"1H-Pyrazole-3,5-diamine, N3,N5,4-trinitro-, ammonium salt (1:2)",,O=[N+]([O-])[N-]c1n[nH]c([N-][N+](=O)[O-])c1[N+](=O)[O-].[NH4+].[NH4+],-26.90%,-9%,47.20%,8842,32.6,15,240,242.3,21.37,1.8,192
,"3,5-dihydrazinyl-4-nitro-1H-pyrazole",,NNc1n[nH]c(NN)c1[N+](=O)[O-],-69.30%,-41.60%,56.60%,8992,26.97,35,360,266,11.8,1.77,185
2250273,"ammonium (3E,3'E)-3,3'-bis(nitroimino)-3H,3'H-[4,4'-bi(1,2,4-triazole)]-2,2'-diide",,O=[N+]([O-])/N=c1\[n-]ncn1-n1cn[n-]/c1=N\[N+](=O)[O-].[NH4+].[NH4+],-49.60%,-27.60%,57.90%,8758,28.27,10,360,271,433,1.7,250
2250274,"4-{3-[(E)-nitroazanylidene]-2H-1,2,4-triazol-4-yl}-3-[(E)-nitroazanylidene]-2H-1,2,4-triazole",,O=[N+]([O-])/N=c1\[nH]ncn1-n1cn[nH]/c1=N\[N+](=O)[O-],-37.50%,-12.50%,54.70%,8164,26.72,7.5,360,268,539.9,1.69,242
2250275,"hydrazinium (3E,3'E)-3,3'-bis(nitroimino)-3H,3'H-[4,4'-bi(1,2,4-triazole)]-2,2'-diide",,N[NH3+].N[NH3+].O=[N+]([O-])/N=c1\[n-]ncn1-n1cn[n-]/c1=N\[N+](=O)[O-],-50%,-30%,61.20%,9069,30.95,10,360,274,750,1.69,221
2250272,"(E)-5-amino-5'-(nitroimino)-1',5'-dihydro-[4,4'-bi(1,2,4-triazol)]-1-ium nitrate",,Nc1[nH+]ncn1-n1cn[nH]/c1=N\[N+](=O)[O-].O=[N+]([O-])[O-],-35%,-11.70%,51.10%,8868,33.84,10,360,271,453,1.82,208
2154693,"hydrazinium 5,5',5''-((2,4,6-trioxo-1,3,5-triazinane-1,3,5-triyl)tris(methylene))tris(tetrazol-2-ide)",,N[NH3+].N[NH3+].N[NH3+].O=c1n(Cc2nn[n-]n2)c(=O)n(Cc2nn[n-]n2)c(=O)n1Cc1nn[n-]n1,-86.50%,-56%,62.40%,8443,24.55,40,360,191.2,517.9,1.715,234.1
2063983,"bis(3-(trinitromethyl)-1H-1,2,4-triazol-5-yl)methanediol",,O.O.O.O=[N+]([O-])C(c1n[nH]c(C(O)(O)c2nc(C([N+](=O)[O-])([N+](=O)[O-])[N+](=O)[O-])n[nH]2)n1)([N+](=O)[O-])[N+](=O)[O-],-6%,15%,31.40%,8524,31.2,11,240,247,802.9,1.82,150
,"hydroxylammonium 5,5',5''-((2,4,6-trioxo-1,3,5-triazinane-1,3,5-triyl)tris(methylene))tris(tetrazol-2-ide)",,O=c1n(Cc2nn[n-]n2)c(=O)n(Cc2nn[n-]n2)c(=O)n1Cc1nn[n-]n1.[NH3+]O.[NH3+]O.[NH3+]O,-70.80%,-40.50%,53.10%,8624,26.76,40,360,196.1,205.2,1.829,269.1
2063982,"ammonium (methylenebis(1H-1,2,4-triazole-5,3-diyl))bis(dinitromethanide)",,O=[N+]([O-])[C-](c1n[nH]c(Cc2nc([C-]([N+](=O)[O-])[N+](=O)[O-])n[nH]2)n1)[N+](=O)[O-].[NH4+].[NH4+],-48.90%,-20.40%,42.80%,8465,28.91,28,360,230,267.9,1.75,182
,"tris{amino[di(diazanyl)methylidene]ammonium} 5-{[2,4,6-trioxo-3,5-bis(1,2,3,4-tetraazol-2-id-5-ylmethyl)-1,3,5-triazin-1-yl]methyl}-1,2,3,4-tetraazol-2-ide",,NNC(NN)=[NH+]N.NNC(NN)=[NH+]N.NNC(NN)=[NH+]N.O=c1n(Cc2nn[n-]n2)c(=O)n(Cc2nn[n-]n2)c(=O)n1Cc1nn[n-]n1,-87.30%,-59.30%,67.20%,8727,26.26,40,360,202.8,1243.8,1.674,231
,"tris[amino(diaminomethylidene)ammonium] 5-{[2,4,6-trioxo-3,5-bis(1,2,3,4-tetraazol-2-id-5-ylmethyl)-1,3,5-triazin-1-yl]methyl}-1,2,3,4-tetraazol-2-ide",,N[NH+]=C(N)N.N[NH+]=C(N)N.N[NH+]=C(N)N.O=c1n(Cc2nn[n-]n2)c(=O)n(Cc2nn[n-]n2)c(=O)n1Cc1nn[n-]n1,-92.40%,-60.20%,63.30%,7876,20.73,40,360,175.6,400.2,1.656,251.5
,"tris{amino[(E)-amino(diazanyl)methylidene]ammonium} 5-{[2,4,6-trioxo-3,5-bis(1,2,3,4-tetraazol-2-id-5-ylmethyl)-1,3,5-triazin-1-yl]methyl}-1,2,3,4-tetraazol-2-ide",,NN/C(N)=[NH+]/N.NN/C(N)=[NH+]/N.NN/C(N)=[NH+]/N.O=c1n(Cc2nn[n-]n2)c(=O)n(Cc2nn[n-]n2)c(=O)n1Cc1nn[n-]n1,-89.60%,-59.80%,65.40%,8832,27.34,40,360,189.5,805.6,1.756,165
266607,"bis(azidoformamidinium) 5,5â?azotetrazolate",AFZT,N(=N/c1nnn[n-]1)\c1nnn[n-]1.[N-]=[N+]=NC(N)=[NH2+].[N-]=[N+]=NC(N)=[NH2+],-57.10%,-38.10%,83.30%,7201,215.6,3,12,212.8,1037.25,1.624,127
1532968,Diammonium 3-dinitromethyl-4-nitraminofurazan,,O=[N+]([O-])[N-]c1nonc1[C-]([N+](=O)[O-])[N+](=O)[O-].[NH4+].[NH4+],-17.90%,0%,41.80%,8572,32.2,6,120,257.9,43.4,1.765,163
1054611,"bis(hydroxyammonium) 4-(nitroazanidyl)-5-[(E)-nitroazanylidene]-1,2,3,4-tetraazol-1-ide",,O=[N+]([O-])/N=c1\[n-]nnn1[N-][N+](=O)[O-].[NH3+]O.[NH3+]O,0%,6.20%,54.70%,9807,39.9,1.5,10,283.5,351.5,1.81,130
,"3,8-dinitro-7-(trinitromethyl)pyrazolo[5,1-c]  [1,2,4]triazin-4-amine",TNFH,Nc1c([N+](=O)[O-])nnc2c([N+](=O)[O-])c(C([N+](=O)[O-])([N+](=O)[O-])[N+](=O)[O-])nn12,-12.80%,12.80%,37.40%,9492,41,12,192,268.59,470.2,1.947,205
2068206,"ammonium 2,2-diazidomalonate",,[N-]=[N+]=NC(N=[N+]=[N-])(C(=O)[O-])C(=O)[O-].[NH4+].[NH4+],-43.60%,-21.80%,50.90%,6912,16.3,40,360,185.8,270,1.5,115
1054614,"bis(aminoammonium) 4-(nitroazanidyl)-5-[(E)-nitroazanylidene]-1,2,3,4-tetraazol-1-ide",,N[NH3+].N[NH3+].O=[N+]([O-])/N=c1\[n-]nnn1[N-][N+](=O)[O-],-18.90%,-12.60%,66.10%,9872,37.6,1,6,277.8,541.3,1.75,150
1054613,"diammonium 4-(nitroazanidyl)-5-[(E)-nitroazanylidene]-1,2,3,4-tetraazol-1-ide",,O=[N+]([O-])/N=c1\[n-]nnn1[N-][N+](=O)[O-].[NH4+].[NH4+],-14.30%,-7.10%,62.50%,9078,170,1,6,259.49,212,1.7,170
,"Diethyl 2,2-diazidomalonate",,CCOC(=O)C(N=[N+]=[N-])(N=[N+]=[N-])C(=O)OCC,-99.10%,-52.80%,34.70%,5509,8.8,40,360,151.5,523,1.2,147
2068210,"2,2-diazidomalonic acid",,[N-]=[N+]=NC(N=[N+]=[N-])(C(=O)O)C(=O)O,-25.80%,0%,45.10%,7348,20.5,1,1,141.4,563,1.67,116
,Bis(guanidinium) 3-dinitromethyl-4-nitraminofurazan,,NC(N)=[NH2+].NC(N)=[NH2+].O=[N+]([O-])[N-]c1nonc1[C-]([N+](=O)[O-])[N+](=O)[O-],-40.90%,-18.20%,47.70%,7777,26,14,360,217.8,37.1,1.706,205
1532969,Bis(aminoguanidinium) 3-dinitromethyl-4-nitraminofurazan,,NNC(N)=[NH2+].NNC(N)=[NH2+].O=[N+]([O-])[N-]c1nonc1[C-]([N+](=O)[O-])[N+](=O)[O-],-41.90%,-20.90%,51.30%,7710,24.7,2,84,230.3,219.5,1.62,119
2068207,"diaminomethaniminium 2,2-diazidoacetate",,NC(N)=[NH2+].[N-]=[N+]=NC(N=[N+]=[N-])C(=O)[O-],-59.70%,-35.80%,62.60%,6998,16.2,40,360,188.07,555,1.45,140
,Dihydrazinium 3-dinitromethyl-4-nitraminofurazan,,N[NH3+].N[NH3+].O=[N+]([O-])[N-]c1nonc1[C-]([N+](=O)[O-])[N+](=O)[O-],-21.50%,-5.40%,47%,8843,34.11,3,72,273.6,291.2,1.746,191.9
,"Bis(3-amino-1,2,4-triazolium) 3-dinitromethyl-4-nitraminofurazan",,Nc1[nH]cn[nH+]1.Nc1[nH]cn[nH+]1.O=[N+]([O-])[N-]c1nonc1[C-]([N+](=O)[O-])[N+](=O)[O-],-47.70%,-19.90%,48.70%,8059,28.8,2,96,226.3,482.7,1.795,99
1538054,Dihydroxylammonium 3-dinitromethyl-4-nitraminofurazan,,O=[N+]([O-])[N-]c1nonc1[C-]([N+](=O)[O-])[N+](=O)[O-].[NH3+]O.[NH3+]O,-5.30%,10.70%,37.30%,9646,43,8,64,276.9,62.1,1.93,175
1977776,NH4N5- (1/2 H2O2),NH4N5- (1/2 H2O2),OO.[NH4+].[NH4+].n1nn[n-]n1.n1nn[n-]n1,-22.80%,-22.80%,79.90%,8938,26.37,6.4,120,259.97,228.85,1.485,99.5
1880433,"1H-Pentazole, ammonium salt (1:1)",,[NH4+].n1nn[n-]n1,-36.30%,-36.30%,95.40%,9280,27.29,13,140,238.2,308.1,1.52,102
1880432,"1H-Pentazole, compd. with hydroxylamine (1:1)",,[NH3+]O.n1nn[n-]n1,-15.40%,-15.40%,80.70%,9930,35.8,6,60,281.7,371.7,1.636,104.3
1883605,Diaminoguanidinium pentazolate,,NNC(=[NH2+])NN.n1nn[n-]n1,-59.90%,-50%,87.40%,7505,21.2,25,240,228.2,508,1.438,100.5
1885298,Biguanidinium pentazolate,,N=C(N)NC(N)=[NH2+].n1nn[n-]n1,-74.40%,-55.80%,81.30%,9257,33,35,300,316.2,1362,1.491,124.8
1838393,"Guanidine, compd. with 1H-pentazole (1:1)",,NC(N)=[NH2+].n1nn[n-]n1,-61.50%,-49.20%,86.10%,7960,20.14,24,360,201.5,312.3,1.515,88.1
1589905,"Urea, N-(aminoiminomethyl)-, compd. with 1H-pentazole (1:1)",,NC(=[NH2+])NC(N)=O.n1nn[n-]n1,-60.10%,-41.60%,72.80%,6920,18.9,14,160,193.9,203.4,1.596,110
1885299,Aminoguanidinium pentazolate,,NNC(N)=[NH2+].n1nn[n-]n1,-60.60%,-49.60%,86.80%,7189,19.6,40,360,215.1,392.1,1.444,99.4
881229,"Diammonium 5,5â?azoxybistetrazolate",(NH4)2zTO,[NH4+].[NH4+].[O-]/[N+](=N\c1nnn[n-]1)c1nnn[n-]1,-51.80%,-37%,77.70%,8054,24,1,40,215,524,1.592,222
,"diammonium 5,5-azotetrazolate",(NH4)2zT,N(=N/c1nnn[n-]1)\c1nnn[n-]1.[NH4+].[NH4+],-63.90%,-48%,83.90%,7788,21.6,3,42,207,551,1.562,195
,Ammonium Azotetrazolate,(NH4)2AzT,N(=Nc1nnn[n-]1)c1nnn[n-]1.[NH4+].[NH4+],-63.90%,-48%,83.90%,7788,21.6,6,44,196.6,444.12,1.53,190
,"bis(1-(3'-methylfuroxanyl)methyleneamino guanidinium) 5,5â?azotetrazolate",,Cc1c(/C=N/NC(N)=[NH2+])no[n+]1[O-].Cc1c(/C=N/NC(N)=[NH2+])no[n+]1[O-].N(=N/c1nnn[n-]1)\c1nnn[n-]1,-86.80%,-50.90%,57.60%,7515,19.3,40,360,191.9,704.95,1.639,213
266608,"bis(aminoguanidinium) 5,5â?azotetrazolate monohydrate",AGZTH,N(=N/c1nnn[n-]1)\c1nnn[n-]1.NNC(N)=[NH2+].NNC(N)=[NH2+].O,-72.20%,-53%,75.80%,6690,181.4,40,360,185.4,380.49,1.559,215
,"bis(aminoguanidinium) 5,5â?azotetrazolate",AGZT,N(=N/c1nnn[n-]1)\c1nnn[n-]1.NNC(N)=[NH2+].NNC(N)=[NH2+],-76.40%,-56%,80.20%,6418,165.6,15,360,174.7,435.33,1.54,215
,"bis(diaminoguanidinium) 5,5â?azotetrazolate",DAGZT,N(=N/c1nnn[n-]1)\c1nnn[n-]1.NNC(=[NH2+])NN.NNC(=[NH2+])NN,-74.40%,-55.80%,81.30%,7045,204.5,4,360,194.4,709.08,1.599,191
,"bis(guanidinium) 5,5â?azotetrazolate",GZT,N(=N/c1nnn[n-]1)\c1nnn[n-]1.NC(N)=[NH2+].NC(N)=[NH2+],-78.80%,-56.30%,78.80%,6192,154,32,360,174,410.21,1.538,250
1838395,tetramethylammonium pentazol-2-ide,,C[N+](C)(C)C.n1nn[n-]n1,-155.40%,-111%,58.30%,5800,10.08,35,360,197.7,297.2,1.245,80.8
1880431,"1H-Pentazole, compd. with hydrazine (1:1)",,N[NH3+].n1nn[n-]n1,-38.80%,-38.80%,95.10%,10400,37,6,100,266.3,471.3,1.62,85.3
1589906,"Ethanedioic acid, 1,2-dihydrazide, compd. with 1H-pentazole (1:1)",,NNC(=O)C(=O)N[NH3+].n1nn[n-]n1,-46.50%,-29.60%,66.60%,8320,27.1,6,80,232.2,388.1,1.681,
,"bis(triaminoguanidinium) 5,5â?azotetrazolate",TAGZT,N(=N/c1nnn[n-]1)\c1nnn[n-]1.NNC(NN)=[NH+]N.NNC(NN)=[NH+]N,-72.70%,-55.60%,82.30%,7654,241.7,4,60,216.8,1075.29,1.602,193
,Dihydrazinium NATF,,N[NH3+].N[NH3+].O=[N+]([O-])[N-]c1nonc1-c1nnn[n-]1,-48.80%,-30.50%,64.10%,8535,31.8,6,108,242.2,613.8,1.753,203
,Bis(guanidinium) NATF,,NC(N)=[NH2+].NC(N)=[NH2+].O=[N+]([O-])[N-]c1nonc1-c1nnn[n-]1,-65.80%,-40.50%,62%,7117,21.1,40,360,200.3,326.7,1.621,284
,Bis(aminoguanidinium) NATF,,NNC(N)=[NH2+].NNC(N)=[NH2+].O=[N+]([O-])[N-]c1nonc1-c1nnn[n-]1,-64.70%,-41.60%,64.70%,7686,25.4,40,288,211.5,538.3,1.708,238
,Bis(diaminoguanidinium) NATF,,NNC(=[NH2+])NN.NNC(=[NH2+])NN.O=[N+]([O-])[N-]c1nonc1-c1nnn[n-]1,-63.80%,-42.50%,67%,7868,26.2,40,240,224.7,807.3,1.662,233
,Bis(triaminoguanidinium) NATF,,NNC(NN)=[NH+]N.NNC(NN)=[NH+]N.O=[N+]([O-])[N-]c1nonc1-c1nnn[n-]1,-63%,-43.30%,68.90%,8174,28.5,29,160,234,1040.6,1.686,230
698088,Guanidinium 5-Nitrotetrazolate,,NC(N)=[NH2+].O=[N+]([O-])c1nnn[n-]1,-45.90%,-27.60%,64.30%,7500,20.1,30,360,185.4,10,1.644,217
,Guanidinium-5-aminotetrazolate,,NC(N)=[NH2+].Nc1nnn[n-]1,-88.80%,-66.60%,77.70%,8055,19.4,50,360,158.8,85.9,1.54,167.2
656653,"Guanidinium 3,6-bis-5-ylamino-tetrazolate-1,2,4,5-tetrazine",,NC(N)=[NH2+].NC(N)=[NH2+].n1n[n-]c(Nc2nnc(Nc3nnn[n-]3)nn2)n1,-83%,-56.80%,76.40%,7673,20.5,,,221.9,1346.2,1.47,285.2
690394,Guanylguanidinium 5-aminotetrazolate,,NC(=[NH2+])N=C(N)N.Nc1nnn[n-]1,-94.50%,-68.70%,75.20%,7529,16.3,,,184.6,306.9,1.41,207
1017968,1-(3â?methylfuroxanyl)methyleneamino guanidinium 5-nitrotetrazolate,,Cc1c(/C=N/NC(N)=[NH2+])no[n+]1[O-].O=[N+]([O-])c1nnn[n-]1,-66.80%,-34.80%,51.50%,8312,26.3,25,280,231.7,611.63,1.7,184.7
699848,Guanidinium 5-Azidotetrazolate Semihydrate,,NC(N)=[NH2+].NC(N)=[NH2+].O.[N-]=[N+]=Nc1nnn[n-]1.[N-]=[N+]=Nc1nnn[n-]1,-62.50%,-44.70%,78.10%,,,1,11,,,1.546,137
,Diaminoguanidinium HBTA saltÂ·H2O,,NNC(=[NH2+])NN.O.n1n[n-]c(Nc2nnn[nH]2)n1,-67.60%,-49.20%,75.30%,8413,24,,,234.2,792.5,1.55,213
,N-Carbamoylguanidinium HBTA saltÂ·H2O,,NC(=[NH2+])NC(N)=O.O.n1n[n-]c(Nc2nnn[nH]2)n1,-67.30%,-43.90%,66.60%,7677,19.4,,,202,374.4,1.63,231
,Guanylguanidinium HBTA salt,,NC(=[NH2+])N=C(N)N.n1n[n-]c(Nc2nnn[nH]2)n1,-81.80%,-56.60%,77.10%,8645,25.1,,,199.7,634.8,1.69,258
,Aminoguanidinium 5-Nitrotetrazolate,,NNC(N)=[NH2+].O=[N+]([O-])c1nnn[n-]1,-46.50%,-29.60%,66.60%,8190,24.7,30,360,203.6,160,1.661,211
,Guanidinium HBTA saltÂ·H2O,,NC(N)=[NH2+].O.n1n[n-]c(Nc2nnn[nH]2)n1,-69.50%,-48.70%,73%,8343,23.2,,,219.5,565,1.62,268
,1-(3â?methylfuroxanyl)methyleneamino guanidinium 5-azidotetrazolate,,Cc1c(/C=N/NC(N)=[NH2+])no[n+]1[O-].[N-]=[N+]=Nc1nnn[n-]1,-78.60%,-46.10%,61.60%,8212,24.7,2,6,239.2,988.04,1.641,138.9
,Diaminoguanidinium ANTP,,NNC(=[NH2+])NN.Nc1c([N+](=O)[O-])c([N+](=O)[O-])nn1-c1nnn[n-]1,-53.30%,-29.10%,59.40%,8712,29.3,30,240,250.6,935.9,1.7,216
,Guanidinium Azotetrazolate,,N(=Nc1nnn[n-]1)c1nnn[n-]1.NC(N)=[NH2+].NC(N)=[NH2+],-78.80%,-56.30%,78.80%,7100,155,,,174,410.21,1.538,240
1449638,Guanidinium ANTP,,NC(N)=[NH2+].Nc1c([N+](=O)[O-])c([N+](=O)[O-])nn1-c1nnn[n-]1,-53.30%,-26.60%,56%,8668,29.6,40,360,242.8,729.1,1.74,257
1889431,"guanidine 3,6-dinitro-1,4-di(1H-tetrazol-5-yl)-pyrazolo[4,3-c]pyrazolate",,NC(N)=[NH2+].NC(N)=[NH2+].O=[N+]([O-])c1nn(-c2nnn[n-]2)c2c([N+](=O)[O-])nn(-c3nnn[n-]3)c12,-63.70%,-35.40%,61.90%,8023,22.4,60,360,215.7,926.9,1.62,299
,Aminoguanidinium ANTP,,NNC(N)=[NH2+].Nc1c([N+](=O)[O-])c([N+](=O)[O-])nn1-c1nnn[n-]1,-53.30%,-27.90%,57.70%,8229,25.4,37.5,252,247.1,834.7,1.61,221
1889078,"aminoguanidine 3,6-dinitro-1,4-di(1H-tetrazol-5-yl)-pyrazolo[4,3-c]pyrazolate",,NNC(N)=[NH2+].NNC(N)=[NH2+].O=[N+]([O-])c1nn(-c2nnn[n-]2)c2c([N+](=O)[O-])nn(-c3nnn[n-]3)c12,-63%,-36.50%,63.90%,8396,24.9,35,360,223.7,1143.3,1.64,255
1449631,"Bis(aminoguanidinium) N-(3,5-dinitro-1H-pyrazol-4-yl)-1H-tetrazol-5-amine",,NNC(N)=[NH2+].NNC(N)=[NH2+].O=[N+]([O-])c1n[n-]c([N+](=O)[O-])c1Nc1nnn[n-]1,-63.70%,-39%,61.10%,8756,28.6,40,32,228.2,808.7,1.72,216
1476973,Dihydroxyammonium NATF,,O=[N+]([O-])[N-]c1nonc1-c1nnn[n-]1.[NH3+]O.[NH3+]O,-30.30%,-12.10%,53%,8826,34.7,5,112,262.9,425.6,1.815,233
,"Diammonium 4-azido-5-(dinitromethyl)-2H-1,2,3-triazole",,[N-]=[N+]=Nc1nn[n-]c1[C-]([N+](=O)[O-])[N+](=O)[O-].[NH4+].[NH4+],-38.70%,-19.30%,56.40%,8212,25.2,8,144,238.8,329.1,1.62,120
,imidazolium-based nitrocyanamide (2),,CCCC[n+]1ccn(C)c1.N#C[N-][N+](=O)[O-],-166.90%,-103%,31.10%,5672,8.3,40,,186.4,128.5,1.13,256
,imidazolium-based nitrocyanamide (1),,CC[n+]1ccn(C)c1.N#C[N-][N+](=O)[O-],-142%,-85.20%,35.50%,5807,9.2,40,,192.3,157.7,1.18,253
,imidazolium-based nitrocyanamides (5),,Cn1cc[n+](CC#N)c1.N#C[N-][N+](=O)[O-],-123%,-69.20%,40.30%,6926,15.4,40,,203.2,368.9,1.47,203
,imidazolium-based nitrocyanamide (4),,COCC[n+]1ccn(C)c1.N#C[N-][N+](=O)[O-],-137.30%,-81%,30.80%,5582,8.7,40,,187,44.3,1.21,266
,imidazolium-based nitrocyanamide (3),,C=CC[n+]1ccn(C)c1.N#C[N-][N+](=O)[O-],-149.10%,-88%,33.50%,5372,7.6,40,,196.7,274.7,1.11,220
2256912,"Bis(aminoguanidinium) 4-nitro-5-dinitromethyl-1,2,3-triazolate",,NNC(N)=[NH2+].NNC(N)=[NH2+].O=[N+]([O-])c1nn[n-]c1[C-]([N+](=O)[O-])[N+](=O)[O-],-48.10%,-26.20%,53.50%,8208,24.8,1.5,216,225.4,310.56,1.63,162.7
2256909,"Dihydrazinium 4-nitro-5-dinitromethyl-1,2,3-triazolate",,N[NH3+].N[NH3+].O=[N+]([O-])c1nn[n-]c1[C-]([N+](=O)[O-])[N+](=O)[O-],-28.40%,-11.30%,49.60%,9198,34.5,1,216,268.9,350.26,1.77,164.3
,"Bis(guanidinium) 4-nitro-5-dinitromethyl-1,2,3-triazolate",,NC(N)=[NH2+].NC(N)=[NH2+].O=[N+]([O-])c1nn[n-]c1[C-]([N+](=O)[O-])[N+](=O)[O-],-47.60%,-23.80%,50%,8180,24.9,2,360,213.4,67.91,1.7,208.6
2256906,"Diammonium 4-nitro-5-dinitromethyl-1,2,3-triazolate",,O=[N+]([O-])c1nn[n-]c1[C-]([N+](=O)[O-])[N+](=O)[O-].[NH4+].[NH4+],-25.40%,-6.30%,44.40%,8501,29,1.5,288,251.1,20.95,1.72,162.5
,"Dihydrazinium 4-azido-5-(dinitromethyl)-2H-1,2,3-triazole",,N[NH3+].N[NH3+].[N-]=[N+]=Nc1nn[n-]c1[C-]([N+](=O)[O-])[N+](=O)[O-],-40.30%,-23%,60.40%,8799,29.7,4,96,259.3,651.9,1.66,110
2099362,guanidinium nitrocyanamide 8,,N#C[N-][N+](=O)[O-].NNC(NN)=[NH+]N,-54.40%,-37.70%,65.90%,8709,27,40,,227,322.8,1.59,209
2048362,"6H-[1,2,3]triazolo[4,5-d][1,2,3]triazine-6,7-diamine",,Nc1c2nnnc-2nnn1N,-84.10%,-52.60%,73.60%,8421,26,27,324,234,642,1.7,203
,guanidinium nitrocyanamide,,N#C[N-][N+](=O)[O-].NC(N)=[NH2+],-54.80%,-32.90%,57.50%,7577,19.5,40,,200.6,28.4,1.52,219
748744,Aminoguanidinium nitrocyanamide,,N#C[N-][N+](=O)[O-].NNC(N)=[NH2+],-54.60%,-34.80%,60.80%,7956,22,40,,212.2,138.2,1.53,223
,"2-Azido-N,N,N-trimethylethylammonium Dicyanamide",,C[N+](C)(C)CCN=[N+]=[N-].N#C[N-]C#N,-168%,-110.60%,50.20%,,,40,,202,518,1.15,235
,Bis(2-azidoethyl)dimethylammonium Dicyanamide,,C[N+](C)(CCN=[N+]=[N-])CCN=[N+]=[N-].N#C[N-]C#N,-147%,-95.90%,55.90%,,,40,,221,894,1.21,222
,"2-Azido-N,N,N-trimethylethylammonium Nitrocyanamide",,C[N+](C)(C)CCN=[N+]=[N-].N#C[N-][N+](=O)[O-],-122.70%,-78.10%,45.50%,,,40,,218,380,1.24,245
,Bis(2-azidoethyl)dimethylammonium Nitrocyanamide,,C[N+](C)(CCN=[N+]=[N-])CCN=[N+]=[N-].N#C[N-][N+](=O)[O-],-112.50%,-71%,51.80%,,,40,,231,752,1.32,222
,"2-Azido-N,N,N-trimethylethylammonium Azide",,C[N+](C)(C)CCN=[N+]=[N-].[N-]=[N+]=[N-],-154.20%,-107.50%,57.20%,,,40,,227,578,1.22,139
,"2-Azido-N,N,N-trimethylethylammonium Dinitramide",,C[N+](C)(C)CCN=[N+]=[N-].O=[N+]([O-])[N-][N+](=O)[O-],-85%,-51%,41.70%,,,40,,231,251,1.36,219
750901,Bis(2-azidoethyl)ammonium Nitrocyanamide,,N#C[N-][N+](=O)[O-].[N-]=[N+]=NCC[NH2+]CCN=[N+]=[N-],-85.90%,-52.80%,57.80%,,,40,,245,777,1.41,162
,"Carbamic acid, N-nitro-, 2,2,2-trinitroethyl ester, compd. with guanidine (1:1)",,NC(N)=[NH2+].O=C([N-][N+](=O)[O-])OCC([N+](=O)[O-])([N+](=O)[O-])[N+](=O)[O-],-9.80%,9.80%,34.10%,8265,29.9,5,14,243.5,515.9,1.76,137.8
,"Carbamic acid, N-nitro-, 2,2,2-trinitroethyl ester, compd. with hydrazinecarboximidamide (1:1) (ACI)",,NNC(N)=[NH2+].O=C([N-][N+](=O)[O-])OCC([N+](=O)[O-])([N+](=O)[O-])[N+](=O)[O-],-11.70%,7%,36.70%,8418,31.2,3,24,247,415.4,1.78,125.7
,Triethylammonium azide,,CC(C)[NH+](C)C.[N-]=[N+]=[N-],-208.90%,-147.50%,43%,,,40,,249,430,0.99,
1469219,"Ammonium 2,2,2-Trinitroethyl nitrocarbamate",,O=C([N-][N+](=O)[O-])OCC([N+](=O)[O-])([N+](=O)[O-])[N+](=O)[O-].[NH4+],5.60%,22.40%,29.40%,8213,29.4,20,20,246.1,459.3,1.75,121.1
750900,"1,2-Bis(dimethylamino)-N0 ,N0 ,N00,N00-tetramethyl-1,2-ethyldiaminium Azide",,CN(C)C(C(N(C)C)=[N+](C)C)=[N+](C)C.[N-]=[N+]=[N-].[N-]=[N+]=[N-],-180%,-123.80%,49.20%,,,40,,185,418,1.24,188
,Triethylammonium azide,,CC[NH+](CC)CC.[N-]=[N+]=[N-],-221.90%,-155.30%,38.80%,,,40,,245,457,1.01,
1469217,"Carbamic acid, N-nitro-, 2,2,2-trinitroethyl ester, compd. with 4H-1,2,4-triazol-4-amine (1:1) (ZCI)",,Nn1cn[nH+]c1.O=C([N-][N+](=O)[O-])OCC([N+](=O)[O-])([N+](=O)[O-])[N+](=O)[O-],-15.90%,6.80%,35.70%,8596,33.1,14,16,253.6,139.3,1.83,127.1
1469218,"Carbamic acid, N-nitro-, 2,2,2-trinitroethyl ester, compd. with 1H-1,2,4-triazol-5-amine (1:1) (ACI)",,Nc1[nH]cn[nH+]1.O=C([N-][N+](=O)[O-])OCC([N+](=O)[O-])([N+](=O)[O-])[N+](=O)[O-],-15.90%,6.80%,35.70%,8259,30,1,32,245.8,267.3,1.77,127.7
,"1-Amino- 1,2,4-triazolium Nitrate",,Nn1c[nH+]cn1.O=[N+]([O-])[O-],-38.10%,-16.30%,47.60%,,,,,231.6,34.65,1.75,149
2193991,"1,3,5-triamino-1H-1,2,4-triazol-4-ium nitrate",,Nc1nn(N)c(N)[nH+]1.O=[N+]([O-])[O-],-40.60%,-22.60%,55.30%,8115,24.1,25,288,217.5,27.9,1.657,148
,"hydrazinium 5,5'-(1,2-dihydrazineylideneethane-1,2-diyl)bis(tetrazol-1-ide)",,NN=C(C(=NN)c1nnn[n-]1)c1nnn[n-]1.N[NH3+].N[NH3+],-83.80%,-61.50%,78.20%,9026,28.5,40,360,235.1,1055.8,1.6,282
,"1-Methyl-4-amino-1,2,4-triazolium Nitrate",,Cn1c[n+](N)cn1.O=[N+]([O-])[O-],-64.50%,-34.80%,43.40%,,,,,188.7,187.36,1.6,221
,"4-Amino-1-cyanomethyl-1,2,4-triazolium Nitrate",,N#CCn1c[n+](N)cn1.O=[N+]([O-])[O-],-68.80%,-34.40%,45.10%,,,,,226.4,267,1.61,158
288202,"4,4â?Bi(1,2,4-triazolium) Nitrate",,O=[N+]([O-])[O-].c1nncn1-[n+]1cn[nH]c1,-60.30%,-28.10%,49.20%,,,,,200,114.8,1.73,150
,"4-Amino-1,2,4-triazolium Nitrate",,N[n+]1cn[nH]c1.O=[N+]([O-])[O-],-38.10%,-16.30%,47.60%,,,,,205.8,109.79,1.75,181
,"1-Amino- 4-methyl-1,2,4-triazolium Nitrate",,C[n+]1cnn(N)c1.O=[N+]([O-])[O-],-64.50%,-34.80%,43.40%,,,,,190.1,174.68,1.6,217
,"5,50-bis(Trinitromethyl)-3,30-azo-1,2,4-triazole Hemihydrate",,O=[N+]([O-])C(c1nc(N=Nc2n[nH]c(C([N+](=O)[O-])([N+](=O)[O-])[N+](=O)[O-])n2)n[nH]1)([N+](=O)[O-])[N+](=O)[O-],-3.50%,17.30%,42.40%,8964,36.65,1.5,,264,555.1,1.83,150
847336,"1-Methyl-5-nitro-3-trinitromethyl-1H-[1,2,4]triazole",,Cn1nc(C([N+](=O)[O-])([N+](=O)[O-])[N+](=O)[O-])nc1[N+](=O)[O-],-8.70%,14.40%,35.40%,9006,36.88,13,,264,95.6,1.88,153
,"1,10-Dimethyl-5,50-bis(trinitromethyl)-3,30-azo-1,2,4-triazole",,Cn1nc(N=Nc2nc(C([N+](=O)[O-])([N+](=O)[O-])[N+](=O)[O-])n(C)n2)nc1C([N+](=O)[O-])([N+](=O)[O-])[N+](=O)[O-],-22.80%,3.30%,40%,8742,33.83,5.5,,262,505.8,1.78,165
1018389,"1H-Pyrazole-4-diazonium, 2,3-dihydro-5-nitro-3-oxo-, inner salt",,N#[N+]c1c([N+](=O)[O-])[nH][n-]c1=O,-36.10%,-5.20%,45.10%,8055,26.4,4.5,28,216,129.1,1.77,151
,"Trihydroxylammonium ((nitromethanidylene)bis(1,3,4-oxadiazole-5,2-diyl))bis(dinitromethanide)",,O=[N+]([O-])[C-](c1nnc([C-]([N+](=O)[O-])[N+](=O)[O-])o1)c1nnc([C-]([N+](=O)[O-])[N+](=O)[O-])o1.[NH3+]O.[NH3+]O.[NH3+]O,-15.90%,6.30%,33.30%,8561,33.2,33,360,241,695.85,1.87,180
,"Trihydrazinium ((nitromethanidylene)bis(1,3,4-oxadiazole-5,2- diyl))bis(dinitromethanide) hydrate",,N[NH3+].N[NH3+].N[NH3+].O.O=[N+]([O-])[C-](c1nnc([C-]([N+](=O)[O-])[N+](=O)[O-])o1)c1nnc([C-]([N+](=O)[O-])[N+](=O)[O-])o1,-29.30%,-7.70%,40.40%,8821,33.7,38,240,231,295.76,1.87,168
962839,"3,3â?Dinitramino-3,3â?azoxybifurazane",,O=[N+]([O-])Nc1nonc1N=[N+]([O-])c1nonc1N[N+](=O)[O-],-10.60%,10.60%,46.30%,9131,40,1,16,281.99,772,1.915,70
,"Tri(triaminoguanidinium) ((nitromethanidylene)bis(1,3,4-oxadiazole-5,2-diyl))bis(dinitromethanide)",,NNC(NN)=[NH+]N.NNC(NN)=[NH+]N.NNC(NN)=[NH+]N.O=[N+]([O-])[C-](c1nnc([C-]([N+](=O)[O-])[N+](=O)[O-])o1)c1nnc([C-]([N+](=O)[O-])[N+](=O)[O-])o1,-47.90%,-25.60%,52.70%,8188,24.7,40,160,220,408.97,1.65,171
,ammonium 5-(trinitromethyl)tetrazol-1-ide,,O=[N+]([O-])C(c1nnn[n-]1)([N+](=O)[O-])[N+](=O)[O-].[NH4+],0%,13.60%,47.40%,9100,36.2,,6,266.5,188,1.768,126
,"1,5-Diamino-1,2,4-triazolium Nitrate",,Nc1[nH]cn[n+]1N.O=[N+]([O-])[O-],-39.50%,-19.70%,51.80%,,,,,204.7,89.49,1.76,
289403,"1,3-diazido-2,2-bis(azidomethyl)propane",TAPE,[N-]=[N+]=NCC(CN=[N+]=[N-])(CN=[N+]=[N-])CN=[N+]=[N-],-94.80%,-61%,71.10%,7819,20.5,1,1,251.9,1180,1.48,218
,"2,2-bis(azidomethyl)propane-1,3-diyl dinitrate",,[N-]=[N+]=NCC(CN=[N+]=[N-])(CO[N+](=O)[O-])CO[N+](=O)[O-],-46.30%,-17.40%,40.60%,7842,24.2,3,15,252.6,362,1.586,182
,"2-(azidomethyl)-2-((nitrooxy)methyl)propane-1,3-diyl dinitrate",MAPETN,[N-]=[N+]=NCC(CO[N+](=O)[O-])(CO[N+](=O)[O-])CO[N+](=O)[O-],-27%,0%,28.40%,8092,27.8,2,36,263.7,59,1.667,180
1482532,"[1,2,3,4]tetrazino[5,6- e][1,2,3,4]tetrazine 1,3,6,8-tetraoxid",TTTO,[O-][n+]1nc2n[n+]([O-])n[n+]([O-])c2[n+]([O-])n1,0%,16%,56%,9710,43.2,27,,290.9,861.9,1.98,186
,"3-azido-2,2-bis(azidomethyl)propyl nitrate",TAPEMN,[N-]=[N+]=NCC(CN=[N+]=[N-])(CN=[N+]=[N-])CO[N+](=O)[O-],-68.70%,-37.50%,54.60%,7740,21.2,1,80,251.8,795,1.53,175
2246682,"4,4'-dinitro-[3,3'-bi(1,2,5-oxadiazole)] 2,5'-dioxide",,O=[N+]([O-])c1no[n+]([O-])c1-c1no[n+]([O-])c1[N+](=O)[O-],0%,24.60%,32.30%,9500,,3.4,25,268.3,407,1.95,157
1025978,"4,4'-dinitro-[3,3'-bi(1,2,5-oxadiazole)] 2,2'-dioxide",DNBFO,O=[N+]([O-])c1no[n+]([O-])c1-c1c([N+](=O)[O-])no[n+]1[O-],0%,24.60%,32.30%,9530,41.2,,,263,448.9,1.97,140
1557922,isomeric 4-nitro-(4-nitrofurazan-3-yl)furoxan,,O=[N+]([O-])c1nonc1-c1c([N+](=O)[O-])no[n+]1[O-],-6.60%,19.70%,34.40%,9230,39.4,2.8,82,259,417.5,1.934,140
1557903,3-nitro-4-(4-nitrofurazan-3-yl)furoxan,,O=[N+]([O-])c1nonc1-c1no[n+]([O-])c1[N+](=O)[O-],-6.60%,19.70%,34.40%,9180,38.8,2.6,67,259,417.5,1.92,146
1864642,"4a,5,9a,10-tetrahydro-4H,9H-[1,2,5]oxadiazolo[3',4':5,6]pyrazino[2,3-b][1,2,5]oxadiazolo[3,4-e]pyrazine",,n1onc2c1NC1Nc3nonc3NC1N2,-93.60%,-50.40%,50.40%,8143,29.4,40,360,261.7,999.8,1.8,230
,"3-azido-2,2-bis(azidomethyl)propyl 2-azidoacetate",,[N-]=[N+]=NCC(=O)OCC(CN=[N+]=[N-])(CN=[N+]=[N-])CN=[N+]=[N-],-92.40%,-54.40%,57.10%,6410,,16,324,285.1,1725,1.326,170
1864643,"4H,9H-[1,2,5]oxadiazolo[3',4':5,6]pyrazino[2,3-b][1,2,5]oxadiazolo[3,4-e]pyrazine",,N1=C2Nc3nonc3N=C2Nc2nonc21,-80.70%,-36.70%,51.30%,7652,26.4,40,360,238.6,823,1.856,145
,Triazolium TNI,,O=[N+]([O-])c1nc([N+](=O)[O-])c([N+](=O)[O-])[n-]1.c1n[nH]c[nH+]1,-35.30%,-5.90%,41.20%,7963,26.8,,,236.4,208.6,1.76,220.5
,"3-Azido-1,2,4-triazolium 4,5-Dinitro-imidazolate",,O=[N+]([O-])c1nc[n-]c1[N+](=O)[O-].[N-]=[N+]=Nc1n[nH]c[nH+]1,-47.70%,-17.90%,52.20%,,,,,219.6,401.85,1.7,158
,3-Aminotriazolium TNI,,Nc1[nH]nc[nH+]1.O=[N+]([O-])c1nc([N+](=O)[O-])c([N+](=O)[O-])[n-]1,-36.20%,-8.40%,43.90%,8416,31,,,229.1,179.8,1.86,207.8
,"1,2,4-Triazolium 4,5-Dinitro-imidazolate",,O=[N+]([O-])c1nc[n-]c1[N+](=O)[O-].c1n[nH]c[nH+]1,-59.90%,-24.70%,43.10%,,,,,246.8,503.21,1.73,165
1920146,"5,5'-bis(4-nitro-1H-pyrazol-3-yl)-3,3'-bi(1,2,4-oxadiazole)",,O=[N+]([O-])c1c[nH]nc1-c1nc(-c2noc(-c3n[nH]cc3[N+](=O)[O-])n2)no1,-71.10%,-26.70%,38.90%,7991,25.2,40,360,225.5,676.8,1.782,317
,"3-Azido-1,2,4-triazolium 5-Nitro-tetrazolate",,O=[N+]([O-])c1nnn[n-]1.[N-]=[N+]=Nc1n[nH]c[nH+]1,-39.10%,-17.80%,68.40%,,,,,268,965.2,1.53,161
,"1,2,4-Triazolium 5-Nitro-tetrazolate",,O=[N+]([O-])c1nnn[n-]1.c1n[nH]c[nH+]1,-52.10%,-26.10%,60.80%,,,,,227.4,409.64,1.53,183
,"4-Amino-1,2,4-triazolium 4,5-Dinitro-imidazolate",,N[n+]1cn[nH]c1.O=[N+]([O-])c1nc[n-]c1[N+](=O)[O-],-59.50%,-26.40%,46.30%,,,,,238,466.7,1.65,149
,"4-Amino-1,2,4-triazolium 3-Nitro-1,2,4-triazolate",,N[n+]1cn[nH]c1.O=[N+]([O-])c1nnc[n-]1,-72.70%,-40.40%,56.50%,,,,,187.7,141.38,1.5,198
,2-Azido-imidazolium 5-Nitro-tetrazolate,,O=[N+]([O-])c1nnn[n-]1.[N-]=[N+]=Nc1[nH]cc[nH+]1,-57.10%,-28.60%,62.50%,,,,,243.2,735.14,1.51,112
,"2-Azido-imidazolium 4,5-Dinitro-imidazolate",,O=[N+]([O-])c1nc[n-]c1[N+](=O)[O-].[N-]=[N+]=Nc1[nH]cc[nH+]1,-62.90%,-26.90%,47.20%,,,,,236.8,603.92,1.64,127
,"1,5-Diamino-1,2,4-triazolium 4,5-Dinitro-imidazolate",,Nc1[nH+]cnn1N.O=[N+]([O-])c1nc[n-]c1[N+](=O)[O-],-59.10%,-28%,49%,,,,,227.7,405.71,1.64,165
,"1-Methyl-3-azido-1,2,4-triazolium 4,5-Dinitro-imidazolate",,Cn1c[nH+]c(N=[N+]=[N-])n1.O=[N+]([O-])c1nc[n-]c1[N+](=O)[O-],-62.40%,-28.40%,49.60%,,,,,241.2,700.69,1.6,145
,"1-Vinyl-1,2,4-triazolium 4,5-dinitroimidazolate",,C=Cn1c[nH+]cn1.O=[N+]([O-])c1nc[n-]c1[N+](=O)[O-],-85.30%,-41.10%,38.70%,7168,18.65,,,214,322.1,1.57,166
,"1-Methyl-1,2,4-triazolium 4,5-Dinitro-imidazolate",,Cn1c[nH+]cn1.O=[N+]([O-])c1nc[n-]c1[N+](=O)[O-],-76.30%,-36.50%,40.60%,,,,,197.8,80.17,1.66,150
,"1-Propyl-3-azido-1,2,4-triazolium 5-Nitro-tetrazolate",,CCCn1c[nH+]c(N=[N+]=[N-])n1.O=[N+]([O-])c1nnn[n-]1,-86.80%,-50.90%,57.60%,,,,,218.7,646.84,1.4,153
,"1-Methyl-4-(2-azidoethyl)-1,2,4-triazolium Nitrate",,C[n+]1cn(CCN=[N+]=[N-])cn1.O=[N+]([O-])[O-],-85.50%,-48.30%,45.50%,,,,,197.9,77.7,1.45,143
,"4-Amino-1,2,4-triazolium 5-Nitro-tetrazolate",,N[n+]1cn[nH]c1.O=[N+]([O-])c1nnn[n-]1,-52.20%,-28.10%,63.30%,,,,,257.9,701.95,1.58,190
,"1-Methyl-3-azido-1,2,4-triazolium 5-Nitro-tetrazolate",,Cn1c[nH+]c(N=[N+]=[N-])n1.O=[N+]([O-])c1nnn[n-]1,-56.90%,-30.10%,64.40%,,,,,268.5,1070.68,1.45,141
,"1-Vinyl-1,2,4-triazolium 5-nitrotetrazolate",,C=Cn1c[nH+]cn1.O=[N+]([O-])c1nnn[n-]1,-83.70%,-45.70%,53.30%,7035,16.66,,,224.9,526.2,1.44,152
,"1-Methyl-1,2,4-triazolium 5-Nitro-tetrazolate",,Cn1c[nH+]cn1.O=[N+]([O-])c1nnn[n-]1,-72.70%,-40.40%,56.50%,,,,,266.3,808.42,1.52,163
,"1-(2-Azidoethyl)-4- methyl-1,2,4-triazolium Nitrate",,Cn1cn[n+](CCN=[N+]=[N-])c1.O=[N+]([O-])[O-],-85.50%,-48.30%,45.50%,,,,,196.8,66.3,1.49,119
,"1-(2-Azidoethyl)-4-amino-1,2,4-triazolium Nitrate",,O=[N+]([O-])[O-].[N-]=[N+]=NCC[n+]1cn(N)cn1,-66.60%,-37%,51.80%,,,,,223.9,321.1,1.57,153
,"1-(2-Azidoethyl)- 1,2,4-triazolium Nitrate",,O=[N+]([O-])[O-].[N-]=[N+]=NCC[n+]1c[nH]cn1,-67.60%,-35.80%,48.70%,,,,,195.2,27.2,1.6,170
,"1-(2-Azidoethyl)-3-azido-1,2,4-triazolium Nitrate",,O=[N+]([O-])[O-].[N-]=[N+]=NCC[n+]1c[nH]c(N=[N+]=[N-])n1,-52.90%,-26.40%,57.80%,,,,,223.3,437.2,1.58,142
,"1-(2-Azidoethyl)-1,2,4-triazolium 4,5-Dinitroimidazolate",,O=[N+]([O-])c1nc[n-]c1[N+](=O)[O-].[N-]=[N+]=NCC[n+]1c[nH]cn1,-75.60%,-37.80%,47.30%,,,,,209.1,380.2,1.62,140
,"1-(2-Azidoethyl)-3-azido-1,2,4-triazolium 5-Nitrotetrazolate",,O=[N+]([O-])c1nnn[n-]1.[N-]=[N+]=NCC[n+]1c[nH]c(N=[N+]=[N-])n1,-59.80%,-32.60%,66.60%,,,,,250.5,1138.7,1.52,141
,"1-(2-Azidoethyl)-1,2,4-triazolium 5-Nitrotetrazolate",,O=[N+]([O-])c1nnn[n-]1.[N-]=[N+]=NCC[n+]1c[nH]cn1,-72.70%,-41.10%,60.80%,,,,,226.5,676,1.51,164
,"1-Methyl-3-azido-1,2,4-triazolium Nitrate",,C[n+]1c[nH]c(N=[N+]=[N-])n1.O=[N+]([O-])[O-],-47%,-21.40%,52.40%,,,,,205.9,93.4,1.63,139
,"N-4-(1,2,4-Triazole)-N-3-(4-methyl-1,2,4-triazolium)amine 5-Nitro-tetrazolate",,C[n+]1c[nH]nc1Nn1cnnc1.O=[N+]([O-])c1nn[n-]n1,-79.90%,-45.70%,60%,,,,,200.9,508,1.45,163
,"N-4-(1,2,4-Triazole)-N-3-(4-methyl-1,2,4-triazolium)amine Nitrate",,C[n+]1c[nH]nc1Nn1cnnc1.O=[N+]([O-])[O-],-77.10%,-42.10%,49.10%,,,,,180.2,53.3,1.64,102
,"1H-Imidazolium, 3-butyl-1-methyl-, salt with 5,5â?(1,2-diazenediyl)bis[2H-tetrazole] (2:1)",,CCCC[n+]1ccn(C)c1.CCCC[n+]1ccn(C)c1.N(=N/c1nn[n-]n1)\c1nn[n-]n1,-184.40%,-119.30%,44.30%,,,,,,1006,1.26,
,"4H-1,2,4-Triazolium, 1,4-dimethyl-, salt with 5,5â?(1,2-diazenediyl)bis[2H-tetrazole] (2:1)",,Cn1cn[n+](C)c1.Cn1cn[n+](C)c1.N(=N/c1nn[n-]n1)\c1nn[n-]n1,-124.30%,-79.90%,62.20%,,,,,214.6,1216,1.42,
,"4H-1,2,4-Triazolium, 3-azido-1,4-dimethyl-, salt with 5,5â?(1,2-diazenediyl)bis[2H-tetrazole] (2:1)",,Cn1c[n+](C)nc1N=[N+]=[N-].Cn1c[n+](C)nc1N=[N+]=[N-].N(=N/c1nn[n-]n1)\c1nn[n-]n1,-97.70%,-61.50%,69.60%,,,,,210.1,1429,1.55,
,"1H-Imidazolium, 1,3-dimethyl-4-nitro-, salt with 5,5â?(1,2-diazenediyl)bis[2H-tetrazole] (2:1)",,Cn1c[n+](C)cc1[N+](=O)[O-].Cn1c[n+](C)cc1[N+](=O)[O-].N(=N/c1nn[n-]n1)\c1nn[n-]n1,-99.90%,-57.10%,50%,,,,,234.6,1345,1.54,
,"1-(2-Azidoethyl)-4-methyl-1,2,4-triazolium 3,5-dinitro-1,2,4- triazolate",,Cn1cn[n+](CCN=[N+]=[N-])c1.O=[N+]([O-])c1nnc([N+](=O)[O-])[n-]1,-74.50%,-38.60%,49.50%,,,,,208.2,395.2,1.61,189
,"1-Methyl-4-(2-azidoethyl)-1,2,4-triazolium 3,5-dinitro-1,2,4- triazolate",,C[n+]1cn(CCN=[N+]=[N-])cn1.O=[N+]([O-])c1nnc([N+](=O)[O-])[n-]1,-74.50%,-38.60%,49.50%,,,,,237.7,771.3,1.71,179
,"1,4-Dimethyl-3-azido-1,2,4-triazolium 3,5-dinitro-1,2,4-triazolate",,Cn1c[n+](C)nc1N=[N+]=[N-].O=[N+]([O-])c1nnc([N+](=O)[O-])[n-]1,-61.90%,-29.60%,51.80%,,,,,243.6,778.1,1.6,118
,"1-Propyl-4-methyl-1,2,4-triazolium 3,5-dinitro-1,2,4-triazolate",,CCC[n+]1cn(C)cn1.O=[N+]([O-])c1nnc([N+](=O)[O-])[n-]1,-101.30%,-56.30%,39.40%,,,,,201.6,198.7,1.51,231
,"1,4-Dimethyl-1,2,4-triazolium 3,5-dinitro-1,2,4-triazolate",,Cn1cn[n+](C)c1.O=[N+]([O-])c1nnc([N+](=O)[O-])[n-]1,-74.90%,-37.50%,43.70%,,,,,199.7,118.1,1.86,239
,"4H-1,2,4-Triazolium, 4-amino-1-methyl-, salt with 5,5â?(1,2-diazenediyl)bis[2H-tetrazole] (2:1)",,C[n+]1cn(N)cn1.C[n+]1cn(N)cn1.N(=N/c1nn[n-]n1)\c1nn[n-]n1,-101.60%,-66.20%,69.60%,,,,,240.1,1580,1.57,
,"2H-Tetrazol-5-amine, N-2H-tetrazol-5-yl-, compd. with 4H-1,2,4-triazol-4-amine (1:2)",,Nn1cn[nH+]c1.Nn1cn[nH+]c1.n1n[n-]c(Nc2nnn[n-]2)n1,-87.20%,-57.30%,74.10%,,,,,168.9,496,1.59,
,"4H-1,2,4-Triazolium, 1,4-diamino-, salt with 5,5â?(1,2-diazenediyl)bis[2H-tetrazole] (2:1)",,N(=N/c1nn[n-]n1)\c1nn[n-]n1.Nn1cn[n+](N)c1.Nn1cn[n+](N)c1,-79.10%,-52.70%,76.90%,,,,,250.1,1705,1.59,
,"4H-1,2,4-Triazol-4-amine, compd. with 5,5â?bi-2H-tetrazole (2:1)",,Nn1cn[nH+]c1.Nn1cn[nH+]c1.n1n[n-]c(-c2nnn[n-]2)n1,-88.80%,-57.50%,73.10%,,,,,209.7,948,1.61,
,"1H-Imidazolium, 2-(butylmethylamino)-4,5-dihydro-1,3-dimethyl-, nitrate (1:1)",,CCCC[N+](C)=C1N(C)CCN1C.O=[N+]([O-])[O-],-181.90%,-116.90%,22.70%,,,,,159.7,490,1.2,246
,"1-Propanaminium, N-(1,3-dimethyl-2-imidazolidinylidene)-N-methyl-, nitrate (1:1)",,CCC[N+](C)=C1N(C)CCN1C.O=[N+]([O-])[O-],-172.20%,-110.20%,24.10%,,,,,221.5,267,1.22,272
,"1-(2-Azidoethyl)-4-amino-1,2,4-triazolium 3,5-dinitro-1,2,4- triazolate",,O=[N+]([O-])c1nnc([N+](=O)[O-])[n-]1.[N-]=[N+]=NCC[n+]1cn(N)cn1,-61.50%,-30.70%,53.80%,,,,,204.3,331.7,1.9,204
,"1-Methyl-4-amino-1,2,4-triazolium 3,5-dinitro-1,2,4-triazolate",,C[n+]1cn(N)cn1.O=[N+]([O-])c1nnc([N+](=O)[O-])[n-]1,-59.10%,-28%,49%,,,,,225.1,378.3,1.7,234
,"1H-Imidazolium, 2-(dimethylamino)-4,5-dihydro-1,3-dimethyl-, nitrate (1:1)",,CN1CCN(C)C1=[N+](C)C.O=[N+]([O-])[O-],-148.90%,-94%,27.40%,,,,,174.4,341,1.28,316
,"1-Propanamine, N-(1,3-dimethyl-2-imidazolidinylidene)-, nitrate (1:1)",,CCC[NH+]=C1N(C)CCN1C.O=[N+]([O-])[O-],-161.30%,-102.60%,25.70%,,,,,,1481,1.26,128
,"Methanamine, N-(1,3-dimethyl-2-imidazolidinylidene)-, nitrate (1:1)",,C[NH+]=C1N(C)CCN1C.O=[N+]([O-])[O-],-134.60%,-84.10%,29.40%,,,,,,1914,1.32,130
,"Pyrimidinium, 2-(butylmethylamino)-3,4,5,6-tetrahydro-1,3-dimethyl-, nitrate (1:1)",,CCCC[N+](C)=C1N(C)CCCN1C.O=[N+]([O-])[O-],-190.50%,-122.90%,21.50%,,,,,,1395,1.19,292
,"1H-Imidazolium, 2-(butylmethylamino)-4,5-dihydro-1,3-dimethyl-, nitrate (1:1)",,CCCC/[N+](C)=c1\n(C)cnn1C.O=[N+]([O-])[O-],-159.80%,-101.10%,28.50%,,,,,201.7,85,1.26,211
,"2H-1,3,5-Oxadiazinium, 5,6-dihydro-3,5-dimethyl-4-(methylpropylamino)-, nitrate (1:1)",,CCC[N+](C)=C1N(C)COCN1C.O=[N+]([O-])[O-],-154.70%,-96.70%,22.60%,,,,,263.1,704,1.26,238
,"1-Propanamine, N-(tetrahydro-1,3-dimethyl-2(1H)-pyrimidinylidene)-, nitrate (1:1)",,CCC[NH+]=C1N(C)CCCN1C.O=[N+]([O-])[O-],-172.20%,-110.20%,24.10%,,,,,,2018,1.24,127
,"4H-1,2,4-Triazolium, 5-(dimethylamino)-1,4-dimethyl-, nitrate (1:1)",,Cn1cnn(C)c1=[N+](C)C.O=[N+]([O-])[O-],-122%,-74.80%,34.40%,,,,,194,80,1.36,229
,"Methanamine, N-(2,4-dihydro-2,4-dimethyl-3H-1,2,4-triazol-3-ylidene)-, nitrate (1:1)",,C/N=c1\n(C)cnn1C.O=[N+]([O-])O,-105.70%,-63.40%,37%,,,,,203,8,1.42,222
,"Pyrimidinium, 3,4,5,6-tetrahydro-1,3-dimethyl-2-(methylpropylamino)-, nitrate (1:1)",,CCC[N+](C)=C1N(C)CCCN1C.O=[N+]([O-])[O-],-181.90%,-116.90%,22.70%,,,,,180.4,245,1.21,308
,"1-Propanaminium, N-[bis(dimethylamino)methylene]-N-methyl-, nitrate (1:1)",,CCC[N+](C)=C(N(C)C)N(C)C.O=[N+]([O-])[O-],-177.60%,-116.10%,23.90%,,,,,162.8,509,1.19,265
,"1-Butanaminium, N-[bis(dimethylamino)methylene]-N-methyl-, nitrate (1:1)",,CCCC[N+](C)=C(N(C)C)N(C)C.O=[N+]([O-])[O-],-186.90%,-122.40%,22.60%,,,,,187.5,209,1.17,314
,"4H-1,2,4-Triazolium, 5-(butylmethylamino)-1,4-dimethyl-, salt with nitronitramide (1:1)",,CCCC/[N+](C)=c1\n(C)cnn1C.O=[N+]([O-])[N-][N+](=O)[O-],-130%,-80.20%,33.90%,,,,,207.8,153,,197
,"1-Butanaminium, N-[bis(dimethylamino)methylene]-N-methyl-, salt with N-nitronitramide (1:1)",,CCCC[N+](C)=C(N(C)C)N(C)C.O=[N+]([O-])[N-][N+](=O)[O-],-153.20%,-98.50%,28.70%,,,,,200,71,,196
,"1,1 -Methylenebis(triazolium) Dinitrate",,O=[N+]([O-])[O-].O=[N+]([O-])[O-].c1nn(Cn2c[nH+]cn2)c[nH+]1,-46.30%,-17.40%,40.60%,,,,,,,1.54,
,"5-Methyl-3-azido-1,2,4-triazolium Nitrate",,Cc1[nH]nc(N=[N+]=[N-])[nH+]1.O=[N+]([O-])[O-],-47%,-21.40%,52.40%,,,,,214,156.38,1.68,136
,"1-Methyl-3-azido-1,2,4-triazolium Nitrate",,Cn1c[nH+]c(N=[N+]=[N-])n1.O=[N+]([O-])[O-],-47%,-21.40%,52.40%,,,,,205.9,93.35,1.66,139
266962,"3-Azido- 1,2,4-triazolium Nitrate",,O=[N+]([O-])[O-].[N-]=[N+]=Nc1n[nH]c[nH+]1,-23.10%,-4.60%,56.60%,,,,,242.5,218.65,1.8,174
,"1,1 -Methylenebis(4-methyltriazolium) Dinitrate",,C[n+]1cnn(Cn2c[n+](C)cn2)c1.O=[N+]([O-])[O-].O=[N+]([O-])[O-],-73.60%,-36.80%,36.80%,,,,,,,,
,"1-Ethyl-2,3-dimethyl-5-nitroimidazolium Nitrate",,CC[n+]1c([N+](=O)[O-])cn(C)c1C.O=[N+]([O-])[O-],-103.40%,-55.10%,24.10%,,,,,173.5,537.86,1.47,146
,"Carbonimidic dihydrazide, compd. with N3-nitro-1,2,4,5-tetrazine-3,6-diamine (1:1)",,NNC(=[NH2+])NN.Nc1nnc([N-][N+](=O)[O-])nn1,-58.50%,-39%,68.20%,8258,23.9,,,229,564.2,1.56,147.7
,"Hydrazinecarboximidamide, compd. with N3-nitro-1,2,4,5-tetrazine-3,6-diamine (1:1)",,NNC(N)=[NH2+].Nc1nnc([N-][N+](=O)[O-])nn1,-58.80%,-38.10%,66.60%,8898,28.9,,,220.6,443.2,1.71,205.4
,"Guanidine, N,Nâ²â²â?1,2,4,5-tetrazine-3,6-diylbis-, compd. with N3-nitro-1,2,4,5-tetrazine-3,6-diamine (1:2)",,N[C+](N)Nc1nnc(N[C+](N)N)nn1.Nc1nnc([N-][N+](=O)[O-])nn1.Nc1nnc([N-][N+](=O)[O-])nn1,-59.60%,-34.50%,65.80%,7546,20.9,,,216.2,1088.8,1.56,232.3
,"(6-amino-1,2,4,5-tetrazin-3-yl)(nitro)amide, ammonium",,Nc1nnc([N-][N+](=O)[O-])nn1.[NH4+],-45.90%,-27.60%,64.30%,8448,26.6,,,235.8,370,1.63,174
610552,"Guanidine, compd. with N3-nitro-1,2,4,5-tetrazine-3,6-diamine (1:1)",,NC(N)=[NH2+].Nc1nnc([N-][N+](=O)[O-])nn1,-59.20%,-37%,64.80%,8169,23.3,,,213,340.7,1.62,248.1
,"N,N,Nâ?Nâ?Tetraaminopiperazinium 3-amino-6-nitroamino tetrazine",,N[N+]1(N)CC[N+](N)(N)CC1.Nc1nnc([N-][N+](=O)[O-])nn1.Nc1nnc([N-][N+](=O)[O-])nn1,-76.50%,-48.70%,60.80%,8124,23.1,,,223.7,1034,1.59,190.6
,"Guanizinium 6-amino-3-nitroamino-1,2,4,5-tetrazinate monohydrate",,Nc1n[nH+]c(N)n1N.Nc1nnc([N-][N+](=O)[O-])nn1.O,-58.10%,-36%,62.90%,8323,24.8,40,,232.4,632.98,1.64,209
,"Carbonohydrazonic dihydrazide, compd. with N3-nitro-1,2,4,5-tetrazine-3,6-diamine (1:1)",,NNC(NN)=[NH+]N.Nc1nnc([N-][N+](=O)[O-])nn1,-58.20%,-39.80%,69.70%,8582,26.1,,,235.1,671.5,1.59,163.5
2378052,3-amino-6-nitroamino-tetrazine,,Nc1nnc(N[N+](=O)[O-])nn1,-35.60%,-15.30%,62.40%,,,,,252.6,441,1.82,164
,"N-(6-hydrazineyl-1,2,4,5-tetrazin-3-yl)nitramide",,NNc1nnc(N[N+](=O)[O-])nn1,-37.20%,-18.60%,65.10%,8873,31,8,120,252.6,497.6,1.75,139
,"2,4,6-triamino-1,3,5-triazin-1-ium (6-hydrazineyl-1,2,4,5-tetrazin-3-yl)(nitro)amide",,NNc1nnc([N-][N+](=O)[O-])nn1.Nc1nc(N)[nH+]c(N)n1,-69.70%,-42.90%,65.70%,8597,26.9,6,360,216.4,671.9,1.76,162
,"2,4,6-triamino-1,3,5-triazin-1-ium (6-amino-1,2,4,5-tetrazin-3-yl)(nitro)amide",,Nc1nc(N)[nH+]c(N)n1.Nc1nnc([N-][N+](=O)[O-])nn1,-70.60%,-42.40%,64.30%,7934,22.3,25,360,211.5,584,1.67,252
,"hydrazinium (6-amino-1,2,4,5-tetrazin-3-yl)(nitro)amide",,N[NH3+].Nc1nnc([N-][N+](=O)[O-])nn1,-46.50%,-29.60%,66.60%,8494,26.2,8,240,233.5,397.7,1.62,135
,"hydrazinium (6-hydrazineyl-1,2,4,5-tetrazin-3-yl)(nitro)amide",,NNc1nnc([N-][N+](=O)[O-])nn1.N[NH3+],-47%,-31.30%,68.60%,8046,22.8,7,240,206,205.5,1.6,123
,"ammonium (6-hydrazineyl-1,2,4,5-tetrazin-3-yl)(nitro)amide",,NNc1nnc([N-][N+](=O)[O-])nn1.[NH4+],-46.50%,-29.60%,66.60%,8713,28.6,10,120,250.3,526.3,1.63,174
,2-Azidoimidazolium Nitrate,,O=[N+]([O-])[O-].[N-]=[N+]=Nc1[nH]cc[nH+]1,-46.50%,-18.60%,48.80%,,,,,272.5,529.27,1.73,124
825809,"3,6-bis(4-nitro-1,2,5-oxadiazol-3- yl)-1,4,2,5-dioxadiazene",,O=[N+]([O-])c1nonc1C1=NOC(c2nonc2[N+](=O)[O-])=NO1,-20.50%,10.30%,35.90%,9040,37.7,2.2,116,273.3,606.1,1.87,148
,3-Methyl-1-(2-methyl-2H-tetrazol-5-yl)imidazolium nitrate,,Cn1nnc(-n2cc[n+](C)c2)n1.O=[N+]([O-])[O-],-95.10%,-52.80%,43.10%,,,,,,,1.531,175
,"4-Methyl-1-(2-methyl-2H-tetrazol-5-yl)-1,2,4-triazolium nitrate",,Cn1nnc(-n2c[n+](C)cn2)n1.O=[N+]([O-])[O-],-77.10%,-42.10%,49.10%,,,,,214.7,310.8,1.574,151
,"3,6-Diguanidino-1,2,4,5-tetrazine Dinitrate",,NC(=[NH2+])Nc1nnc(NC(N)=[NH2+])nn1.O=[N+]([O-])[O-].O=[N+]([O-])[O-],-34.80%,-14.90%,52.10%,7310,20.7,,,196.6,255,1.72,226
,3-Methyl-1-(1-methyl-4-nitroimidazol-2-yl)imidazolium nitrate,,Cn1cc([N+](=O)[O-])nc1-n1cc[n+](C)c1.O=[N+]([O-])[O-],-94.70%,-47.40%,31.10%,,,,,,,1.574,190
,"Hexamethylenetetrammonium 4,5-Dinitroimidazolate",,C1N2CN3CN1C[NH+](C2)C3.O=[N+]([O-])c1nc[n-]c1[N+](=O)[O-],-112.70%,-64.40%,37.60%,,,,,,,1.41,183
,"Hexamethylenetetrammonium 3,5-Dinitropyrazolate",,C1N2CN3CN1C[NH+](C2)C3.O=[N+]([O-])c1cc([N+](=O)[O-])[n-]n1,-112.70%,-64.40%,37.60%,,,,,,,1.56,184
,Hexamethylenetetrammonium 5-Nitrotetrazolate,,C1N2CN3CN1C[NH+](C2)C3.O=[N+]([O-])c1nnn[n-]1,-116%,-72.10%,49.40%,,,,,206.9,435.3,1.48,169
,"4-Hydro-1-(2-methyl-2H-tetrazol-5-yl)-1,2,4-triazolium nitrate",,Cn1nnc(-n2c[nH+]cn2)n1.O=[N+]([O-])[O-],-59.80%,-29.90%,52.30%,,,,,223.4,341.8,1.644,166
,"4-Methyl-1-(1-methyl-4-nitroimidazol-2-yl)-1,2,4-triazolium nitrate",,Cn1cc([N+](=O)[O-])nc1-n1c[n+](C)cn1.O=[N+]([O-])[O-],-79.60%,-38.30%,36.10%,,,,,,,1.612,145
,"Hexamethylenetetrammonium 3,5-Dinitro-1,2,4-triazolate",,C1N2CN3CN1C[NH+](C2)C3.O=[N+]([O-])c1n[n-]c([N+](=O)[O-])n1,-98.90%,-56.10%,42.10%,,,,,205.2,268.7,1.72,182
,"4-Hydro-1-(1-methyl-4-nitroimidazol-2-yl)-1,2,4-triazolium nitrate",,Cn1cc([N+](=O)[O-])nc1-n1c[nH+]cn1.O=[N+]([O-])[O-],-65.30%,-28%,38.10%,,,,,219.9,209.9,1.676,165
,N-Methylhexamethylenetetrammonium Nitrate,,C[N+]12CN3CN(CN(C3)C1)C2.O=[N+]([O-])[O-],-136.30%,-84.70%,32.20%,,,,,196.4,30.6,1.42,196
294742,"N-Methylhexamethylenetetrammonium 3,5-Dinitro-1,2,4-triazolate",,C[N+]12CN3CN(CN(C3)C1)C2.O=[N+]([O-])c1n[n-]c([N+](=O)[O-])n1,-109.80%,-63.80%,40.20%,,,,,201.9,250.7,1.45,202
,Guanidinium TNI,,NC(N)[NH3+].O=[N+]([O-])c1nc([N+](=O)[O-])c([N+](=O)[O-])[n-]1,-36.30%,-12.10%,42.40%,7835,25,,,226.6,50.8,1.7,240.7
617713,"3,6-Diguanidino-1,2,4,5-tetrazine di-TNI",,N[C+](N)Nc1nnc(N[C+](N)N)nn1.O=[N+]([O-])c1nc([N+](=O)[O-])c([N+](=O)[O-])[n-]1.O=[N+]([O-])c1nc([N+](=O)[O-])c([N+](=O)[O-])[n-]1,-34.50%,-8%,46.50%,7979,26.2,,,220.2,266.7,1.76,270.2
,Aminoguanidinium TNI,,N[NH2+]C(N)N.O=[N+]([O-])c1nc([N+](=O)[O-])c([N+](=O)[O-])[n-]1,-37.30%,-14.30%,45.10%,8197,28.2,,,232.4,44,1.75,253.4
,Dimethyl ammonium TNI,,Nn1cn[nH+]c1.O=[N+]([O-])c1nc([N+](=O)[O-])c([N+](=O)[O-])[n-]1,-36.20%,-8.40%,43.90%,8450,31.5,,,241.3,310.4,1.85,238.9
,Guanizinium trinitroimdazolate,,Nc1n[nH+]c(N)n1N.O=[N+]([O-])c1nc([N+](=O)[O-])c([N+](=O)[O-])[n-]1,-37.80%,-12.60%,48.60%,8055,25.8,,,225.8,229.15,1.71,242
,"3,6-Dihydrazino-s-tetrazine di-TNI",,O=[N+]([O-])c1nc([N+](=O)[O-])c([N+](=O)[O-])[n-]1.O=[N+]([O-])c1nc([N+](=O)[O-])c([N+](=O)[O-])[n-]1.[NH3+]Nc1nnc(N[NH3+])nn1,-23.30%,0%,46%,8695,34.1,,,254.8,615.8,1.86,198.1
,"1,4-Bis(cyanomethyl)-1,2,4-triazolium Nitrate",,N#CCn1c[n+](CC#N)cn1.O=[N+]([O-])[O-],-91.40%,-45.70%,40%,,,,,218.6,359,1.53,135
,"1,4-Bis(cyanomethyl)-1,2,4-triazolium Dinitramide",,N#CCn1c[n+](CC#N)cn1.O=[N+]([O-])[N-][N+](=O)[O-],-69.20%,-31.50%,44.10%,7.44,21.38,,,235.5,526,1.57,141
127763,octanitrocubane,ONC,O=[N+]([O-])C12C3([N+](=O)[O-])C4([N+](=O)[O-])C1([N+](=O)[O-])C1([N+](=O)[O-])C2([N+](=O)[O-])C3([N+](=O)[O-])C41[N+](=O)[O-],0%,27.60%,24.10%,9350,39,,,268.8,594,1.979,
,"4-Cyanomethyl-1-methyl-1,2,4-triazolium Dinitramide",,Cn1c[n+](CC#N)cn1.O=[N+]([O-])[N-][N+](=O)[O-],-66.30%,-31.40%,42.80%,7.51,21.53,,,231,336,1.55,143
,"4-Cyanomethyl-1-methyl-1,2,4-triazolium Nitrate",,Cn1c[n+](CC#N)cn1.O=[N+]([O-])[O-],-90.70%,-47.50%,37.80%,,,,,212,167,1.51,152
617714,Dimethyl ammonium TNI,,C[NH2+]C.O=[N+]([O-])c1nc([N+](=O)[O-])c([N+](=O)[O-])[n-]1,-51.60%,-19.30%,33.80%,7691,23.8,,,222,54.3,1.7,
,"4-Amino-1-cyanomethyl-1,2,4-triazolium Dinitramide",,N#CCn1c[n+](N)cn1.O=[N+]([O-])[N-][N+](=O)[O-],-48.70%,-20.90%,48.70%,7.85,24.82,,,244.5,438,1.64,180
,3-Allyl-1-vinylimidazolium Nitrate,,C=CC[n+]1ccn(C=C)c1.O=[N+]([O-])[O-],-150.10%,-85.20%,21.30%,,,,,191.9,26,1.39,85
,3-Methyl-1-vinylimidazolium Nitrate,,C=Cn1cc[n+](C)c1.O=[N+]([O-])[O-],-126.20%,-70.10%,24.50%,,,,,193.2,56,1.41,155
,3-Cyanomethyl-1-vinylimidazolium Nitrate,,C=Cn1cc[n+](CC#N)c1.O=[N+]([O-])[O-],-122.30%,-65.30%,28.50%,,,,,200.7,156,1.44,161
,3-Cyanomethyl-1-vinylimidazolium Dinitramide,,C=Cn1cc[n+](CC#N)c1.O=[N+]([O-])[N-][N+](=O)[O-],-93.30%,-46.60%,35%,6.97,17.28,,,219.9,323,1.5,153
,3-Allyl-1-vinylimidazolium Dinitramide,,C=CC[n+]1ccn(C=C)c1.O=[N+]([O-])[N-][N+](=O)[O-],-116.10%,-63%,29%,,,,,209.6,191,1.45,127
,1-Methyl-3-propargylimidazolium Nitrate,,C#CCn1cc[n+](C)c1.O=[N+]([O-])[O-],-135.40%,-74.20%,22.90%,,,,,202.1,104,1.38,180
,3-Methyl-1-vinylimidazolium Dinitramide,,C=Cn1cc[n+](C)c1.O=[N+]([O-])[N-][N+](=O)[O-],-93%,-48.30%,32.50%,,,,,213.1,113,1.47,145
,"4-Cyanomethyl-1-propargyl-1,2,4-triazolium Dinotramide",,C#CC[n+]1cn(CC#N)cn1.O=[N+]([O-])[N-][N+](=O)[O-],-85.30%,-41.10%,38.70%,7.13,18.87,,,238.6,581,1.5,136
698091,Triaminoguanidinium 5-nitrotetrazole,TAGNT,NN[C+](NN)NN.O=[N+]([O-])c1nnn[n-]1,-47.50%,-32.90%,70.30%,,,,,223.2,393,1.58,
,"3-nitro- 1,2,4-triazol-5-one",NTO,O=C1N=NC([N+](=O)[O-])=N1,-12.50%,12.50%,43.70%,8558,31.1,,,176.7,237.8,1.92,
,"1-Methyl-4-propargyl-1,2,4-triazolium Nitrate",,C#CCn1cn[n+](C)c1.O=[N+]([O-])[O-],-112.90%,-60.80%,30.40%,,,,,215,205,1.42,176
,"Diaminoguanidinium 3,5-dinitro-1.2.4-triazole",DAGDNT,NN[C+](N)NN.O=[N+]([O-])c1n[n-]c([N+](=O)[O-])n1,-38.70%,-19.30%,56.40%,,,,,190.6,144,1.68,
,"1-Methyl-4-propargyl-1,2,4-triazolium Dinitramide",,C#CCn1cn[n+](C)c1.O=[N+]([O-])[N-][N+](=O)[O-],-84.10%,-42.10%,36.80%,7.16,18.72,,,233,372,1.48,121
,"4-Cyanomethyl-1-propargyl-1,2,4-triazolium Nitrate",,C#CC[n+]1cn(CC#N)cn1.O=[N+]([O-])[O-],-110.90%,-57.40%,33.50%,,,,,222.9,415,1.45,134
,diaminoguanidinium 5-dinitromethyltetrazolate,,NN[C+](N)N.NN[C+](N)N.O=[N+]([O-])[C-](c1nnn[n-]1)[N+](=O)[O-],-54.60%,-34.80%,60.80%,8312,24.4,,,212.9,303.1,1.61,152.6
1015892,2-(1-methylethylidene)-hydrazinecarboximid-amidinium 5-dinitromethyl-1H-tetrazolate,,CC(C)=NN[C+](N)N.O=[N+]([O-])[C-](c1nnn[nH]1)[N+](=O)[O-],-77.70%,-44.40%,48.60%,,,6,192,,,,
,Aminoguanidinium 5-dinitromethyltetrazolate,,NN[C+](N)N.O=[N+]([O-])[C-](c1nnn[nH]1)[N+](=O)[O-],-38.70%,-19.30%,56.40%,8253,26.3,,,230.7,255.4,1.66,161.1
,Nitroguanidinium 5-dinitromethyl-1H-tetrazolate,,N[C+](N)N[N+](=O)[O-].O=[N+]([O-])[C-](c1nnn[nH]1)[N+](=O)[O-],-17.30%,0%,50.30%,,,3,60,,,,
1015893,Triaminoguanidinium 5-dinitromethyl-1H-tetrazolate,,NN[C+](NN)NN.O=[N+]([O-])[C-](c1nnn[nH]1)[N+](=O)[O-],-40.30%,-23%,60.40%,8820,31.5,10,144,243.6,479,1.74,
646498,"4-Amino-1,2,4-triazolium monoanionic 5-dinitromethyl- tetrazolate",,Nn1cn[nH+]c1.O=[N+]([O-])[C-](c1nnn[nH]1)[N+](=O)[O-],-43.40%,-18.60%,54.20%,8414,29.4,,,240.9,521.9,1.76,193.4
,carbohydrazidium 5-dinitromethyltetrazolate,,NNC(=O)N[NH3+].O=[N+]([O-])[C-](c1nnn[nH]1)[N+](=O)[O-],-30.30%,-12.10%,53%,9188,37.7,,,246.3,244.2,1.87,178.9
,di-1-methylimidazolium 5-dinitromethyltetrazolate salt,,Cn1cc[nH+]c1.Cn1cc[nH+]c1.O=[N+]([O-])[C-](c1nnn[n-]1)[N+](=O)[O-],-108.80%,-61.50%,41.40%,6959,19.7,,,191.9,355.3,1.6,115.7
,dicarbohydrazidium 5-dinitromethyltetrazolate,,NNC(=O)N[NH3+].NNC(=O)N[NH3+].O=[N+]([O-])[C-](c1nnn[n-]1)[N+](=O)[O-],-40.60%,-22.60%,55.30%,8319,26.2,,,237.7,336.7,1.62,165.8
,"3-Amino-1,2,4-triazolium monoanionic 5-dinitromethyl- tetrazolate",,Nc1n[nH]c[nH+]1.O=[N+]([O-])[C-](c1nnn[nH]1)[N+](=O)[O-],-43.40%,-18.60%,54.20%,8787,33.1,,,226.9,384.9,1.86,84.5
646499,1-Methylimidazolium 5-dinitromethyltetrazolate,,Cn1cc[nH+]c1.O=[N+]([O-])[C-](c1nnn[nH]1)[N+](=O)[O-],-74.90%,-37.50%,43.70%,7436,21.2,,,209,271.7,1.67,104.5
,"1,2,4-Triazolium 5-dinitromethyltetrazolate",,O=[N+]([O-])[C-](c1nnn[nH]1)[N+](=O)[O-].c1n[nH]c[nH+]1,-42.80%,-16.50%,51.80%,8580,31.7,,,233.3,407.3,1.84,127.8
1566330,LLM-200,LLM-200,O=[N+]([O-])c1nonc1-c1noc(-c2nnc(-c3nonc3[N+](=O)[O-])o2)n1,-35.20%,0%,38.40%,,,,,264.9,891,1.942,295
1566333,LLM-201,,Nc1nc(-c2nonc2[N+](=O)[O-])no1,-40.40%,-8.10%,42.40%,,,,,223.3,190,1.76,289
1566329,LLM-191,,O=[N+]([O-])c1nonc1-c1noc(-c2nonc2[N+](=O)[O-])n1,-27%,5.40%,37.80%,8850,36,,,273.1,687,1.91,153.9
,"3-Amino-1,2,4-triazolium 3,5-Dinitro-1,2,4-triazolate",,Nc1[nH]cn[nH+]1.O=[N+]([O-])c1nnc([N+](=O)[O-])[n-]1,-42.80%,-16.50%,51.80%,7945,25.2,,,219,274.1,1.72,180
,"1-Amino-1,2,4-triazolium 3,5-Dinitro-1,2,4-triazolate",,Nn1c[nH+]cn1.O=[N+]([O-])c1nnc([N+](=O)[O-])[n-]1,-42.80%,-16.50%,51.80%,8054,26.5,,,233.7,406.2,1.72,201
,"3-Amino-1,2,4-triazolium 5-Nitro-tetrazolate",,Nc1[nH]cn[nH+]1.O=[N+]([O-])c1nnn[n-]1,-52.20%,-28.10%,63.30%,7865,22.6,,,219.2,409.2,1.63,197
,"4-Amino-1,2,4-triazolium 3,5-Dinitro-1,2,4-triazolate",,Nn1cn[nH+]c1.O=[N+]([O-])c1nnc([N+](=O)[O-])[n-]1,-42.80%,-16.50%,51.80%,7930,25.4,,,234,408.2,1.69,176
,"3-((1H-tetrazol-5-yl)methyl)-4,5-diamino-4H-1,2,4-triazol-1-ium 3,5-dinitro-1,2,4-triazol-4-ide",,Nc1[nH+]nc(Cc2nnn[nH]2)n1N.O=[N+]([O-])c1nnc([N+](=O)[O-])[n-]1,-56.40%,-28.20%,57.60%,7831,22.5,40,360,209.1,475.6,1.67,201.8
,"3-Amino-1,2,4-triazolium 4,5-Dinitro-imidazolate",,Nc1[nH]cn[nH+]1.O=[N+]([O-])c1nc[n-]c1[N+](=O)[O-],-59.50%,-26.40%,46.30%,7539,21.7,,,208.8,213.9,1.69,163
981777,"4-Amino-1,2,4â?H-triazolium 3,4,5-trinitropyrazolate",,Nn1cn[nH+]c1.O=[N+]([O-])c1n[n-]c([N+](=O)[O-])c1[N+](=O)[O-],-36.20%,-8.40%,43.90%,8543,31.89,40,,269.6,401.2,1.77,168
,"4-Amino-1,2,4-triazolium 3,5-Dinitro-pyrazolate",,Nn1cn[nH+]c1.O=[N+]([O-])c1cc([N+](=O)[O-])[n-]n1,-59.50%,-26.40%,46.30%,7519,23.5,,,228.7,404.8,1.64,212
,"4-Amino-1,2,4-1H-triazolium 4-amino-3,5-dinitropyrazolate",,Nc1c([N+](=O)[O-])n[n-]c1[N+](=O)[O-].Nn1cn[nH+]c1,-59.10%,-28%,49%,8123,25.77,60,,228.2,411.1,1.73,223
2240955,"4,5-diamino-4H-1,2,4-triazol-1-ium 3,4,5-trinitropyrazol-1-ide",,Nc1[nH+]ncn1N.O=[N+]([O-])c1n[n-]c([N+](=O)[O-])c1[N+](=O)[O-],-37.10%,-10.60%,46.30%,8837,33.8,40,324,286.9,958,1.74,204
,"4-amino-5-hydrazineyl-4H-1,2,4-triazol-1-ium 3,4,5-trinitropyrazol-1-ide",,NNc1[nH+]ncn1N.O=[N+]([O-])c1n[n-]c([N+](=O)[O-])c1[N+](=O)[O-],-37.80%,-12.60%,48.60%,8777,32.5,40,324,273.5,834,1.75,187
1524818,"1,1â?(Ethane-5-yl)bis(3,4-diamino-1,2,4-triazolium) di(3,4,5- trinitropyrazolate)",,Nc1[nH+]nc(C=Cc2n[nH+]c(N)n2N)n1N.O=[N+]([O-])c1n[n-]c([N+](=O)[O-])c1[N+](=O)[O-].O=[N+]([O-])c1n[n-]c([N+](=O)[O-])c1[N+](=O)[O-],-45.80%,-15.30%,44.60%,8302,27.9,7.5,240,239.9,998.2,1.72,227
,"4-Amino-triazolium 4-nitramino-3,5-dinitropyrazolate",,Nn1cn[nH+]c1.Nn1cn[nH+]c1.O=[N+]([O-])[N-]c1c([N+](=O)[O-])n[n-]c1[N+](=O)[O-],-53.90%,-24.90%,50.70%,8452,29.65,40,,238.2,762.9,1.74,118
,5-Amino-tetrazolium 5-nitro-tetrazolate,,Nc1[nH]nn[nH+]1.O=[N+]([O-])c1nnn[n-]1,-32%,-16%,70%,8843,31.4,,,246,571.4,1.75,163
,"3-Azido-1,2,4-triazolium 5-Nitroimino-tetrazolate",,O=[N+]([O-])/N=c1/nn[n-][nH]1.[N-]=[N+]=Nc1n[nH+]c[nH]1,-40%,-20%,70%,8230,25.9,,,233.5,694.2,1.68,135
,"4-Amino-1,2,4-triazolium 5-Nitroimino-tetrazolate",,Nn1cn[nH+]c1.O=[N+]([O-])/N=c1/nn[n-][nH]1,-52.30%,-29.90%,65.40%,8506,27,,,218.9,440.6,1.72,184
,"4-amino- 1,2,4-triazolium 5-nitro-tetrazolate",,N[n+]1cn[nH]c1.O=C([O-])C1([N+](=O)[O-])N=NN=N1,-42.80%,-16.50%,51.80%,7792,23.1,,,233.7,545.2,1.58,190
,"1,2,4-Triazolium 5-Nitroimino-tetrazolate",,O=[N+]([O-])/N=c1/nn[n-][nH]1.c1n[nH]c[nH+]1,-52.20%,-28.10%,63.30%,8334,26,,,208.7,328,1.74,177
,5-Amino-tetrazolium 5-Nitroimino-tetrazolate,,Nc1[nH]nn[nH+]1.O=[N+]([O-])/N=c1\nn[n-][nH]1,-33.50%,-18.60%,71.60%,8276,25.5,,,229,487.5,1.63,165
630748,"1-Propyl-1,2,4-triazolium 5-Nitroimino-tetrazolate",,CCCn1c[nH+]cn1.O=[N+]([O-])/N=c1/nn[n-][nH]1,-102.80%,-63%,52.20%,,,,,,,1.48,122
,"4,5-bis(4,5-diamine-1,2,4-triazole-1-ium-3-yl) â?1,2,3-triazole-2-  ide 5-nitroaminotetrazolate",,Nc1[nH+]nc(-c2n[n-]nc2-c2n[nH+]c(N)n2N)n1N.O=[N+]([O-])[N-]c1nnn[nH]1,-71.20%,-42.70%,67.60%,8545,26.4,40,360,223.8,1141.92,1.75,250
,"N,N'-(5-((1H-tetrazol-5-yl)amino)-2,4,6-trioxo-1,3,5-triazinane-1,3-diyl)bis(N-(1H-tetrazol-5-yl)nitramide)",,O=c1n(Nc2nnn[nH]2)c(=O)n(N(c2nnn[nH]2)[N+](=O)[O-])c(=O)n1N(c1nnn[nH]1)[N+](=O)[O-],-23.90%,-3.40%,59.80%,8660,30,30,360,252.5,1131.91,1.85,279
1319148,5-nitro-amino-tetrazole,,O=[N+]([O-])Nc1nnn[nH]1,-12.30%,0%,64.60%,10358,48.5,,,257.6,252.3,2.06,
,"1-Methyl-4-amino-1,2,4-triazolium nitrodicyanomethanide",,Cn1c[n+](N)cn1.N#C[C-](C#N)[N+](=O)[O-],-103.30%,-57.40%,46.90%,,,,,213,440.4,1.46,238
,"1,4-Dimethyltriazolium nitrodicyanomethanide",,Cn1c[n+](C)cn1.N#C[C-](C#N)[N+](=O)[O-],-123%,-69.20%,40.30%,,,,,196.4,307.3,1.39,237
,"1-(3-Methylimidazolium-1-yl)methylene-(4-methyl-1,2,4-triazolium) Di(nitrodicyanomethanide)",,Cn1cc[n+](Cn2c[n+](C)cn2)c1.N#C[C-](C#N)[N+](=O)[O-].N#C[C-](C#N)[N+](=O)[O-],-122.20%,-66.10%,38.60%,6063,11.1,,,170,385.4,1.43,220
,"1,3-Dimethylimidazolium nitrodicyanomethanide",,Cn1cc[n+](C)c1.N#C[C-](C#N)[N+](=O)[O-],-142.90%,-81.10%,33.80%,,,,,184.9,209.2,1.31,327
,"1,4-Dimethyltriazolium dinitrocyanomethanide",,Cn1c[n+](C)cn1.N#C[C-]([N+](=O)[O-])[N+](=O)[O-],-84.10%,-42.10%,36.80%,,,,,210.4,150.1,1.49,206
,"1-(3-Methylimidazolium-1-yl)methylene-(4-methyl-1,2,4-triazolium) Di(dinitrocyanomethanide)",,Cn1cc[n+](Cn2c[n+](C)cn2)c1.N#C[C-]([N+](=O)[O-])[N+](=O)[O-].N#C[C-]([N+](=O)[O-])[N+](=O)[O-],-81.90%,-38.20%,35.10%,6898,16.7,,,194,105.1,1.54,167
,"1-Methyl-4-amino-1,2,4-triazolium dinitrocyanomethanide",,Cn1c[n+](N)cn1.N#C[C-]([N+](=O)[O-])[N+](=O)[O-],-66.30%,-31.40%,42.80%,,,,,225.5,283.7,1.56,221
,"1,3-Dimethylimidazolium dinitrocyanomethanide",,Cn1cc[n+](C)c1.N#C[C-]([N+](=O)[O-])[N+](=O)[O-],-102.10%,-52.80%,30.80%,,,,,199.5,46.5,1.47,267
,"1,4-Dimethyltriazolium nitrate",,Cn1c[n+](C)cn1.O=[N+]([O-])[O-],-89.90%,-50%,35%,,,,,201.8,66,1.38,197
,"1,3-Dimethylimidazolium nitrate",,Cn1cc[n+](C)c1.O=[N+]([O-])[O-],-115.60%,-65.30%,26.40%,,,,,189.3,169.6,1.36,283
,"1-(Methylimidazolium-1-yl)methylene-(1,2,4-triazolium) Dinitrate",,Cn1cc[n+](Cn2c[nH+]cn2)c1.O=[N+]([O-])[O-].O=[N+]([O-])[O-],-74.70%,-36%,33.90%,7725,23.6,,,237,377.2,1.59,245
650089,Melaminium nitroformate (MNF),MNF,Nc1nc(N)[nH+]c(N)n1.O=[N+]([O-])[C-]([N+](=O)[O-])[N+](=O)[O-],-31.80%,-8.70%,45.50%,8693,32.9,30,240,226.9,15.4,1.914,143
650091,"Hydrazinium nitroformate (HNF), N2H5C(NO2)3",HNF,N[NH3+].O=[N+]([O-])[C-]([N+](=O)[O-])[N+](=O)[O-],13.10%,21.80%,38.20%,9286,38,15,25,261.2,3.35,1.938,
,5-Hydrazinotetrazolium nitroformate,,O=[N+]([O-])[C-]([N+](=O)[O-])[N+](=O)[O-].[NH3+]Nc1nnn[nH]1,-3.20%,9.60%,50.20%,9206,39.2,,,280.4,419.4,1.82,179.6
650090,"Ammonium nitroformate (ANF), NH4C(NO2)3",ANF,O=[N+]([O-])[C-]([N+](=O)[O-])[N+](=O)[O-].[NH4+],19%,28.60%,33.30%,8532,31.2,3,96,237.9,150.27,1.91,116
1505420,"1,3-Bis(5-amino-1H-tetrazol-1-yl)propan-2-ol nitrate",,Nc1[nH+]nnn1CC(O)Cn1nn[nH+]c1N.O=[N+]([O-])[O-].O=[N+]([O-])[O-],-40.90%,-18.20%,47.70%,8213,25,25,288,208,172,1.66,180
766629,1-(2-Nitratoethyl)-5-aminotetrazolium nitrate,,Nc1[nH+]nnn1CCO[N+](=O)[O-].O=[N+]([O-])[O-],-23.60%,-3.40%,41.30%,8551,31.6,10,160,261.7,78,1.725,137
,"1-(Imidazolium-1-yl)methylene-(1,2,4-triazolium) Dinitrate",,O=[N+]([O-])[O-].O=[N+]([O-])[O-].c1c[n+](Cn2c[nH+]cn2)c[nH]1,-61.10%,-26.20%,35.60%,7609,24.8,,,243,365.6,1.63,167
650093,"Triaminoguanidinium nitroformate (TAGNF), C1H9N6C(NO2)3",TAGNF,NNC(NN)=[NH+]N.O=[N+]([O-])[C-]([N+](=O)[O-])[N+](=O)[O-],-15.70%,-3.10%,49.40%,8982,33,2,20,278,247.38,1.689,105
650092,"Guanidinium nitroformate (GNFH), C1H6N3C(NO2)3Â·H2O",GNFH,NC(N)=[NH2+].O.O=[N+]([O-])[C-]([N+](=O)[O-])[N+](=O)[O-],-7%,7%,36.80%,8558,29,30,360,271.7,147.76,1.695,113
650095,"Diaminoguanidinium nitroformate (DAGNF), C1H8N5C(NO2)3",DAGNF,NN/C(N)=[NH+]/N.O=[N+]([O-])[C-]([N+](=O)[O-])[N+](=O)[O-],-13.30%,0%,46.60%,8846,31.7,5,32,269.8,81.21,1.702,82
650094,"Aminoguanidinium nitroformate (AGNF), C1H7N4C(NO2)3",AGNF,N[NH+]=C(N)N.O=[N+]([O-])[C-]([N+](=O)[O-])[N+](=O)[O-],-10.70%,3.60%,43.50%,8877,32.8,10,144,264.5,39.77,1.766,71
,Imidizolium Nitroformate,,O=[N+]([O-])[C-]([N+](=O)[O-])[N+](=O)[O-].c1c[nH+]c[nH]1,-32.90%,-3.70%,31.90%,7977,27.5,,,240.5,81.8,1.77,104
,2-Methylimidazolium Nitroformate,,Cc1[nH]cc[nH+]1.O=[N+]([O-])[C-]([N+](=O)[O-])[N+](=O)[O-],-51.50%,-17.20%,30%,7117,19.6,,,218.9,120.1,1.53,98
,Guanidinium Nitroformate,,N[C+](N)N.O=[N+]([O-])[C-]([N+](=O)[O-])[N+](=O)[O-],-7.60%,7.60%,40%,8984,32.4,,,251.5,233.7,1.79,126
628776,"3,6-Diguanidino-1,2,4,5-tetrazinium Nitroformate",,N[C+](N)Nc1nnc(N[C+](N)N)nn1.O=[N+]([O-])[C-]([N+](=O)[O-])[N+](=O)[O-].O=[N+]([O-])[C-]([N+](=O)[O-])[N+](=O)[O-],-16.10%,3.20%,45%,8660,31,,,256.6,207.6,1.79,100
,N-Guanylurea Nitroformate,,NC(=O)N[C+](N)N.O=[N+]([O-])[C-]([N+](=O)[O-])[N+](=O)[O-],-15.80%,3.20%,38.70%,8174,26,,,228.5,421.9,1.74,153
,Aminoguanidinium Nitroformate,,NN[C+](N)N.O=[N+]([O-])[C-]([N+](=O)[O-])[N+](=O)[O-],-10.70%,3.60%,43.50%,9145,33.9,,,257,124.5,1.8,107
,"3-Amino-1,2,4-triazolium Nitroformate",,Nc1n[nH]c[nH+]1.O=[N+]([O-])[C-]([N+](=O)[O-])[N+](=O)[O-],-17%,3.40%,41.70%,8365,28.6,,,255.2,24.4,1.74,74
,"1,2,4-Triazolium Nitroformate",,O=[N+]([O-])[C-]([N+](=O)[O-])[N+](=O)[O-].c1n[nH+]c[nH]1,-14.50%,7.30%,38.20%,8261,28.3,,,262.3,47.6,1.7,90
,1- Methylimidazolium Nitroformate,,Cn1cc[nH+]c1.O=[N+]([O-])[C-]([N+](=O)[O-])[N+](=O)[O-],-51.50%,-17.20%,30%,7399,22.1,,,222.1,91.7,1.6,83
,Pyrazolium Nitroformate,,O=[N+]([O-])[C-]([N+](=O)[O-])[N+](=O)[O-].c1c[nH][nH+]c1,-32.90%,-3.70%,31.90%,7582,23.9,,,253.9,40.5,1.63,86
650177,methylguanazinium nitrate,,C[n+]1nc(N)n(N)c1N.O=[N+]([O-])[O-],-62.80%,-37.70%,51.30%,8270,25.8,40,360,,64.23,1.667,261
650725,methylguanazinium 5-nitrotetrazolate monohydrate,,C[n+]1nc(N)n(N)c1N.O.O=[N+]([O-])c1nnn[n-]1,-64.30%,-39.80%,59%,8330,25.6,40,360,,518.82,1.584,196
650178,methylguanazinium dinitramide,,C[n+]1nc(N)n(N)c1N.O=[N+]([O-])[N-][N+](=O)[O-],-44.20%,-23.80%,53.60%,8383,27.7,20,360,,276.31,1.657,160
,"Urea, N,Nâ?dinitro-, compd. with 4H-1,2,4-triazole-3,4,5-triamine (1:1)",,Nc1n[nH+]c(N)[nH]1.O=C([N-][N+](=O)[O-])N[N+](=O)[O-],-28.90%,-9.60%,50.60%,8881,35.1,,,234.2,70.25,1.85,
654505,"Urea,N,Nâ?dinitro-, compd. with 1H-1,2,4-triazole (1:1)",,O=C([N-][N+](=O)[O-])N[N+](=O)[O-].c1n[nH+]c[nH]1,-25.60%,-3.70%,44.70%,8648,33.8,,,251.1,127.6,1.83,
,"Urea,N,Nâ?dinitro-, compd. with 1H-1,2,4-triazol-5-amine (1:1)",,Nc1n[nH+]c[nH]1.O=C([N-][N+](=O)[O-])N[N+](=O)[O-],-27.30%,-6.80%,47.80%,8568,32.2,,,242.7,101.17,1.8,
,"Urea, N,Nâ?dinitro-, compd. with N,Nâ²â²â?1,2,4,5-tetrazine-3,6-diylbis[guanidine] (2:1)",,NC(=[NH2+])Nc1nnc(NC(N)=[NH2+])nn1.O=C([N-][N+](=O)[O-])N[N+](=O)[O-].O=C([N-][N+](=O)[O-])N[N+](=O)[O-],-25.80%,-6.40%,50.80%,8244,28.2,,,232,108.15,1.73,
,"Urea, N,Nâ?dinitro-, compd. with 1H-imidazole (1:1)",,O=C([N-][N+](=O)[O-])N[N+](=O)[O-].c1c[nH+]c[nH]1,-44%,-14.70%,38.50%,7681,23.8,,,227.1,21.71,1.68,
,"Urea, N,Nâ?dinitro-, compd. with 4H-1,2,4-triazole-3,4,5-triamine (1:1)",,Nc1n[nH+]c(N)n1N.O=C([N-][N+](=O)[O-])N[N+](=O)[O-],-30.30%,-12.10%,53%,8609,31,,,242.1,198.24,1.75,
,"Urea,N,Nâ?dinitro-, compd. with 4H-1,2,4-triazol-4-amine (1:1)",,Nn1cn[nH+]c1.O=C([N-][N+](=O)[O-])N[N+](=O)[O-],-27.30%,-6.80%,47.80%,8905,36.4,,,256.9,240.16,1.86,
,"Urea, N,Nâ?dinitro-, compd. with guanidine (1:1)",,NC(N)=[NH2+].O=C([N-][N+](=O)[O-])N[N+](=O)[O-],-19.10%,-3.80%,46.90%,8240,26.2,,,239.4,145.02,1.67,
654504,"N,Nâ?Dinitrourea",DNU,O=C(N[N+](=O)[O-])N[N+](=O)[O-],21.30%,32%,37.30%,8861,36.1,,,226.2,58.8,1.98,
,"Bis(5-amino-1,4-dimethyltetrazolium) N,N0-Dinitrourea Bia- nionic Salt",,Cn1nn[n+](C)c1N.Cn1nn[n+](C)c1N.O=C([N-][N+](=O)[O-])[N-][N+](=O)[O-],-72.30%,-42.50%,52.10%,7673,21.9,,,229.4,647,1.55,125
,"Bis(guanidinium) N,N0-Dinitrourea Dianionic Salt",,NC(N)=[NH2+].NC(N)=[NH2+].O=C([N-][N+](=O)[O-])[N-][N+](=O)[O-],-41.80%,-23.90%,52.20%,8457,25.8,,,206,208,1.56,134
,"Urea, N,Nâ?dinitro-, ammonium salt (1:2)",,O=C([N-][N+](=O)[O-])[N-][N+](=O)[O-].[NH4+].[NH4+],-8.70%,0%,45.60%,9016,31.1,,,247.2,293.31,1.7,
,"Urea, N,Nâ?dinitro-, ammonium salt (1:1)",,O=C([N-][N+](=O)[O-])N[N+](=O)[O-].[NH4+],4.80%,14.40%,41.90%,9051,32.3,,,258.3,110.16,1.75,
,"Urea, N,Nâ?dinitro-, compd. with 1,2-ethanediamine (2:1)",,O=C([N-][N+](=O)[O-])N[N+](=O)[O-].O=C([N-][N+](=O)[O-])N[N+](=O)[O-].[NH3+]CC[NH3+],-17.80%,0%,38.90%,8507,28.85,,,253.3,280.53,1.73,
2210968,"Hydrazinecarboximidamide, compd. with N,Nâ?dinitrourea (1:1)",,NNC(N)=[NH2+].O=C([N-][N+](=O)[O-])N[N+](=O)[O-],-21.40%,-7.10%,50%,8676,29.8,,,245,44.39,1.73,
,"Urea, N,Nâ?dinitro-, compd. with 1,3,5,7-tetraazatricyclo[3.3.1.1  3,7]decane (1:1)",,C1N2CN3CN1C[NH+](C2)C3.O=C([N-][N+](=O)[O-])N[N+](=O)[O-],-88.20%,-49.60%,38.60%,7715,21.3,,,213.8,138.29,1.65,
,"Bis(1,5-diamino-4(3)-methyltetrazolium) N,N -Dinitrourea Bianionic Salt 3 0.5 H2O",,CCn1nn[n+](C)c1N.CCn1nn[n+](C)c1N.O=C([N-][N+](=O)[O-])[N-][N+](=O)[O-],-91%,-55.40%,48.50%,7847,21,,,232.1,802,1.55,118
,"Bis(guanylguanidinium) N,N0-Dinitrourea Dianionic Salt",,N=C(N)NC(N)=[NH2+].N=C(N)NC(N)=[NH2+].O=C([N-][N+](=O)[O-])[N-][N+](=O)[O-],-59%,-36.30%,55.60%,8563,20.1,,,203.5,57,1.56,119
,"Bis(N-carbamoylguanidinium) N,N0 -Dinitrourea Dianionic Salt",,NC(=[NH2+])NC(N)=O.NC(=[NH2+])NC(N)=O.O=C([N-][N+](=O)[O-])[N-][N+](=O)[O-],-45.20%,-22.60%,47.40%,8345,25.6,,,188.4,520,1.63,171
,"Bis(triaminoguanidinium) N,N0 -Dinitrourea Dianionic Salt  0.5 H2O",,NNC(NN)=[NH+]N.NNC(NN)=[NH+]N.O=C([N-][N+](=O)[O-])[N-][N+](=O)[O-],-44.70%,-31.30%,62.50%,8908,29.1,,,248.2,572,1.64,139
,"Bis(aminoguanidinium) N,N0-Dinitrourea Dianionic Salt 0.5 H2O",,NNC(N)=[NH2+].NNC(N)=[NH2+].O=C([N-][N+](=O)[O-])[N-][N+](=O)[O-],-42.90%,-26.80%,56.30%,8752,28,,,222.5,48,1.58,111
,"Biguanidium N,N0 -Dinitrourea Dianionic Salt",,NC(=[NH2+])NC(N)=[NH2+].O=C([N-][N+](=O)[O-])[N-][N+](=O)[O-],-35%,-15.90%,50.20%,7521,19.6,,,191.2,357,1.61,143
,"Bis(diaminoguanidinium) N,N0-Dinitrourea Dianionic Salt",,NNC(=[NH2+])NN.NNC(=[NH2+])NN.O=C([N-][N+](=O)[O-])[N-][N+](=O)[O-],-43.90%,-29.20%,59.70%,8582,26.7,,,238.3,333,1.63,139
,"N,N,Nâ?Nâ?Tetraaminopiperazinium 2,3,5-trinitroimidazolate",,N[N+]1(N)CC[N+](N)(N)CC1.O=[N+]([O-])c1nc([N+](=O)[O-])c([N+](=O)[O-])[n-]1.O=[N+]([O-])c1nc([N+](=O)[O-])c([N+](=O)[O-])[n-]1,-46.30%,-17.40%,40.60%,7731,24.1,,,229.8,259.9,1.67,165.9
,"N,N,Nâ?Nâ?Tetraaminopiperazinium dinitroamide",,N[N+]1(N)CC[N+](N)(N)CC1.O=[N+]([O-])[N-][N+](=O)[O-].O=[N+]([O-])[N-][N+](=O)[O-],-35.50%,-17.80%,46.60%,8613,29.9,,,251.8,92.5,1.68,175.3
,"Imidazolium 1-Nitroamino-1,2,3-triazolate",,O=[N+]([O-])[N-]n1ccnn1.c1c[nH+]c[nH]1,-93.30%,-52.70%,49.70%,7403,18.6,,,218,407.7,1.51,147
,"N-Guanylurea 4-Nitroamino-1,2,4-triazolate",,NC(=O)N[C+](N)N.O=[N+]([O-])[N-]n1cnnc1,-65.80%,-38.10%,54.50%,7501,18.8,,,190.7,5.8,1.6,205
,"Triaminoguanidinium 4-Nitroamino-1,2,4-triazolate",,NN[C+](NN)NN.O=[N+]([O-])[N-]n1cnnc1,-65.20%,-44.60%,66%,8366,24.4,,,232.2,531.7,1.55,200
,"Aminoguanidinium 4-Nitroamino-1,2,4-triazolate",,NN[C+](N)N.O=[N+]([O-])[N-]n1cnnc1,-66.90%,-43.30%,62%,8011,22,,,216.4,308.9,1.5,220
,"Guanidinium 4-Nitroamino-1,2,4-triazolate",,N[C+](N)N.O=[N+]([O-])[N-]n1cnnc1,-68%,-42.50%,59.50%,7700,19.7,,,207.9,205.4,1.48,240
,"3,6-Diguanidino-1,2,4,5-tetrazinium 4-Nitroamino-1,2,4-triazolate",,N[C+](N)Nc1nnc(N[C+](N)N)nn1.O=[N+]([O-])[N-]n1cnnc1.O=[N+]([O-])[N-]n1cnnc1,-66.90%,-38.70%,61.60%,7506,20.2,,,209.6,790,1.58,211
664575,"1-Nitroamino-1,2,3-triazole",,O=[N+]([O-])[N-][n+]1cc[nH]n1,-43.40%,-18.60%,54.20%,8743,33,,,262,367,1.8,105
,"Aminoguanidinium 1-Nitroamino-1,2,3-triazolate",,NN[C+](N)N.O=[N+]([O-])[N-]n1ccnn1,-66.90%,-43.30%,62%,7783,20.9,,,223.2,368.4,1.5,187
664576,"3,6-Diguanidino-1,2,4,5-tetrazinium 1-Nitroamino- 1,2,3-triazolate",,N[C+](N)Nc1nnc(N[C+](N)N)nn1.O=[N+]([O-])[N-]n1ccnn1.O=[N+]([O-])[N-]n1ccnn1,-66.90%,-38.70%,61.60%,7765,21.2,,,215,888.3,1.62,226
,"N-Guanylurea 1-Nitroamino-1,2,3-triazolate",,NC(=O)N[C+](N)N.O=[N+]([O-])[N-]n1ccnn1,-65.80%,-38.10%,54.50%,7282,19.3,,,195.9,64.6,1.54,162
,"Guanidinium 1-Nitroamino-1,2,3-triazolate",,N[C+](N)N.O=[N+]([O-])[N-]n1ccnn1,-68%,-42.50%,59.50%,7587,20.4,,,181.5,256.8,1.51,230
905017,"Triaminoguanidinium 1,3-Di(nitroimido)-1,2,3-triazolate",,NN[C+](NN)NN.O=[N+]([O-])[N-][n+]1cc[n+]([N-][N+](=O)[O-])[n-]1,-40.90%,-24.60%,62.10%,8954,32.6,5,20,259,761.9,1.683,185
131242,"4-nitroamino-1,2,4-triazole",,O=[N+]([O-])[N-][n+]1cn[nH]c1,-43.40%,-18.60%,54.20%,8793,33.4,,,256.9,340.1,1.82,180
,"hydrazinium (5'-amino-5-oxo-4,5-dihydro-1H,4'H-[3,3'-bi(1,2,4-triazol)]-4'-yl)(nitro)amide",,N[NH3+].Nc1nnc(-c2n[nH]c(=O)[nH]2)n1[N-][N+](=O)[O-],-58.60%,-34%,59.40%,8753,29.1,36,360,244.1,673.4,1.7,224
1566480,"Hydrazinium 4-Nitroamino-1,2,4-triazolate",,N[NH3+].O=[N+]([O-])[N-]n1cnnc1,-54.60%,-34.80%,60.80%,8868,29.7,,,245.6,371.6,1.66,194
,"Dihydrazium((5E,5â²E)-5,5â?bis(nitroimino)-1,1â?5,5â²tetrahydro-4H,4â²H-[3,3â?bi(1,2,4-triazole)]-4,4â?diyl)bis(nitroamide)",,N[NH3+].N[NH3+].O=[N+]([O-])/N=c1\[nH]nc(-c2n[nH]/c(=N\[N+](=O)[O-])n2[N-][N+](=O)[O-])n1[N-][N+](=O)[O-],-21.80%,-7.30%,57.20%,9597,40.35,9,80,279.4,1035.5,1.86,226
,"4-Amino-1-methyl-1,2,4-triazolium 1-Nitroamino-1,2,3-triazolate",,Cn1c[n+](N)cn1.O=[N+]([O-])[N-]n1ccnn1,-88%,-52.80%,55.50%,7957,22.7,,,231.5,600.2,1.63,192
,"1-Amino-3-methyl-1,2,3-triazolium 1-Nitroamino-1,2,3-triazolate",,C[n+]1ccn(N)n1.O=[N+]([O-])[N-]n1ccnn1,-88%,-52.80%,55.50%,7532,19.2,,,240.2,684.2,1.43,195
,"1-Amino-3-methyl-1,2,3-triazolium 4-Nitroamino-1,2,4-triazolate Monohydrate",,C[n+]1ccn(N)n1.O=[N+]([O-])[N-]n1cnnc1,-88%,-52.80%,55.50%,7663,20,,,234.2,626.8,1.47,206
,"4-Amino-1-methyl-1,2,4-triazolium 4-Nitroamino-1,2,4-triazolate",,C[n+]1cn(N)cn1.O=[N+]([O-])[N-]n1cnnc1,-88%,-52.80%,55.50%,7487,21.4,,,226.6,553.4,1.54,213
743015,"3,5-Diamino-1-guanyl-1,2,4-triazole Dinitramide",,Nc1nc(N)n([C+](N)N)n1.O=[N+]([O-])[N-][N+](=O)[O-],-38.70%,-19.30%,56.40%,8775,31,,,219.3,148.8,1.78,196.8
743017,"3,5-Diamino-N-amidino-1-guanyl-1,2,4-triazole Dinitramide",,N/C(=N\[C+](N)N)n1nc(N)nc1N.O=[N+]([O-])[N-][N+](=O)[O-],-49.60%,-27.60%,57.90%,8651,28.5,,,204,171.5,1.76,183.2
743016,"5-Amino-N-amidino-1-guanyl-1,2,4-triazole Dinitramide",,N/C(=N\[C+](N)N)n1ncnc1N.O=[N+]([O-])[N-][N+](=O)[O-],-49.40%,-26.20%,56%,8040,23.9,,,209.9,217.8,1.66,174.7
743014,"3-Amino-1-guanyl-1,2,4-triazole Dinitramide",,Nc1ncn([C+](N)N)n1.O=[N+]([O-])[N-][N+](=O)[O-],-37.70%,-17.20%,54%,8568,29.9,,,227.7,186.3,1.76,188.1
698086,Ammonium 5-Nitrotetrazolate Hemihydrate,,O.O=[N+]([O-])c1nnn[n-]1.[NH4+],-21.30%,-10.70%,56%,7740,22.5,4,120,232.3,70,1.636,217
,"4-Amino-3-hydrazino-5-methyl-1,2,4-triazolium 5-nitrotetra-zolate",,Cc1[nH+]nc(N[NH3+])n1N.O=[N+]([O-])c1nnn[n-]1.O=[N+]([O-])c1nnn[n-]1,-49.10%,-26.80%,62.50%,8031,23.6,7.1,,225.6,697.8,1.621,173.4
,"3-Hydrazinium-4-amino-1H-1,2,4-triazolium   di(5-nitrotetrazolate)",HATr.2NTZ,Nn1c[nH+]nc1N[NH3+].O=[N+]([O-])c1nnn[n-]1.O=[N+]([O-])c1nnn[n-]1,-37.20%,-18.60%,65.10%,7665,25.3,4,,215.6,507,1.711,188
902815,5-Hydrazinotetrazolium 5-nitrotetrazolate,,O=[N+]([O-])c1nnn[n-]1.[NH3+]Nc1nnn[nH]1,-33.50%,-18.60%,71.60%,8885,32.5,4.3,,263.1,768.7,1.7,184.4
698087,Hydrazinium 5-Nitrotetrazolate,,N[NH3+].O=[N+]([O-])c1nnn[n-]1,-27.20%,-16.30%,66.60%,8750,30.1,2,16,237.2,180,1.72,188
,"4-amino-1,2,4-triazolium dinitramide",,N[N+]1=CN=NC1.O=[N+]([O-])[N-][N+](=O)[O-],-20.90%,-4.20%,51.30%,8381,28.4,,,268.1,263.8,1.66,120
,"1,2,4-triazolium dinitramide",,C1=NCN=[NH+]1.O=[N+]([O-])[N-][N+](=O)[O-],-18.20%,0%,47.70%,8164,26.8,,,262.4,153.2,1.64,146
698085,"2H-Tetrazole, 5-nitro-, ammoniate (1:1)",,O=[N+]([O-])c1nnn[n-]1.[NH4+],-24.20%,-12.10%,63.60%,7950,23.9,,,222.7,60,1.637,210
698090,Diaminoguanidinium 5-Nitrotetrazolate,,NN/C(N)=[NH+]\N.O=[N+]([O-])c1nnn[n-]1,-47%,-31.30%,68.60%,8230,24.4,4,360,216.7,300,1.595,216
698092,Triaminoguanidinium 5-Nitrotetrazolate Monohydrate,,NNC(NN)=[NH+]N.O.O=[N+]([O-])c1nnn[n-]1,-43.80%,-30.40%,64.90%,7680,20.7,30,360,212.8,120,1.599,191
698091,Triaminoguanidinium 5-Nitrotetrazolate,,NNC(NN)=[NH+]N.O=[N+]([O-])c1nnn[n-]1,-47.50%,-32.90%,70.30%,8480,26,2,48,222.9,390,1.601,191
635162,Ammonium 2-Methyl-5-Nitriminotetrazolate,,Cn1nn/c(=N/[N+](=O)[O-])[n-]1.[NH4+],-54.60%,-34.80%,60.80%,7984,23.7,10,360,208.6,111,1.651,150
,bis(1-(3â?methylfuroxanyl)methyleneamino guanidinium) 5-nitroiminotetrazolate,,Cc1c(/C=N/NC(N)=[NH2+])no[n+]1[O-].Cc1c(/C=N/NC(N)=[NH2+])no[n+]1[O-].O=[N+]([O-])N=c1[n-]nn[n-]1,-80.30%,-44.90%,50.60%,7646,20.6,6,120,193.4,284.77,1.659,168.5
695472,Di(aminoguanidine) 5-nitroiminotetrazolate,,NNC(N)=[NH2+].NNC(N)=[NH2+].O=[N+]([O-])N=c1[n-]nn[n-]1,-63.30%,-46%,70.40%,8312,22.6,,,204.3,328.9,1.55,216.6
,Bis(aminoguanidine) DNAM,,NNC(N)=[NH2+].NNC(N)=[NH2+].O=c1[n-]/c(=N\[N+](=O)[O-])[nH]/c(=N/[N+](=O)[O-])[n-]1,-54.80%,-32.90%,57.50%,8571,27.1,,,214,325.4,1.69,211.4
,Guanidine 5-nitroiminotetrazolate,,NC(N)=[NH2+].O=[N+]([O-])/N=c1/[n-]nn[nH]1,-46.50%,-29.60%,66.60%,8069,22.1,,,192.3,74,1.61,227.6
,Aminoguanidine 3-nitroiminotriazolate,,NNC(N)=[NH2+].O=[N+]([O-])/N=c1/[n-]cn[nH]1,-66.90%,-43.30%,62%,7920,20.8,,,198,157.6,1.58,225.9
674702,triaminoguanidinium dinitramide,TAGDN,NNC(NN)=[NH+]N.O=[N+]([O-])[N-][N+](=O)[O-],-18.90%,-11.40%,59.70%,8796,29.9,2,24,280.9,347,1.628,180
,Guanidine 3-nitroiminotriazolate,,NC(N)=[NH2+].O=[N+]([O-])/N=c1/[n-]cn[nH]1,-68%,-42.50%,59.50%,7465,18.2,,,187.1,50,1.55,251.9
,Diguanidine 5-nitroiaminotetrazolate,,NC(N)=[NH2+].NC(N)=[NH2+].O=[N+]([O-])N=c1[n-]nn[n-]1,-64.50%,-45.10%,67.70%,7617,18.1,,,187,87,1.5,243.6
,Aminoguanidine 5-nitroiminotetrazolate,,NNC(N)=[NH2+].O=[N+]([O-])/N=c1/[n-]nn[nH]1,-47%,-31.30%,68.60%,8479,25,,,200.9,167.7,1.64,227
,"3,4-Diaminotriazolium DDCP",,Nc1[nH+]ncn1N.Nc1[nH+]ncn1N.O=C1C(=O)[C-]([N+](=O)[O-])C(=O)[C-]1[N+](=O)[O-],-68%,-32%,42%,7243,20.8,,,198.1,111.2,1.65,232.6
704403,5-(5-Nitrotetrazol-2-ylmethyl)tetrazole monohydrate,,O.O=[N+]([O-])c1nnn(Cc2nnn[nH]2)n1,-40.90%,-18.60%,58.60%,8341,28.7,8,120,220.3,298,1.796,214
704403,5-(5-Nitrotetrazol-2-ylmethyl)tetrazole,,O=[N+]([O-])c1nnn(Cc2nnn[nH]2)n1,-44.60%,-20.30%,63.90%,8688,30.2,2,180,237.9,550,1.802,214
704402,5-Nitrotetrazol-2-ylacetonitrile,,N#CCn1nnc([N+](=O)[O-])n1,-51.90%,-20.80%,54.50%,8356,29.5,7,18,252.8,496,1.747,210
,Bis(aminoguanidine) DDCP,,NNC(N)=[NH2+].NNC(N)=[NH2+].O=C1C(=O)[C-]([N+](=O)[O-])C(=O)[C-]1[N+](=O)[O-],-64%,-32%,40%,7224,19.2,,,186.4,406.3,1.61,203.8
,Moroxydine DDCP,,N=C(NC(N)=[NH2+])N1CCOCC1.N=C(NC(N)=[NH2+])N1CCOCC1.O=C1C(=O)[C-]([N+](=O)[O-])C(=O)[C-]1[N+](=O)[O-],-114.60%,-64.60%,30.90%,6910,18.8,,,182.2,234.8,1.62,231.3
698085,Ammonium 5-nitrotetrazolate,,O=[N+]([O-])c1nn[n-]n1.[NH4+],-24.20%,-12.10%,63.60%,7950,23.9,1.5,96,,,,
704406,Ammonium 5-(5-nitrotetrazol-2-ylmethyl)tetrazolate monohydrate,,O.O=[N+]([O-])c1nnn(Cc2nnn[n-]2)n1.[NH4+],-48.20%,-27.60%,60.30%,7658,21.3,30,360,202.4,128,1.594,206
,Bis(guanidine) DDCP,,NC(N)=[NH2+].NC(N)=[NH2+].O=C1C(=O)[C-]([N+](=O)[O-])C(=O)[C-]1[N+](=O)[O-],-65%,-30%,35%,6920,18.6,,,173.2,634.6,1.62,300.8
680293,5-Aminotetrazolium dinitramide,,Nc1[nH]nn[nH+]1.O=[N+]([O-])[N-][N+](=O)[O-],0%,8.30%,58.30%,9429,38.4,2,20,274.8,329,1.856,117
,Ammonium 5-(5-nitrotetrazol-2-ylmethyl)tetrazolate,,O=[N+]([O-])c1nnn(Cc2nnn[n-]2)n1.[NH4+],-52.30%,-29.90%,65.40%,7861,22.8,20,300,214.7,383,1.601,208
704404,Aminoguanidinium 5-(5-nitrotetrazol-2-ylmethyl)tetrazolate,,NNC(N)=[NH2+].O=[N+]([O-])c1nnn(Cc2nnn[n-]2)n1,-61.90%,-38.30%,67.10%,8202,25,30,360,220.9,616,1.633,201
674701,Azidoformamidinium dinitramide monohydrate (1*H2O),,O.O=[N+]([O-])[N-][N+](=O)[O-].[N-]=[N+]=NC(N)=[NH2+],0%,7.60%,53.30%,8971,33,2,7,269,109,1.754,116
,Guanidinium 5-(5-nitrotetrazol-2-ylmethyl)tetrazolate,,NC(N)=[NH2+].O=[N+]([O-])c1nnn(Cc2nnn[n-]2)n1,-62.50%,-37.50%,65.60%,8066,24.3,30,360,219.6,567,1.642,196
696282,"Bis-Triaminoguanidinium 3,3â?Dinitro-5,5â?Azo-1,2,4- Triazolate",TAGDNAT,NNC(NN)=[NH+]N.NNC(NN)=[NH+]N.O=[N+]([O-])c1nnc(/N=N/c2nnc([N+](=O)[O-])[n-]2)[n-]1,-58.80%,-38.10%,66.60%,7.6,23,,157,211.5,711,1.58,202
693659,2-Methyl-5-aminotetrazolium dinitramide,,Cn1n[nH+]c(N)n1.O=[N+]([O-])[N-][N+](=O)[O-],-23.30%,-7.80%,54.30%,8548,29,5,64,264.7,296,1.659,148
,azidoformamidinium dinitramide,,O=[N+]([O-])[N-][N+](=O)[O-].[N-]=[N+]=NC(N)=[NH2+],0%,8.30%,58.30%,9013,33.8,,,275.1,332,1.754,
693661,Tetrazolium dinitramide,HTZ-DN,O=[N+]([O-])[N-][N+](=O)[O-].c1[nH]nn[nH+]1,4.50%,13.60%,55.30%,9215,36.5,2,28,275.2,367,1.824,130
706627,Bis(hydrazinium) ethylene bis(5-nitroiminotetrazolate),,N[NH3+].N[NH3+].O=[N+]([O-])/N=c1/[n-]nnn1CCn1nn[n-]/c1=N/[N+](=O)[O-],-50.20%,-32%,64%,9478,35.27,10,,259.8,1067.2,1.733,
988404,Diammonium bis(1-oxidotetrazolyl)furoxane,,[NH4+].[NH4+].[O-]n1nnnc1-c1no[n+]([O-])c1-c1nnnn1[O-],-44.40%,-22.20%,58.30%,8671,31.3,10,240,241.4,621.7,1.748,234
988411,Di(aminoguanidinium) bis(1-oxidotetrazolyl)furoxane,,NNC(N)=[NH2+].NNC(N)=[NH2+].[O-]n1nnnc1-c1no[n+]([O-])c1-c1nnnn1[O-],-59.70%,-35.80%,62.60%,8224,26.1,8,360,229.1,885.4,1.64,165
988410,Diguanidinium bis(1-oxidotetrazolyl)furoxane,,NC(N)=[NH2+].NC(N)=[NH2+].[O-]n1nnnc1-c1no[n+]([O-])c1-c1nnnn1[O-],-60.20%,-34.40%,60.20%,8161,26.1,30,360,218.1,638.3,1.69,197
,"5-(3,4- dinitro-1H-pyrazol-5-yl)-3-(trinitromethyl)-1H-1,2,4-triazole",,O=[N+]([O-])c1n[nH]c(-c2nc(C([N+](=O)[O-])([N+](=O)[O-])[N+](=O)[O-])n[nH]2)c1[N+](=O)[O-],-12.80%,12.80%,37.40%,9206,38.5,8,120,264.3,367,1.926,163.9
2352179,"5-(3,4-dinitro-1H-pyrazol-5-yl)-1H-tetrazole",,O=[N+]([O-])c1n[nH]c(-c2nnn[nH]2)c1[N+](=O)[O-],-35.40%,-7.10%,49.50%,8601,31.1,8,160,251.3,521,1.82,193
1835056,"3,4-Dinitro-1H-pyrazole",DNP,O=[N+]([O-])c1c[nH]nc1[N+](=O)[O-],-30.40%,0%,35.40%,8426,30.6,40,360,252.9,124.2,1.79,285
,"monohydroxylammonium 5-(dinitromethaneidyl)-3,4-dinitropyrazol-1-ide",,O=[N+]([O-])c1n[nH]c([C-]([N+](=O)[O-])[N+](=O)[O-])c1[N+](=O)[O-].[NH3+]O,-8.10%,13.60%,33.20%,8824,34,16,160,270.1,65.6,1.81,150
,"5-(dinitromethyl)-3,4-dinitro-1H-pyrazole",,O=[N+]([O-])c1n[nH]c(C([N+](=O)[O-])[N+](=O)[O-])c1[N+](=O)[O-],-6.10%,18.30%,32%,8779,33.7,8,160,265.1,134.2,1.835,78
,"3-(5-(3,4-dinitro-1H-pyrazol-5-yl)-1H-1,2,4-triazol-3-yl)-4-nitro-1,2,5-oxadiazole",,O=[N+]([O-])c1nonc1-c1n[nH]c(-c2[nH]nc([N+](=O)[O-])c2[N+](=O)[O-])n1,-37.90%,-4.70%,41.40%,8500,35,7,360,239.5,522,1.89,259
,"Bis(3,4-diamino-1,2,5-oxadiazolium) 5,50 -Bis(trinitromethyl)-3,30 -azo-1,2,4-triazolate 3 2.5H2O",,Nc1no[nH+]c1N.Nc1no[nH+]c1N.O=[N+]([O-])C(c1nc(/N=N/c2n[n-]c(C([N+](=O)[O-])([N+](=O)[O-])[N+](=O)[O-])n2)n[n-]1)([N+](=O)[O-])[N+](=O)[O-],-26.60%,-2.40%,46.50%,8310,30.3,13,,265.2,1191.3,1.76,140
,"Bis(3,4,5-triamino-1,2,4-triazolium) BDEAF salt",,Nc1n[nH+]c(N)n1N.Nc1n[nH+]c(N)n1N.O=[N+]([O-])[C-](CNc1nonc1NC[C-]([N+](=O)[O-])[N+](=O)[O-])[N+](=O)[O-],-59.50%,-31.20%,49.60%,8918,33.9,27.5,,216.4,479.8,1.89,143
,Bis(N-carbamoylguanidinium) BDEAF salt,,NC(=O)N[C+](N)N.NC(=O)N[C+](N)N.O=[N+]([O-])[C-](CNc1nonc1NC[C-]([N+](=O)[O-])[N+](=O)[O-])[N+](=O)[O-],-56.30%,-26.60%,41.50%,8055,26.1,25,,195.4,488.7,1.78,153
937044,Bis(guanidinium) BDEAF salt,,N[C+](N)N.N[C+](N)N.O=[N+]([O-])[C-](CNc1nonc1NC[C-]([N+](=O)[O-])[N+](=O)[O-])[N+](=O)[O-],-56.30%,-28.20%,43.10%,8176,26.6,13.1,,209.4,104.7,1.72,172
,Bis(triaminoguanidinium) BDEAF salt,,NN[C+](NN)NN.NN[C+](NN)NN.O=[N+]([O-])[C-](CNc1nonc1NC[C-]([N+](=O)[O-])[N+](=O)[O-])[N+](=O)[O-],-55.80%,-32.30%,51.40%,8743,30.9,12.4,,230.7,567.7,1.73,154
,Bis(aminoguanidinium) BDEAF salt,,NN[C+](N)N.NN[C+](N)N.O=[N+]([O-])[C-](CNc1nonc1NC[C-]([N+](=O)[O-])[N+](=O)[O-])[N+](=O)[O-],-56.20%,-29.70%,46.20%,8367,27.9,12.4,,216.5,105.9,1.72,152
,"3,4-Diamino-1,2,5-oxadiazol-2-ium-5,5â?5ââ?5âââ?(propane-1,1,3,3- tetrayl)tetratetra -zol-1-ide",,C(C(c1nnn[n-]1)c1nnn[n-]1)C(c1nnn[n-]1)c1nnn[n-]1.Nc1no[nH+]c1N.Nc1no[nH+]c1N.Nc1no[nH+]c1N.Nc1no[nH+]c1N,-84.80%,-51.40%,62.50%,6810,19.17,,,211.7,1700,1.6,243
,Bis(hydrazinium) BDEAF salt,,N[NH3+].N[NH3+].O=[N+]([O-])[C-](CNc1nonc1NC[C-]([N+](=O)[O-])[N+](=O)[O-])[N+](=O)[O-],-44%,-20%,42%,9388,39.4,12.6,,239.8,71.5,1.94,128
,"(Z)-2-nitro-1-(4-((E)-2-nitro-1-oxidodiazen-1-yl)-1,2,5-oxadiazol-3-yl)diazene 1-oxide",,O=[N+]([O-])/N=[N+](\[O-])c1nonc1/[N+]([O-])=N\[N+](=O)[O-],19.30%,32.20%,45.10%,8240,29.4,,,268.3,759,1.7,93
2164362,"4-azido-1,2,5-oxadiazol-3-amine",,[N-]=[N+]=Nc1nonc1N,-50.80%,-25.40%,66.60%,8200,29,2,20,247.7,451,1.655,131
1939028,"N,N'-bis(4-azido-1,2,5-oxadiazol-3-yl)methanediamine",,[N-]=[N+]=Nc1nonc1NCNc1nonc1N=[N+]=[N-],-60.60%,-30.30%,63.60%,7885,23.2,4,50,244.2,963.4,1.64,178
,"1,2,5-oxadiazole-3,4-diamine",,Nc1nonc1N,-79.90%,-48%,56%,7400,22,80,220,196.7,89,1.61,238
,"1,2-Bis(4-((1,2,4,5-tetrazin-3-yl)amino)-1,2,5-oxadiazol-3-yl)- diazene oxide",,[O-][N+](=Nc1nonc1Nc1nncnn1)c1nonc1Nc1nncnn1,-64.50%,-30.10%,60.20%,8401,28.3,33,360,249.6,1517.6,1.75,232
,"4,4â?(Diazene-1,2-diyl)bis(N-(1,2,4,5-tetrazin-3-yl)-1,2,5-oxadiazol-3-amine)",,c1nnc(Nc2nonc2N=Nc2nonc2Nc2nncnn2)nn1,-71.90%,-35.90%,62.90%,8075,25.1,29,360,250.6,1654.3,1.67,219
1822383,"3,3'-(4H,8H-bis([1,2,5]oxadiazolo)[3,4-b:3',4'-e]pyrazine-4,8-diyl)bis(6-amino-1,2,4,5-tetrazine 1,5-dioxide)",,Nc1[n+]([O-])nc(N2c3nonc3N(c3n[n+]([O-])c(N)[n+]([O-])n3)c3nonc32)n[n+]1[O-],-45.70%,-15.20%,53.30%,8800,33,18.5,360,246.8,1162,1.889,
1226590,"1-(2â?4â?6â?Trinitrophenyl)-5,7-dinitrobenzotriazole",BTX,O=[N+]([O-])c1cc([N+](=O)[O-])c(-n2nnc3cc([N+](=O)[O-])cc([N+](=O)[O-])c32)c([N+](=O)[O-])c1,-60.90%,-15.20%,26.70%,7170,23.4,,,222,296.78,1.74,308
896931,5-(Picrylamino)tetrazole,PAT,O=[N+]([O-])c1cc([N+](=O)[O-])c(Nc2nn[nH]n2)c([N+](=O)[O-])c1,-54%,-16.20%,37.80%,,,,,235.6,452.23,1.91,210
,"Carbonohydrazonic dihydrazide, compd. with 5-(5-nitro-2H-1,2,3-triazol-4-yl)-2H-tetrazole (1:1)",,NNC(NN)=[NH+]N.O=[N+]([O-])c1n[nH]nc1-c1nnn[n-]1,-61.50%,-39.10%,68.50%,8918,28,8,360,229.3,748,1.65,174
,"4,4â?Bis(5-nitro-1,2,3-2H-triazole",,O=[N+]([O-])c1n[nH]nc1-c1n[nH]nc1[N+](=O)[O-],-35.40%,-7.10%,49.50%,,,,,242,439.3,,155
1446643,"Hydrazinecarboximidamide, compd. with 5-(5-nitro-2H-1,2,3-triazol-4-yl)-2H-tetrazole (1:1)",,N[NH+]=C(N)N.O=[N+]([O-])c1n[nH]nc1-c1nnn[n-]1,-62.50%,-37.50%,65.60%,8597,26.1,10,360,216.1,532,1.67,214
,"5-nitro-2H-1,2,3-triazole-4-carbonitrile",,N#Cc1n[nH]nc1[N+](=O)[O-].O,-45.80%,-15.30%,44.60%,7400,21.2,40,360,238.7,245,1.541,315
,"Guanidine, compd. with 5-(5-nitro-2H-1,2,3-triazol-4-yl)-2H-tetrazole (1:1)",,NC(N)=[NH2+].O=[N+]([O-])c1n[nH]nc1-c1nnn[n-]1,-63%,-36.50%,63.90%,8340,24.4,20,360,208.4,426,1.67,220
,"2H-Tetrazole, 5-(5-nitro-2H-1,2,3-triazol-4-yl)-, ammoniate (1:1)",,O=[N+]([O-])c1n[nH]nc1-c1nnn[n-]1.[NH4+],-52.20%,-28.10%,63.30%,8200,42.41,9,360,229.1,463,1.62,207
,"Hydroxylamine, compd. with 5-(5-nitro-2H-1,2,3-triazol-4-yl)-2H-tetrazole (1:1)",,O=[N+]([O-])c1n[nH]nc1-c1nnn[n-]1.[NH3+]O,-40.90%,-18.60%,58.60%,8513,27.9,2,360,246.4,514,1.67,168
,"4-Nitro-5-(5-nitroimino-1,2,4-triazol-3-yl)-2H-1,2,3-triazole",,O=[N+]([O-])N=c1[nH]nc(-c2n[nH]nc2[N+](=O)[O-])[nH]1,-36.50%,-10%,52.30%,9067,36.2,16,180,253,593.29,1.883,168.5
,"1,1â?Methylenebis[1-nitro-3-(2,2,2-trinitroethyl)urea]",,O=C(NCC([N+](=O)[O-])([N+](=O)[O-])[N+](=O)[O-])N(CN(C(=O)NCC([N+](=O)[O-])([N+](=O)[O-])[N+](=O)[O-])[N+](=O)[O-])[N+](=O)[O-],0%,20.40%,30.60%,8910,35.8,3,20,256,408,1.87,121.5
876381,"N-Ethyl-N,2,4,6-tetranitroaniline, Ethyltetryl,  2,4,6-Trinitrophenylethylnitramine",,CCN(c1c([N+](=O)[O-])cc([N+](=O)[O-])cc1[N+](=O)[O-])[N+](=O)[O-],-61.10%,-18.60%,23.20%,7482,22.9,5,353,222.3,7,1.63,
1214794,"1-Methylnitramino-2,4,6-trinitrobenzene,  N-methyl-N-(2,4,6-trinitrophenyl)nitramide",CE,CN(c1c([N+](=O)[O-])cc([N+](=O)[O-])cc1[N+](=O)[O-])[N+](=O)[O-],-47.40%,-8.40%,24.40%,7038,23.2,5.49,360,237.2,42,1.731,190
1545996,"Diaminoguanidinium N,Nâ?dinitro-N,Nâ?bis[3-dinitromethyl-furazanate-4-yl]methylenediamine",,NNC(N)=[NH2+].NNC(N)=[NH2+].O=[N+]([O-])[C-](c1nonc1N(CN(c1nonc1[C-]([N+](=O)[O-])[N+](=O)[O-])[N+](=O)[O-])[N+](=O)[O-])[N+](=O)[O-],-30.60%,-7.60%,44.60%,8500,30.1,20,128,253,502.4,1.73,282
2279206,"1,7-dinitroxy-2,4,6-trinitrazaheptane",,O=[N+]([O-])OCN(CN(CN(CO[N+](=O)[O-])[N+](=O)[O-])[N+](=O)[O-])[N+](=O)[O-],0%,17.80%,31.10%,8753,33,2,120,273.7,21.2,1.75,155
186130,"2,4-Dinitro-2,4-diazahexane",DNDA-6,CCN(CN(C)[N+](=O)[O-])[N+](=O)[O-],-80.80%,-44.90%,31.40%,6840,16.43,,,217.8,79.5,1.323,
186129,"3,5-Dinitro-3,5-diazaheptane",DNDA-6,CCN(CN(CC)[N+](=O)[O-])[N+](=O)[O-],-99.90%,-58.30%,29.10%,6730,15.45,,,209.1,135,1.271,
186131,"2,4-Dinitro-2,4-diazapentane",DNDA-5,CN(CN(C)[N+](=O)[O-])[N+](=O)[O-],-58.50%,-29.20%,34.10%,7235,18.6,29.43,,231.6,51.5,1.389,230
757221,"Dinitroguanidine, ammonium salt",ADNQ,[NH2+]=C([N-][N+](=O)[O-])[N-][N+](=O)[O-].[NH4+],-9.60%,0%,50.60%,9066,32.7,,252,263.5,6.4,1.735,197
,"1-Azido-8-nitrato-2,4,6-trinitro-2,4,6-triazaoctane",ANTTO,[N-]=[N+]=NCN(CN(CN(CCO[N+](=O)[O-])[N+](=O)[O-])[N+](=O)[O-])[N+](=O)[O-],-27.10%,-4.50%,39.50%,,,4,120,,,,132
757222,"1,7-Diamino-1,7-dinitrimino-2,4,6-trinitro-2,4,  6-triazaheptane",APX,N=C(N[N+](=O)[O-])N(CN(CN(C(=N)N[N+](=O)[O-])[N+](=O)[O-])[N+](=O)[O-])[N+](=O)[O-],-8.30%,8.30%,43.70%,9540,39.8,3,80,271.5,272.1,1.91,174
,"1,11-Dinitrato-3,5,7,9-tetranitrazaundecane",TENA-1,O=[N+]([O-])OCCN(CN(CN(CN(CCO[N+](=O)[O-])[N+](=O)[O-])[N+](=O)[O-])[N+](=O)[O-])[N+](=O)[O-],-24.20%,0%,30.30%,8613,,25,360,267.3,100,1.6,205
1156951,"1,7-Diazido-2,4,6-trinitro-2,4,6-triazaheptane",DATH,[N-]=[N+]=NCN(CN(CN(CN=[N+]=[N-])[N+](=O)[O-])[N+](=O)[O-])[N+](=O)[O-],-30%,-10%,52.50%,,,,,265.4,619.51,1.72,147
1320446,"N,N-dinitromethanediamine",MEDINA,O=[N+]([O-])NCN[N+](=O)[O-],0%,11.80%,41.20%,8500,,,,267.1,57.93,,
,"2,2-Dinitro-1,3-propylene malonate",,O=C1CC(=O)OCC([N+](=O)[O-])([N+](=O)[O-])CO1,-47.80%,-6.80%,12%,7081,20,50,,227.1,379,1.59,223
,"2,2-Dinitro-1,3-propylene oxalate",,O=C1OCC([N+](=O)[O-])([N+](=O)[O-])COC1=O,-29.10%,7.30%,12.70%,7276,21.9,50,,252.3,285,1.61,201
,"2,2-Dinitro-1,3-propylene nitromalonate",,O=C1OCC([N+](=O)[O-])([N+](=O)[O-])COC(=O)C1[N+](=O)[O-],-25.80%,8.60%,15%,7766,26.2,40,,262.7,216,1.65,169
923989,"2,2,2-Trinitroethyl nitrocarbamate",TNC-NO2,O=C(N[N+](=O)[O-])OCC([N+](=O)[O-])([N+](=O)[O-])[N+](=O)[O-],14.90%,32.70%,26%,,,10,96,226,366,1.73,153
,"Trinitroethylformal, 2,2,2-Trinitroethyl Formate,  Tri-2,2,2-trinitroethanol methane",TNEF,O=[N+]([O-])C(COC(OCC([N+](=O)[O-])([N+](=O)[O-])[N+](=O)[O-])OCC([N+](=O)[O-])([N+](=O)[O-])[N+](=O)[O-])([N+](=O)[O-])[N+](=O)[O-],10.10%,30.40%,22.80%,,,5,96,228,1021,1.81,192
2031692,"4,8-Bis(2,4,6-trinitrophenyl)-4H,8H-bis([1,2,5]oxadiazolo) [3,4-b:3â?4â?e]pyrazine",,O=[N+]([O-])c1cc([N+](=O)[O-])c(N2c3nonc3N(c3c([N+](=O)[O-])cc([N+](=O)[O-])cc3[N+](=O)[O-])c3nonc32)c([N+](=O)[O-])c1,-54.40%,-10.90%,28.60%,7874,28.1,10,240,243.2,894.1,1.82,415
,"4-Amino-8-(2,4,6-trinitrophenyl)difurazano[3,  4-b:3Ê¹,4Ê¹-e]pyrazine",,NN1c2nonc2N(c2c([N+](=O)[O-])cc([N+](=O)[O-])cc2[N+](=O)[O-])c2nonc21,-57.10%,-16.30%,35.70%,7641,25.7,20,360,244.6,782.6,1.72,283
,"2,2â?Bi-1H-imidazole, 4,4â?5,5â?tetranitro-, hydrate (1:2)",TNBI,O.O.O=[N+]([O-])c1nc(-c2nc([N+](=O)[O-])c([N+](=O)[O-])[nH]2)[nH]c1[N+](=O)[O-],-22.80%,4.60%,32%,8125,28.3,24.7,360,246.9,149.3,1.79,263
,Dinitrobifurazan,DNBF,O=[N+]([O-])c1nonc1-c1nonc1[N+](=O)[O-],-14%,14%,36.80%,8800,35.6,,,,,1.92,
,"2,4-di-1H-imidazol-1-yl-1,3,5-trinitrobenzene",,O=[N+]([O-])c1cc([N+](=O)[O-])c(-n2ccnc2)c([N+](=O)[O-])c1-n1ccnc1,-99.60%,-44%,28.40%,7380,21.5,35,,204.1,223.5,1.68,156
,Hydrazinium DAHNDPA,,N[NH3+].Nc1c([N+](=O)[O-])cc([N+](=O)[O-])c([N-]c2c([N+](=O)[O-])cc([N+](=O)[O-])c(N)c2[N+](=O)[O-])c1[N+](=O)[O-],-55.90%,-17.60%,30.70%,7917,27.8,,,225.3,231,1.8,155
,Ethylenediammonium di-DAHNDPA,,Nc1c([N+](=O)[O-])cc([N+](=O)[O-])c([N-]c2c([N+](=O)[O-])cc([N+](=O)[O-])c(N)c2[N+](=O)[O-])c1[N+](=O)[O-].Nc1c([N+](=O)[O-])cc([N+](=O)[O-])c([N-]c2c([N+](=O)[O-])cc([N+](=O)[O-])c(N)c2[N+](=O)[O-])c1[N+](=O)[O-].[NH3+]CC[NH3+],%,%,%,7787,27,,,220.3,325.6,1.81,177
,"2,4-di-1H-triazol-1-yl-1,3,5-trinitrobenzene",,O=[N+]([O-])c1cc([N+](=O)[O-])c(-n2cncn2)c([N+](=O)[O-])c1-n1cncn1,-76%,-30%,36.30%,7549,22.1,35,,215.4,476.4,1.71,261
,Imidazolium DAHNDPA,,Nc1c([N+](=O)[O-])cc([N+](=O)[O-])c([N-]c2c([N+](=O)[O-])cc([N+](=O)[O-])c(N)c2[N+](=O)[O-])c1[N+](=O)[O-].c1c[nH+]c[nH]1,-70%,-25.30%,28.70%,7347,23.6,,,212.4,194,1.75,241
,Ammonium DPA,,Nc1c([N+](=O)[O-])cc([N+](=O)[O-])c([N-]c2c([N+](=O)[O-])cc([N+](=O)[O-])c(N)c2[N+](=O)[O-])c1[N+](=O)[O-].[NH4+],-55.90%,-16.50%,28.80%,7815,27.1,,,220,90.5,1.8,261
,"1,3-Diaminoguanidinium DAHNDPA",,NNC(=[NH2+])NN.Nc1c([N+](=O)[O-])cc([N+](=O)[O-])c([N-]c2c([N+](=O)[O-])cc([N+](=O)[O-])c(N)c2[N+](=O)[O-])c1[N+](=O)[O-],-60.20%,-22.90%,35.10%,7528,24.4,,,217.6,248.9,1.71,219
,"1-Amino-3-methyl-1,2,3-triazolium DAHNDPA",,C[n+]1ccn(N)n1.Nc1c([N+](=O)[O-])cc([N+](=O)[O-])c([N-]c2c([N+](=O)[O-])cc([N+](=O)[O-])c(N)c2[N+](=O)[O-])c1[N+](=O)[O-],-69.10%,-26.80%,32.10%,7525,24.7,,,220.8,442.2,1.75,235
1866511,"2,3,4,6-Tetranitroaniline",TeNA,Nc1c([N+](=O)[O-])cc([N+](=O)[O-])c([N+](=O)[O-])c1[N+](=O)[O-],-32.20%,2.90%,25.60%,8375,30.8,6,,242.8,48.9,1.867,220
1136625,"Diaminotrinitrobenzene, 2,4,6-trinitro-1,  3-diaminobenzene, trinitro-m-phenylenediamine",DATB,Nc1c([N+](=O)[O-])cc([N+](=O)[O-])c(N)c1[N+](=O)[O-],-55.90%,-16.50%,28.80%,7500,25.9,,360,205.6,97.9,1.837,360
,"1-Methyl-3,4,5-triamino-1,2,4-triazolium DAHNDPA monohydrate",,C[n+]1nc(N)n(N)c1N.Nc1c([N+](=O)[O-])cc([N+](=O)[O-])c([N-]c2c([N+](=O)[O-])cc([N+](=O)[O-])c(N)c2[N+](=O)[O-])c1[N+](=O)[O-],-68.30%,-28.10%,35.20%,7510,24.6,,,216.1,397.7,1.73,235
,"3,3â?Diamino-2,2â?4,4â?6,6â?hexanitrodiphenylamine",DAHNDPA,Nc1c([N+](=O)[O-])cc([N+](=O)[O-])c(Nc2c([N+](=O)[O-])cc([N+](=O)[O-])c(N)c2[N+](=O)[O-])c1[N+](=O)[O-],-52.90%,-11.90%,26.90%,,,,,,,1.85,264
1866506,Pentanitrobenzene,PNB,O=[N+]([O-])c1cc([N+](=O)[O-])c([N+](=O)[O-])c([N+](=O)[O-])c1[N+](=O)[O-],-13.20%,18.50%,23.10%,8700,35.5,5,96,259,66.4,1.91,220
,"2-1H-Imidazol-1-yl-1,3,5-trinitrobenzene",,O=[N+]([O-])c1cc([N+](=O)[O-])c(-n2ccnc2)c([N+](=O)[O-])c1,-83.10%,-31.50%,25.10%,7164,19.7,40,,210,167.6,1.67,216
,"Diammonium 4,6-dinitro-5,7- dioxidobenzo[c][1,2,5]oxadiazole 1-oxide",,O=[N+]([O-])c1c([O-])c([N+](=O)[O-])c2no[n+]([O-])c2c1[O-].[NH4+].[NH4+],-43.80%,-11%,28.80%,8165,28,5,80,,353.1,1.87,218
,"5,7-dihydroxy-4,6-dinitrobenzo[c][1,2,5]oxadia zole 1-oxide",,O=[N+]([O-])c1c(O)c([N+](=O)[O-])c2no[n+]([O-])c2c1O,-31%,6.20%,21.70%,8244,30,6,80,234.7,185.4,1.91,118
,"Dihydroxylammonium 4,6-dinitro-5,7- dioxidobenzo[c][1,2,5]oxadiazole 1-oxide",,O=[N+]([O-])c1c([O-])c([N+](=O)[O-])c2no[n+]([O-])c2c1[O-].O[NH2+]O.O[NH2+]O,-18%,9%,23.60%,8459,32.1,8,120,,217.1,1.85,199
,"Dihydazinium 4,6-dinitro-5,7-dioxidobenzo[c][1,2,5]oxadiazole 1-oxide",,N[NH3+].N[NH3+].O=[N+]([O-])c1c([O-])c([N+](=O)[O-])c2no[n+]([O-])c2c1[O-],-44.70%,-14.90%,34.80%,8539,30.37,2.5,80,,29.7,1.84,180
,"5-Nitro-2,4,6-tris(picrylamino)pyrimidine",NTPP,O=[N+]([O-])c1cc([N+](=O)[O-])c(Nc2nc(Nc3c([N+](=O)[O-])cc([N+](=O)[O-])cc3[N+](=O)[O-])c([N+](=O)[O-])c(Nc3c([N+](=O)[O-])cc([N+](=O)[O-])cc3[N+](=O)[O-])n2)c([N+](=O)[O-])c1,-56.80%,-12.90%,26.10%,,,,,,,,
,"2-1H-triazol-1-yl-1,3,5-trinitrobenzene",,O=[N+]([O-])c1cc([N+](=O)[O-])c(-n2cncn2)c([N+](=O)[O-])c1,-68.50%,-22.80%,30%,7255,19.5,40,,216.8,361.8,1.7,256
,Imidazolium DPA,,O=[N+]([O-])c1cc([N+](=O)[O-])c([N-]c2c([N+](=O)[O-])cc([N+](=O)[O-])cc2[N+](=O)[O-])c([N+](=O)[O-])c1.c1c[nH+]c[nH]1,-71%,-23.70%,24.80%,7226,22.5,,,215,188.6,1.72,282
,"1-Methyl-3,4,5-triamino-1,2,4-triazolium DPA monohydrate",,C[n+]1nc(N)n(N)c1N.O=[N+]([O-])c1cc([N+](=O)[O-])c([N-]c2c([N+](=O)[O-])cc([N+](=O)[O-])cc2[N+](=O)[O-])c([N+](=O)[O-])c1,-69.10%,-26.80%,32.10%,7376,23.4,,,218.6,393.6,1.69,285
822226,"1,3-Diaminoguanidinium DPA",,NNC(=[NH2+])NN.O=[N+]([O-])c1cc([N+](=O)[O-])c([N-]c2c([N+](=O)[O-])cc([N+](=O)[O-])cc2[N+](=O)[O-])c([N+](=O)[O-])c1,-60.60%,-21.20%,31.80%,7520,24.3,,,220.2,242.2,1.71,233
,Ammonium DPA,,O=[N+]([O-])c1cc([N+](=O)[O-])c([N-]c2c([N+](=O)[O-])cc([N+](=O)[O-])cc2[N+](=O)[O-])c([N+](=O)[O-])c1.[NH4+],-56.10%,-14%,24.50%,7551,24.6,,,223.4,84.1,1.72,269
,"1-Amino-3-methyl-1,2,3-triazolium DPA",,C[n+]1ccn(N)n1.O=[N+]([O-])c1cc([N+](=O)[O-])c([N-]c2c([N+](=O)[O-])cc([N+](=O)[O-])cc2[N+](=O)[O-])c([N+](=O)[O-])c1,-70%,-25.30%,28.70%,7384,23.4,,,223.7,437.8,1.71,261
,Hydrazinium DPA,,N[NH3+].O=[N+]([O-])c1cc([N+](=O)[O-])c([N-]c2c([N+](=O)[O-])cc([N+](=O)[O-])cc2[N+](=O)[O-])c([N+](=O)[O-])c1,-56%,-15.30%,26.70%,7848,27.2,,,229.2,227.5,1.78,185
822225,Ethylenediammonium di-DPA,,O=[N+]([O-])c1cc([N+](=O)[O-])c([N-]c2c([N+](=O)[O-])cc([N+](=O)[O-])cc2[N+](=O)[O-])c([N+](=O)[O-])c1.O=[N+]([O-])c1cc([N+](=O)[O-])c([N-]c2c([N+](=O)[O-])cc([N+](=O)[O-])cc2[N+](=O)[O-])c([N+](=O)[O-])c1.[NH3+]CC[NH3+],-63.10%,-18.80%,23.90%,7414,23.6,,,220,180.5,1.71,232
822227,Dipicrylamine,DPA,O=[N+]([O-])c1cc([N+](=O)[O-])c(Nc2c([N+](=O)[O-])cc([N+](=O)[O-])cc2[N+](=O)[O-])c([N+](=O)[O-])c1,-52.80%,-9.10%,22.30%,,,,,,,1.79,275
,"2,4,6-Trinitrobenzenaminium-5,5â?5ââ?5âââ?(propane-1,1,3,3- tetrayl)tetratetrazol-1-ide",,C(C(c1nnn[n-]1)c1nnn[n-]1)C(c1nnn[n-]1)c1nnn[n-]1.[NH3+]c1c([N+](=O)[O-])cc([N+](=O)[O-])cc1[N+](=O)[O-].[NH3+]c1c([N+](=O)[O-])cc([N+](=O)[O-])cc1[N+](=O)[O-].[NH3+]c1c([N+](=O)[O-])cc([N+](=O)[O-])cc1[N+](=O)[O-].[NH3+]c1c([N+](=O)[O-])cc([N+](=O)[O-])cc1[N+](=O)[O-],-65.10%,-24.70%,36.50%,7510,24.13,,,231.4,1786,1.7,260
1433586,"Guanidinium-3-(picrylamino)-1,2,4-triazole",,N[C+](N)N.O=[N+]([O-])c1cc([N+](=O)[O-])c([N-]c2nnc[nH]2)c([N+](=O)[O-])c1,-76.80%,-36.10%,39.50%,7543,21.1,40,360,203.3,197.5,1.666,240
,"3-(Picrylamino)-1,2,4-triazole",PATO,O=[N+]([O-])c1cc([N+](=O)[O-])c(Nc2nnc[nH]2)c([N+](=O)[O-])c1,-67.80%,-24.40%,33.20%,8477,31.3,40,360,207.5,147.1,1.94,316
,"aminoguanidinium-3-(picrylamino)-1,2,4-triazole",,NN[C+](N)N.O=[N+]([O-])c1cc([N+](=O)[O-])c([N-]c2nnc[nH]2)c([N+](=O)[O-])c1,-75.80%,-36.80%,41.70%,8302,26.8,40,360,208.7,303.4,1.8,209
,"Ammonium-3-(picrylamino)-1,2,4-triazole",,O=[N+]([O-])c1cc([N+](=O)[O-])c([N-]c2nnc[nH]2)c([N+](=O)[O-])c1.[NH4+],-71.70%,-30.70%,35.90%,,,40,360,215.7,245.9,1.84,270
,"hydrazinium-3-(picrylamino)-1,2,4-triazole",,N[NH3+].O=[N+]([O-])c1cc([N+](=O)[O-])c([N-]c2nnc[nH]2)c([N+](=O)[O-])c1,-70.90%,-31.80%,38.50%,7640,22,7,288,223.9,386.9,1.62,143
660251,"(2,4,6-Trinitrophenyl)guanidine",,NC(N)=Nc1c([N+](=O)[O-])cc([N+](=O)[O-])cc1[N+](=O)[O-],-65.10%,-23.70%,31.10%,7955,26.2,40,360,204.7,13.6,1.794,232
,"triaminoguanidinium-3-(picrylamino)-1,2,4-triazole",,NN[C+](NN)NN.O=[N+]([O-])c1cc([N+](=O)[O-])c([N-]c2nnc[nH]2)c([N+](=O)[O-])c1,-74.10%,-38.10%,45.60%,7597,20.8,40,360,218,512.4,1.59,195
,"(2,4,6-Trinitrophenyl)guanidinium nitrate",,N/C([NH3+])=N\c1c([N+](=O)[O-])cc([N+](=O)[O-])cc1[N+](=O)[O-].O=[N+]([O-])[O-],-40.80%,-7.20%,29.40%,8216,29.4,15,360,235,58.4,1.786,215
,"triethylammonium-3-(picrylamino)-1,2,4-triazole",,CC[NH+](CC)CC.O=[N+]([O-])c1cc([N+](=O)[O-])c([N-]c2nnc[nH]2)c([N+](=O)[O-])c1,-129.20%,-72.70%,28.30%,6937,15.8,40,360,193.5,68.6,1.53,263
,"5-amino-4-oxo-7-((2,4,6-trinitrophenyl)amino)-4,8-dihydropyrimido[4,5-d][1,2,3]triazine 2-oxide",,Nc1nc(Nc2c([N+](=O)[O-])cc([N+](=O)[O-])cc2[N+](=O)[O-])[nH]c2n[n+]([O-])nc(=O)c1-2,-67%,-23.60%,34.50%,7641,23.5,20,240,203.1,187.8,1.88,277
2414084,"ammonium 5-amino-4-oxo-7-((2,4,6-trinitrophenyl)amino)-4,8-dihydropyrimido[4,5-d][1,2,3]triazine 2-oxide",,Nc1nc([N-]c2c([N+](=O)[O-])cc([N+](=O)[O-])cc2[N+](=O)[O-])[n-]c2n[n+]([O-])nc(=O)c1-2.[NH4+].[NH4+],-72.70%,-32.70%,38.20%,7183,19,40,360,196.2,23.7,1.71,222
,"Dipicrylurea, hexanitrodiphenylurea",,O=C(Nc1c([N+](=O)[O-])cc([N+](=O)[O-])cc1[N+](=O)[O-])Nc1c([N+](=O)[O-])cc([N+](=O)[O-])cc1[N+](=O)[O-],-53.10%,-10%,23.20%,,,,,,,2.001,
268091,"2,2â?4,4â?,6â?Hexanitroazobenzene, bis(2,4,6)-  trinitrophenyl diazine, Hexanitroazobenzene",HNAB,O=[N+]([O-])c1cc([N+](=O)[O-])c(/N=N/c2c([N+](=O)[O-])cc([N+](=O)[O-])cc2[N+](=O)[O-])c([N+](=O)[O-])c1,-49.50%,-7.10%,24.80%,7838,26.3,9.07,,232.8,279,1.799,
,"4,4â?Bis(picrylamino)-3,3â?bisfurazanyl",BPABF,O=[N+]([O-])c1cc([N+](=O)[O-])c(Nc2nonc2-c2nonc2Nc2c([N+](=O)[O-])cc([N+](=O)[O-])cc2[N+](=O)[O-])c([N+](=O)[O-])c1,-56.90%,-13.60%,28.50%,7719,24.8,10,360,227.3,506.5,1.786,320
,"Hexanitrooxanilide, 2,2â?4,4â?,6â?Hexanitrooxanilide",HNO,O=C(Nc1c([N+](=O)[O-])cc([N+](=O)[O-])cc1[N+](=O)[O-])C(=O)Nc1c([N+](=O)[O-])cc([N+](=O)[O-])cc1[N+](=O)[O-],-53.30%,-9.40%,22%,7320,,14.22,,,,2.004,550
1272844,"Trinitroaniline, Picramide, Aminotrinitrobenzene,  Amino-2,4,6-trinitrobenzene",TNA,Nc1c([N+](=O)[O-])cc([N+](=O)[O-])cc1[N+](=O)[O-],-56.10%,-14%,24.50%,7442,22.5,15,353,210.7,72.8,1.762,346
195183,"Hexanitrohydrazobenzene,1,2-Bis(2,4,6-trinitrophenyl)hydrazine",HNHB,O=[N+]([O-])c1cc([N+](=O)[O-])c(NNc2c([N+](=O)[O-])cc([N+](=O)[O-])cc2[N+](=O)[O-])c([N+](=O)[O-])c1,-52.80%,-10.60%,24.70%,7360,25.26,18,,218,11,1.75,
,Bis[picrylazo] dinitropyridine,PADP,O=[N+]([O-])c1cc([N+](=O)[O-])c(/N=N/c2nc(/N=N/c3c([N+](=O)[O-])cc([N+](=O)[O-])cc3[N+](=O)[O-])c([N+](=O)[O-])cc2[N+](=O)[O-])c([N+](=O)[O-])c1,-50.70%,-8.70%,28.10%,7620,28.4,,,214.7,147.7,1.86,
1320648,"1,2,3,5-Tetranitrobenzene",TetNB,O=[N+]([O-])c1cc([N+](=O)[O-])c([N+](=O)[O-])c([N+](=O)[O-])c1,-31%,6.20%,21.70%,8530,33.38,7,,239.6,133.95,1.82,
,Picrylamino dinitrotoluene,PADNT,Cc1c([N+](=O)[O-])cc(Nc2c([N+](=O)[O-])cc([N+](=O)[O-])cc2[N+](=O)[O-])cc1[N+](=O)[O-],-78.40%,-27.40%,20.60%,6628,20.3,27,360,,,1.85,299
2369163,"(E)-1-nitro-2-(2,4,6-trinitrophenyl)guanidine",,N/C(=N\c1c([N+](=O)[O-])cc([N+](=O)[O-])cc1[N+](=O)[O-])N[N+](=O)[O-],-43.20%,-7.60%,31.10%,8113,28,35,192,232.5,93.38,1.77,211
,Tripicrylmelamine,TPM,O=[N+]([O-])c1cc([N+](=O)[O-])c(Nc2nc(Nc3c([N+](=O)[O-])cc([N+](=O)[O-])cc3[N+](=O)[O-])nc(Nc3c([N+](=O)[O-])cc([N+](=O)[O-])cc3[N+](=O)[O-])n2)c([N+](=O)[O-])c1,-60%,-15.80%,27.70%,7180,23.8,50,,,,1.75,290
,"1-(2,4,6-trinitrophenyl)guanidine",,N=C(N)Nc1c([N+](=O)[O-])cc([N+](=O)[O-])cc1[N+](=O)[O-],-65.10%,-23.70%,31.10%,7955,26.2,40,360,204.7,13.6,1.79,232
,"N,Nâ?Bis(1,2,4-triazol-3-yl)-4,4â?diamino-2,2â?3,3â?5,5â?  6,6â?octanitroazobenzene",BTDAONAB,O=[N+]([O-])c1c(/N=N\c2c([N+](=O)[O-])c([N+](=O)[O-])c(NC3N=CN=N3)c([N+](=O)[O-])c2[N+](=O)[O-])c([N+](=O)[O-])c([N+](=O)[O-])c(NC2N=CN=N2)c1[N+](=O)[O-],-43%,-6.80%,35.70%,8321,,,,,,1.97,550
258373,TNPyOX,TNPyOX,O=[N+]([O-])c1cc([N+](=O)[O-])[n+]([O-])c([N+](=O)[O-])c1,-27.80%,7%,24.30%,8615,33.7,1.5,157,261.5,98.7,1.86,170
895973,"Bis(aminoguanidinium) 1H,1‘H-5,5’-Bitetrazole-1,1‘-diolate",,NNC(N)=[NH2+].NNC(N)=[NH2+].[O-]n1nnnc1-c1nnnn1[O-],-65.40%,-45.20%,70.40%,8111,24.3,40,324,212,668.6,1.596,228
895963,"Dihydrazinium 1H,1‘H-5,5’-Bitetrazole-1,1‘-diolate",,N[NH3+].N[NH3+].[O-]n1nnnc1-c1nnnn1[O-],-47.80%,-34.20%,71.70%,9159,34,9,252,246,677.7,1.725,220
895965,"Bis(guanidinium) 1H,1‘H-5,5’-Bitetrazole-1,1‘-diolate",,NC(N)=[NH2+].NC(N)=[NH2+].[O-]n1nnnc1-c1nnnn1[O-],-66.60%,-44.40%,68%,7917,23.3,40,360,194,408,1.639,274
2063171,"1,3,4,5-tetraamino-4H-1,2,4-triazol-1-ium 1H,1'H-[5,5'-bitetrazole]-1,1'-bis(olate)",,Nc1n[n+](N)c(N)n1N.Nc1n[n+](N)c(N)n1N.[O-]n1nnnc1-c1nnnn1[O-],-67.20%,-44.80%,71.90%,8795,27.4,40,14.4,209.2,909.7,1.651,177
1479231,"Hydrazine 5,5’-bitetrazole-1,1’-diolate",HA·BTO,[NH3+][NH3+].[O-]n1nnnc1-c1nnnn1[O-],-39.60%,-23.70%,69.30%,8931,36.1,28,120,229.1,425.6,1.913,217.6
,"1,1′-(Ethane-5-yl)bis(3,4-diamino-1,2,4-triazolium) 5,5′-bitetrazole-1,1′-dioxide",,Nc1[nH+]nc(C=Cc2n[nH+]c(N)n2N)n1N.[O-]n1nnnc1-c1nnnn1[O-],-81.60%,-48.90%,64.20%,9444,33.4,20,360,291.9,2473.2,1.64,280
895974,"3,6-Bishydrazino-1,2,4,5-tetrazinium 1H,1‘H-5,5’-Bitetrazole-1,1‘- diolate",,[NH3+]Nc1nnc(N[NH3+])nn1.[O-]n1nnnc1-c1nnnn1[O-],-51.20%,-30.70%,71.70%,8788,32,40,80,236,987.9,1.787,180
900685,"1,3-Diamino-1,2,3-triazolium 5,5 -Bis(1-oxidotetrazolate)",,Nn1cc[n+](N)n1.Nn1cc[n+](N)n1.[O-]n1nnnc1-c1nnnn1[O-],-69.50%,-43.40%,68.40%,8860,31.9,2,14,255,1550.9,1.711,220
1436344,"Di(1-amino-1,2,3-triazolium) 5,5′-Bitetrazole-1,1′-diolate",2ATr.BTO,Nn1cc[nH+]n1.Nn1cc[nH+]n1.[O-]n1nnnc1-c1nnnn1[O-],-71%,-42.60%,66.20%,7957,27.2,32,,247.8,1273.6,1.691,247
,"3-Hydrazinium-4-amino-1H-1,2,4-triazolium 1H,1′H-5,5′- bitetrazole-1,1′-diolate",HATr.BTO,Nn1c[nH+]nc1N[NH3+].[O-]n1nnnc1-c1nnnn1[O-],-56.30%,-33.80%,69%,7206,22.4,18,,213,587.7,1.722,249
235586,"4,4’,6,6’-tetra(azido)hydrazo-1,3,5-triazine",,[N-]=[N+]=Nc1nc(N=[N+]=[N-])nc(NNc2nc(N=[N+]=[N-])nc(N=[N+]=[N-])n2)n1,-58.70%,-31.60%,79%,,,,,241.8,1753,1.65,202
,"Guanidinium 2-nitroamino-4,6-diazido[1,3,5]triazinate",,N[C+](N)N.[N-]=[N+]=Nc1nc(N=[N+]=[N-])nc([N-][N+](=O)[O-])n1,-51%,-28.30%,69.50%,7859,22.2,20,,227.4,765.61,1.6,190
,"Methanone, bis(2H-tetrazol-5-yl)-, oxime, compd. with 1,3,5-triazine-2,4,6-triamine (1:2)",,Nc1nc(N)[nH+]c(N)n1.Nc1nc(N)[nH+]c(N)n1.ON=C(c1nnn[n-]1)c1nnn[n-]1,-90.50%,-57.20%,67.80%,7123,16.4,40,,169.4,516,1.63,325.1
,"Aminocarbonylguanidinium 2-nitroamino-4,6-diazido[1,3,5]triazinate monohydrate",,NC(=O)N[C+](N)N.[N-]=[N+]=Nc1nc(N=[N+]=[N-])nc([N-][N+](=O)[O-])n1,-51.70%,-27.10%,64.60%,7675,21,40,,208.3,554.58,1.63,196
,"1,2,4,5-Tetrazino-3,6-diguanidinium 2-nitroamino-4,6-diazido[1,3,5]-triazinate",,N[C+](N)Nc1nnc(N[C+](N)N)nn1.[N-]=[N+]=Nc1nc(N=[N+]=[N-])nc([N-][N+](=O)[O-])n1.[N-]=[N+]=Nc1nc(N=[N+]=[N-])nc([N-][N+](=O)[O-])n1,-52.30%,-27.40%,69.70%,7768,22,40,,227.5,1911.72,1.63,193
,"Aminoguanidinium 2-nitroamino-4,6-diazido[1,3,5]triazinate",,NN[C+](N)N.[N-]=[N+]=Nc1nc(N=[N+]=[N-])nc([N-][N+](=O)[O-])n1,-51.10%,-29.60%,70.70%,8431,26.3,20,,231.8,857.53,1.68,168
,"4-Amino-1,2,4-triazolium 2-nitroamino-4,6-diazido[1,3,5]triazinate",,Nn1cn[nH+]c1.[N-]=[N+]=Nc1nc(N=[N+]=[N-])nc([N-][N+](=O)[O-])n1,-54.70%,-28.60%,68.40%,8178,25.3,25,,244.6,1130.27,1.68,130
789262,"Biguanidinium 2-nitroamino-4,6-diazido[1,3,5]triazinate monohydrate",,N[C+](N)N[C+](N)N.O.[N-]=[N+]=Nc1nc(N=[N+]=[N-])nc([N-][N+](=O)[O-])n1.[N-]=[N+]=Nc1nc(N=[N+]=[N-])nc([N-][N+](=O)[O-])n1,-46.70%,-24.10%,66.90%,7866,22.7,28,,235.3,1575.73,1.63,151
,"4,6-Diamino-1,3,5-triazin-2-aminium-5,5’,5’’,5’’’-(propane-1,1,3,3- tetrayl)titrate-trazol-1-ide",,C(C(c1nnn[n-]1)c1nnn[n-]1)C(c1nnn[n-]1)c1nnn[n-]1.Nc1nc(N)nc([NH3+])n1.Nc1nc(N)nc([NH3+])n1.Nc1nc(N)nc([NH3+])n1.Nc1nc(N)nc([NH3+])n1,-105.30%,-68.20%,68.20%,5640,12.8,,,167.7,1244,1.55,296
,"Guanizinium 2-nitroamino-4,6-diazido[1,3,5]triazinate",,Nc1n[nH+]c(N)n1N.[N-]=[N+]=Nc1nc(N=[N+]=[N-])nc([N-][N+](=O)[O-])n1,-54.60%,-30.80%,70.60%,8280,25.2,25,,232.1,1046.65,1.68,191
,"3,5-Diamino-1,2,4-triazolium 2-nitroamino-4,6-diazido[1,3,5]triazinate.",,Nc1n[nH+]c(N)[nH]1.[N-]=[N+]=Nc1nc(N=[N+]=[N-])nc([N-][N+](=O)[O-])n1,-54.60%,-29.80%,69.50%,8073,23.9,40,,229,964.17,1.67,158
,"2,6-diamino-4-((5-cyano-1H-1,2,3-triazol-4-yl)amino)-1,3,5-triazin-1-ium nitrate",,N#Cc1[nH]nnc1Nc1nc(N)[nH+]c(N)n1.O=[N+]([O-])[O-],-71.10%,-37%,54.80%,8257,24.41,40,360,197,333.4,1.8,334
,"1,1',1''-(1,3,5-triazine-2,4,6-triyl)tris(4-nitro-1H-pyrazole-3,5-diamine)",,Nc1nn(-c2nc(-n3nc(N)c([N+](=O)[O-])c3N)nc(-n3nc(N)c([N+](=O)[O-])c3N)n2)c(N)c1[N+](=O)[O-],-76.10%,-38.10%,50%,8310,25.7,50,360,196.3,544.4,1.82,387.7
,"1,3,5-Triazine-2,4,6-triamine, nitrate (1:1)",,Nc1nc(N)[nH+]c(N)n1.O=[N+]([O-])[O-],-55%,-29.60%,51.80%,7455,19.3,40,360,182.1,173.7,1.65,
,"2,4,6-Tris(2,2,2-trinitroethylnitramino)-1,3,5-triazine",TTET,O=[N+]([O-])C(CNc1nc(NCC([N+](=O)[O-])([N+](=O)[O-])[N+](=O)[O-])nc(NCC([N+](=O)[O-])([N+](=O)[O-])[N+](=O)[O-])n1)([N+](=O)[O-])[N+](=O)[O-],-11.70%,11.70%,34.10%,9000,37.64,21.5,,289,1175.9,1.886,186
,"3,6-bis-(2-(4,6-diazido-1,3,5-triazin-2-yl)-hydrazinyl)-1,2,4,5-tetrazine",,[N-]=[N+]=Nc1nc(N=[N+]=[N-])nc(NNc2nnc(NNc3nc(N=[N+]=[N-])nc(N=[N+]=[N-])n3)nn2)n1,-62%,-34.50%,78.40%,8365,26.8,7.4,35.3,235.1,2113.6,1.76,194
,"6-(3,5-diamino-4-nitro-1H-pyrazol-1-yl)- 1,3,5-triazine-2,4-diamine",,Nc1nc(N)nc(-n2nc(N)c([N+](=O)[O-])c2N)n1,-88.80%,-50.80%,55.50%,7983,22.6,40,360,206,484.1,1.76,360
741065,Melaminium dinitrate,MDN,Nc1nc(N)[nH+]c(N)[nH+]1.O=[N+]([O-])[O-].O=[N+]([O-])[O-],-25.40%,-6.30%,44.40%,7723,23.6,30,350,183.5,627.04,1.852,330
,"3,6-bis-(2-(4,6-diazido-1,3,5-triazin-2- yl)-azo)-1,2,4,5-tetrazine",,[N-]=[N+]=Nc1nc(N=[N+]=[N-])nc(/N=N/c2nnc(/N=N/c3nc(N=[N+]=[N-])nc(N=[N+]=[N-])n3)nn2)n1,-55.60%,-27.80%,79.10%,8602,29.4,5.3,29.1,261.1,2819.9,1.76,189
,"2,4,6-triamino-1,3-dihydroxy-1,3,5-triazine-1,3-diium 2H,2'H-[5,5'-bitetrazole]-2,2'-diylbis(dinitromethanide)",,Nc1nc(N)[n+](O)c(N)[n+]1O.O=[N+]([O-])[C-](n1nnc(-c2nnn([C-]([N+](=O)[O-])[N+](=O)[O-])n2)n1)[N+](=O)[O-],-25.40%,-3.20%,50%,9612,42.8,10,120,291.2,1639.9,1.904,146
,"5-amino-1-(4-amino-6-(5-amino-4-nitro-3-oxopyrazolidin-1-yl)-1,3,5-triazin-2-yl)-4-nitro-1,2-dihydro-3H-pyrazol-3-one",NPX-14,Nc1nc(N2NC(=O)C([N+](=O)[O-])C2N)nc(-n2[nH]c(=O)c([N+](=O)[O-])c2N)n1,-71.20%,-33.50%,43.90%,7864,23.2,50,360,,142,1.77,386.4
,"5-amino-1-(4,6-diamino-1,3,5-triazin-2-yl)-4-nitro-1,2-dihydro-3H-pyrazol-3-one",NPX-11,Nc1nc(N)nc(-n2[nH]c(=O)c([N+](=O)[O-])c2N)n1,-79%,-41.10%,49.80%,7938,22.1,50,360,183.4,109,1.76,363.1
,"1,1' -(6-amino-1,3,5-triazine-2,4-diyl)bis(4-nitro-1H-pyrazole-3,5-diamine)",,Nc1nc(-n2nc(N)c([N+](=O)[O-])c2N)nc(-n2nc(N)c([N+](=O)[O-])c2N)n1,-80.40%,-42.30%,51.80%,8384,27.5,35,360,229.1,963.7,1.8,386
,"3,5-diamino-1-(2,4-diamino-1,3,5-triazin-6-yl)-1H-1,2,4-triazole",,Nc1nc(N)nc(-n2nc(N)nc2N)n1,-107.60%,-69.20%,67.20%,8163,20.8,50,360,165.3,304.7,1.67,380.4
1223554,"Nitroguanidine, 2-Nitroguanidine, guanylnitramine",NQ,N=C(N)N[N+](=O)[O-],-30.70%,-15.40%,53.80%,8734,28.2,50,360,209.7,84.14,1.71,239
,"Aminonitroguanidinium 4,6-dione-3,5-dihydro-[1,3,5]triazin-2-ol",,N=C(NN)N[N+](=O)[O-].O=C1NC(=O)NC(O)N1,-51.20%,-25.60%,44.80%,8392.1,30.71,60,,252.2,337.5,1.75,202.1
,"3-Amino-6-nitroguanyl-1,2,4,5-tetrazine-1-N-oxide",,N=C(Nc1nnc(N)[n+]([O-])n1)N[N+](=O)[O-],-40.90%,-18.60%,58.60%,8580,29.1,26,360,259.7,627.8,1.77,177
2378454,"((5-(dinitromethyl)-4,5-dihydro-1H-pyrazol-1-yl)(iminio)methyl)(nitro)amide",,[NH2+]=C([N-][N+](=O)[O-])N1N=CCC1C([N+](=O)[O-])[N+](=O)[O-],-45.90%,-15.30%,37.50%,8322,28.9,25,240,255.6,337.3,1.735,96
831494,"Nitroaminoguanidine, N′-Nitrohydrazinecarboximidamide,  N′-Nitro-N-aminoguanidine, 1-Amino-3-nitro-guanidine",NAGu,N=C(NN)N[N+](=O)[O-],-33.60%,-20.20%,58.80%,8729,30.7,20,240,241.4,91.8,1.71,190
2378457,"((5-(dinitromethaneidyl)-4,5-dihydro-1H-pyrazol-1-yl)(iminio)methyl)(nitro)amide",,[NH2+]=C([N-][N+](=O)[O-])N1N=CCC1[C-]([N+](=O)[O-])[N+](=O)[O-].[NH4+],-51.80%,-23%,40.30%,8465,28.5,40,360,249.4,317.8,1.719,142
2378455,"((5-(dinitromethaneidyl)-4,5-dihydro-1H-pyrazol-1-yl)(iminio)methyl)(nitro)amide",,NC(N)=[NH2+].[NH2+]=C([N-][N+](=O)[O-])N1N=CCC1[C-]([N+](=O)[O-])[N+](=O)[O-],-60%,-30%,43.70%,8234,25.7,40,360,226.9,279.8,1.703,158
,2-Hydrazonyl malono-di-N-amino-nitroguanidine,,N=C(NNC(=O)C(=NN)C(=O)NNC(=N)N[N+](=O)[O-])N[N+](=O)[O-],-43.10%,-19.10%,50.30%,8228,25.9,40,360,220.3,184,1.73,209
927931,Ammonium 4-nitro-3-(5-tetrazole)furoxan,,O=[N+]([O-])c1no[n+]([O-])c1-c1nnn[n-]1.[NH4+],-29.60%,-7.40%,51.80%,8919,36.2,2,,260.3,427.4,1.84,142
,Aminoguanidinium 4-nitro-3-(5-tetrazole)furoxan,,NNC(N)=[NH2+].O=[N+]([O-])c1no[n+]([O-])c1-c1nnn[n-]1,-43.90%,-20.50%,56.40%,8103,26,10,,235.4,508,1.63,153
,"3,5-Diamino-1,2,4-triazolium 4-nitro-3-(5-tetrazole)furoxan",,Nc1n[nH+]c(N)[nH]1.O=[N+]([O-])c1no[n+]([O-])c1-c1nnn[n-]1,-48.30%,-21.50%,56.30%,8208,27.6,12,,231.3,608.3,1.72,182
,Diaminoguanidinium 4-nitro-3-(5-tetrazole)furoxan,,NNC(=[NH2+])NN.O=[N+]([O-])c1no[n+]([O-])c1-c1nnn[n-]1,-44.40%,-22.20%,58.30%,8882,33.6,12,,239.8,603.1,1.81,122
,"3,4,5-Triamino-1,2,4-triazolium 4-nitro-3-(5-tetrazole)furoxan",,Nc1n[nH+]c(N)n1N.O=[N+]([O-])c1no[n+]([O-])c1-c1nnn[n-]1,-48.50%,-23%,58.10%,8430,29.4,13,,234.5,690.1,1.75,180
,Triaminoguanidinium 4-nitro-3-(5-tetrazole)furoxan,,NNC(NN)=[NH+]N.O=[N+]([O-])c1no[n+]([O-])c1-c1nnn[n-]1,-44.90%,-23.70%,60%,8766,31.8,2,,245.5,720,1.75,133
927930,N-Carbamoylguanidinium 4-nitro-3-(5-tetrazole)furoxan,,NC(=[NH2+])NC(N)=O.O=[N+]([O-])c1no[n+]([O-])c1-c1nnn[n-]1,-45.20%,-18.60%,51.10%,7934,25.5,7,,209.8,199.6,1.7,213
,"3-Amino-1,2,4-triazolium 4-nitro-3-(5-tetrazole)furoxan",,Nc1n[nH+]c[nH]1.O=[N+]([O-])c1no[n+]([O-])c1-c1nnn[n-]1,-48%,-19.80%,54.40%,8331,29.2,40,,238,640.7,1.75,167
,Guanidinium 4-nitro-3-(5-tetrazole)furoxan,,NC(N)=[NH2+].O=[N+]([O-])c1no[n+]([O-])c1-c1nnn[n-]1,-43.40%,-18.60%,54.20%,8095,26.4,40,,229.8,406.3,1.67,159
1017969,1-(3’-methylfuroxanyl)methyleneamino guanidinium 5-nitrotetrazolate-2N-oxide,,Cc1c(/C=N/NC(N)=[NH2+])no[n+]1[O-].O=[N+]([O-])c1nnn([O-])n1,-58.40%,-27.90%,48.90%,8402,27.5,15,120,234.7,562.35,1.718,193.3
1017970,1-(3’-methylfuroxanyl)methyleneamino guanidinium 4-amino-3-(5-tetrazolate)furazan,,Cc1c(/C=N/NC(N)=[NH2+])no[n+]1[O-].Nc1nonc1-c1nnn[n-]1,-87.80%,-49.80%,54%,8082,23.8,38,360,224.5,847.06,1.67,151.1
,"1-(3’-methylfuroxanyl)methyleneamino guanidinium 2,4-dinitro-1,3-imidazolate",,Cc1c(/C=N/NC(N)=[NH2+])no[n+]1[O-].O=[N+]([O-])c1c[n-]c([N+](=O)[O-])n1,-70.10%,-32.70%,40.90%,8016,24.7,32,300,221.2,385.23,1.7,187.1
,"bis(1-(3’-methylfuroxanyl)methyleneamino guanidinium) 1,2-bis(4-(tetrazolato)-1,2,5-oxadiazol-3-yl) diazene",,Cc1c(/C=N/NC(N)=[NH2+])no[n+]1[O-].Cc1c(/C=N/NC(N)=[NH2+])no[n+]1[O-].N(=N/c1nonc1-c1nnn[n-]1)\c1nonc1-c1nnn[n-]1,-83.50%,-45.30%,54.30%,7768,21.9,35,320,204,1192.24,1.696,184.3
1582630,"3,4-Bis(40 -aminofuroxano-30 )furoxan",,Nc1no[n+]([O-])c1-c1no[n+]([O-])c1-c1c(N)no[n+]1[O-],-45%,-11.30%,39.40%,8480,31,13,240,247.7,492.8,1.787,183.6
,"(Z)-4',4'''-(diazene-1,2-diyl)bis(4-nitro-[3,3'-bi(1,2,5-oxadiazole)] 2,2'-dioxide)",,O=[N+]([O-])c1no[n+]([O-])c1-c1c(/N=N\c2no[n+]([O-])c2-c2c([N+](=O)[O-])no[n+]2[O-])no[n+]1[O-],-14%,14%,36.80%,9200,,3,31,279.4,1049,1.9,165
2192754,"4-amino-[1,2,5]oxadiazolo[3,4-d][1,2,4]triazolo[4,3-b]pyridazine 3-oxide",,Nc1nn2cnnc2c2no[n+]([O-])c12,-78.70%,-37.30%,50.70%,8817,32,40,128,222.8,501.3,1.939,195.3
2192753,"4-azido-[1,2,5]oxadiazolo[3,4-d][1,2,4]triazolo[4,3-b]pyridazine 3-oxide",,[N-]=[N+]=Nc1nn2cnnc2c2no[n+]([O-])c12,-62.10%,-25.60%,57.50%,8644,30.9,7,108,271.4,1177.3,1.773,183.7
,"(Z)-4,4''-(diazene-1,2-diyl)bis(4'-nitro-[3,3'-bi(1',2',5'-oxadiazole)] 2,5'-dioxide)",,O=[N+]([O-])c1c(-c2c(/N=N\c3no[n+]([O-])c3-c3no[n+]([O-])c3[N+](=O)[O-])no[n+]2[O-])no[n+]1[O-],-14%,14%,36.80%,9100,,1.6,35,280.1,1073,1.88,130
1582631,"tris([1,2,5]oxadiazolo)[3,4-c:3',4'-e:3'',4''-g][1,2]diazocine 1,4,11-trioxide",,[O-][n+]1onc2c1-c1no[n+]([O-])c1-c1c(no[n+]1[O-])N=N2,-34.30%,0%,40%,9417,39.6,19,80,280.9,894.9,1.895,161.1
,Guanidinium 5-(4-azidofuroxan-3-yl)tetrazol-1-ide,,NC(N)=[NH2+].[N-]=[N+]=Nc1no[n+]([O-])c1-c1nnn[n-]1,-56.70%,-31.50%,66.10%,7540,23.4,29,240,242.1,818,1.59,166
,"3,4-bis(5-amino-4-nitroisoxazol-3-yl)-1,2,5-oxadiazole 2-oxide",,Nc1onc(-c2no[n+]([O-])c2-c2noc(N)c2[N+](=O)[O-])c1[N+](=O)[O-],-47%,-9.40%,32.90%,7924,26.3,40,112,226.9,239,1.806,263.4
,"3-(5-amino-4-nitroisoxazol-3-yl)-4-nitro-1,2,5-oxadiazole 2-oxide",,Nc1onc(-c2c([N+](=O)[O-])no[n+]2[O-])c1[N+](=O)[O-],-24.80%,6.20%,32.50%,8339,29.9,40,96,258.7,198,1.76,221.4
,"2H-Tetrazole, 5-(4-azido-2-oxido-1,2,5-oxadiazol-3-yl)-, ammoniate (1:1) (ACI)",,[N-]=[N+]=Nc1no[n+]([O-])c1-c1nnn[n-]1.[NH4+],-45.30%,-22.60%,66%,8260,29.3,2.2,49,265.7,857,1.71,168
,"4-amino-3-(5-amino-4-nitroisoxazol-3-yl)-1,2,5-oxadiazole 2-oxide",,Nc1no[n+]([O-])c1-c1noc(N)c1[N+](=O)[O-],-49.10%,-14%,36.80%,7885,25.5,40,108,224,159.5,1.774,155.8
,"Dihydrazinium 3,3′-bis(1,2,4-oxadiazol-5-one-3-yl)-4,4′- azofuroxan",,N[NH3+].N[NH3+].O=c1[n-]c(-c2c(N=Nc3no[n+]([O-])c3-c3noc(=O)[n-]3)no[n+]2[O-])no1,-48.30%,-18.60%,45.60%,8453,29.3,15,120,251.1,887.15,1.71,174
,Hydrazinecarboxamidium 5-(4-azidofuroxan-3-yl)tetrazol-1-ide,,NC(=O)N[NH3+].[N-]=[N+]=Nc1no[n+]([O-])c1-c1nnn[n-]1,-47.40%,-23.70%,62.20%,8070,27.9,5,116,253,857,1.7,139
,"Diammonium 3,3′-bis(1,2,4-oxadiazol-5-one-3-yl)-4,4′- azofuroxan",,O=c1[n-]c(-c2c(N=Nc3no[n+]([O-])c3-c3noc(=O)[n-]3)no[n+]2[O-])no1.[NH4+].[NH4+],-48%,-16%,42%,8234,27.3,18,180,235.7,534.88,1.65,180
,"ammonium monoammonium mono(5,5'-(diazene-1,2-diylbis(2-oxido-1,2,5-oxadiazole-4,3-diyl))bis(tetrazol-1-ide))",,[NH4+].[NH4+].[O-][n+]1onc(N=Nc2no[n+]([O-])c2-c2nnn[n-]2)c1-c1nnn[n-]1,-52.10%,-26.10%,60.80%,7680,24.6,1.5,129,246.5,1104,1.69,173
,Aminoguanidinium 5-(4-azidofuroxan-3-yl)tetrazol-1-ide,,NNC(N)=[NH2+].[N-]=[N+]=Nc1no[n+]([O-])c1-c1nnn[n-]1,-56.50%,-32.70%,67.60%,7600,23.4,17,360,247.3,926,1.56,129
1936651,"3,3′-Bis(1,2,4-oxadiazol-5(4H)-one-3-yl)-4,4′-azofuroxan",,O=c1[nH]c(-c2c(N=Nc3no[n+]([O-])c3-c3noc(=O)[nH]3)no[n+]2[O-])no1,-39.30%,-4.40%,38.20%,8891,34.7,10,120,247.6,633.44,1.9,189
,"Guanidinium 5,5’-[diazene-1,2-diylbis(furoxan-4,3-diyl)]bis(tetrazol-1-ide)",,NC(N)=[NH2+].NC(N)=[NH2+].[O-][n+]1onc(N=Nc2no[n+]([O-])c2-c2nnn[n-]2)c1-c1nnn[n-]1,-63.70%,-35.40%,61.90%,6850,18.2,38,342,224.1,1076,1.46,148
,Triaminoguanidinium 5-(4-azidofuroxan-3-yl)tetrazol-1-ide,,NNC(NN)=[NH+]N.[N-]=[N+]=Nc1no[n+]([O-])c1-c1nnn[n-]1,-56.10%,-34.80%,70.20%,7900,25.4,2.7,43,255.9,1141,1.57,133
,"Dihydroxylammonium 3,3′-bis(1,2,4-oxadiazol-5-one-3-yl)-4,4′- azofuroxan",,O=c1[n-]c(-c2c(N=Nc3no[n+]([O-])c3-c3noc(=O)[n-]3)no[n+]2[O-])no1.[NH3+]O.[NH3+]O,-37%,-7.40%,38.90%,8445,30.7,17,120,262.1,666.58,1.72,161
,"3-(30 -methylfuroxanyl)methyleneamino-4-amino- 1,2,4-triazole",,Cc1c(/C=N/Nc2nncn2N)no[n+]1[O-],-99.90%,-57.10%,50%,7058,19.9,40,360,236,686.3,1.61,208
,"Dihydroxylammonium 3,3′-bis(5-nitramino-1,2,4-oxadiazole-3-yl)- 4,4′-azofuroxan",,O=[N+]([O-])[N-]c1nc(-c2c(N=Nc3no[n+]([O-])c3-c3noc([N-][N+](=O)[O-])n3)no[n+]2[O-])no1.[NH3+]O.[NH3+]O,-24.60%,0%,43.10%,8846,34.3,12,120,289.6,1405.62,1.72,168
1825381,"Diammonium 3,3′-bis(5-nitramino-1,2,4-oxadiazole-3-yl)-4,4′- azofuroxan",,O=[N+]([O-])[N-]c1nc(-c2c(N=Nc3no[n+]([O-])c3-c3noc([N-][N+](=O)[O-])n3)no[n+]2[O-])no1.[NH4+].[NH4+],-32.80%,-6.60%,45.90%,8357,28.9,14,120,267.9,1060.87,1.66,180
,"Guanidinium 3,3′-bis(1,2,4-oxadiazol-5-one-3-yl)-4,4′- azofuroxan",,NC(N)=[NH2+].NC(N)=[NH2+].O=c1[n-]c(-c2c(N=Nc3no[n+]([O-])c3-c3noc(=O)[n-]3)no[n+]2[O-])no1,-59.50%,-26.40%,46.30%,8150,26.7,22,180,216,504.79,1.65,168
1911347,"7-Hydroxy-difurazano[3,4-b:3′ ,4′ -f]furoxano[3′′,4′′ -d] azepine",,[O-][n+]1onc2c1-c1nonc1N(O)c1nonc1-2,-47.80%,-9.60%,39%,8875,35,21,360,262,714.6,1.92,160.6
,"Dihydrazinium 3,3′-bis(5-nitramino-1,2,4-oxadiazole-3-yl)-4,4′- azofuroxan",,N[NH3+].N[NH3+].O=[N+]([O-])[N-]c1nc(-c2c(N=Nc3no[n+]([O-])c3-c3noc([N-][N+](=O)[O-])n3)no[n+]2[O-])no1,-34%,-9.30%,48.60%,8860,31.9,10,120,267.8,1187.52,1.74,165
,"3,3′-Bis(5-nitramino-1,2,4-oxadiazole-3-yl)-4,4′-azofuroxan",,O=[N+]([O-])Nc1nc(-c2c(N=Nc3no[n+]([O-])c3-c3noc(N[N+](=O)[O-])n3)no[n+]2[O-])no1,-24.70%,3.50%,43.20%,9505,41.3,4,80,279.7,1241.13,1.92,126
,"3-(3‘ -methylfuroxanyl)methyleneamino-4-amino- 1,2,4-triazole nitrate",,Cc1c(/C=N/Nc2n[nH+]cn2N)no[n+]1[O-].O=[N+]([O-])[O-],-64.10%,-30.60%,43.90%,7614,24.1,28,336,247.1,602.4,1.62,190
,"amino(hydrazinyl)methaniminium (E)-nitro(3-(nitroimino)-2,7-dihydro-3H-[1,2,4]triazolo[4,3-b][1,2,4]triazol-6-yl)amide",,NNC(N)=[NH2+].O=[N+]([O-])/N=c1\[nH]nc2[nH]c([N-][N+](=O)[O-])nn12,-44.90%,-23.70%,60%,8789,29.2,8,180,228.6,517.7,1.77,202
1564699,"Triammonium ((nitromethanidylene)bis(1,3,4-oxadiazole-5,2- diyl))bis(dinitromethanide)",,O=[N+]([O-])[C-](c1nnc([C-]([N+](=O)[O-])[N+](=O)[O-])o1)c1nnc([C-]([N+](=O)[O-])[N+](=O)[O-])o1.[NH4+].[NH4+].[NH4+],-28.10%,-3.50%,36.80%,8042,26.7,28,240,222,501.88,1.74,174
628775,"4-Amino-1,2,4-triazolium Nitroformate",,Nn1cn[nH+]c1.O=[N+]([O-])[C-]([N+](=O)[O-])[N+](=O)[O-],-17%,3.40%,41.70%,8079,26.6,,,267.6,163.5,1.62,167
,"3,3’ -diamino-4,4’ -azo-1,2,4-triazole nitroformate",,Nc1[nH+]ncn1N=Nn1cn[nH+]c1N.O=[N+]([O-])[C-]([N+](=O)[O-])[N+](=O)[O-].O=[N+]([O-])[C-]([N+](=O)[O-])[N+](=O)[O-],-12.90%,6.40%,45.10%,9569,42.9,,,291,1393.5,1.87,80.2
